ISO-10303-21;
HEADER;
FILE_DESCRIPTION(('Open CASCADE Model'),'2;1');
FILE_NAME('Open CASCADE Shape Model','2026-09-29T03:19:55',('Author'),(
    'Open CASCADE'),'Open CASCADE STEP processor 7.9','Open CASCADE 7.9'
  ,'Unknown');
FILE_SCHEMA(('AUTOMOTIVE_DESIGN { 1 0 10303 214 1 1 1 1 }'));
ENDSEC;
DATA;
#1 = APPLICATION_PROTOCOL_DEFINITION('international standard',
  'automotive_design',2000,#2);
#2 = APPLICATION_CONTEXT(
  'core data for automotive mechanical design processes');
#3 = SHAPE_DEFINITION_REPRESENTATION(#4,#10);
#4 = PRODUCT_DEFINITION_SHAPE('','',#5);
#5 = PRODUCT_DEFINITION('design','',#6,#9);
#6 = PRODUCT_DEFINITION_FORMATION('','',#7);
#7 = PRODUCT('Open CASCADE STEP translator 7.9 2',
  'Open CASCADE STEP translator 7.9 2','',(#8));
#8 = PRODUCT_CONTEXT('',#2,'mechanical');
#9 = PRODUCT_DEFINITION_CONTEXT('part definition',#2,'design');
#10 = ADVANCED_BREP_SHAPE_REPRESENTATION('',(#11,#15),#7210);
#11 = AXIS2_PLACEMENT_3D('',#12,#13,#14);
#12 = CARTESIAN_POINT('',(0.,0.,0.));
#13 = DIRECTION('',(0.,0.,1.));
#14 = DIRECTION('',(1.,0.,-0.));
#15 = MANIFOLD_SOLID_BREP('',#16);
#16 = CLOSED_SHELL('',(#17,#317,#456,#516,#842,#990,#1214,#1272,#1571,
    #1717,#1828,#1855,#2011,#2071,#2213,#2240,#2351,#2784,#2919,#2943,
    #3027,#3078,#3548,#3628,#3634,#3714,#3720,#3794,#3912,#3950,#3988,
    #4025,#4034,#4259,#4298,#4374,#4424,#4478,#4527,#4576,#4630,#4680,
    #4707,#4746,#4801,#4840,#4879,#5104,#5159,#5214,#5273,#5328,#5383,
    #5438,#5493,#5547,#5868,#5895,#5934,#5961,#5988,#6043,#6098,#6157,
    #6212,#6266,#6321,#6376,#6380,#6384,#6419,#6423,#6502,#6506,#6510,
    #6582,#6631,#6683,#6715,#6765,#6814,#6842,#7119,#7123,#7127,#7157,
    #7161,#7165,#7169,#7199));
#17 = ADVANCED_FACE('',(#18),#32,.F.);
#18 = FACE_BOUND('',#19,.F.);
#19 = EDGE_LOOP('',(#20,#55,#83,#111,#139,#167,#195,#223,#255,#283));
#20 = ORIENTED_EDGE('',*,*,#21,.F.);
#21 = EDGE_CURVE('',#22,#24,#26,.T.);
#22 = VERTEX_POINT('',#23);
#23 = CARTESIAN_POINT('',(-40.,-43.73151226361,-36.44132100728));
#24 = VERTEX_POINT('',#25);
#25 = CARTESIAN_POINT('',(-40.,-54.11594202898,-64.));
#26 = SURFACE_CURVE('',#27,(#31,#43),.PCURVE_S1.);
#27 = LINE('',#28,#29);
#28 = CARTESIAN_POINT('',(-40.,-30.,0.));
#29 = VECTOR('',#30,1.);
#30 = DIRECTION('',(0.,-0.352609234174,-0.935770659924));
#31 = PCURVE('',#32,#37);
#32 = PLANE('',#33);
#33 = AXIS2_PLACEMENT_3D('',#34,#35,#36);
#34 = CARTESIAN_POINT('',(-40.,-30.,0.));
#35 = DIRECTION('',(0.,0.935770659924,-0.352609234174));
#36 = DIRECTION('',(0.,-0.352609234174,-0.935770659924));
#37 = DEFINITIONAL_REPRESENTATION('',(#38),#42);
#38 = LINE('',#39,#40);
#39 = CARTESIAN_POINT('',(0.,0.));
#40 = VECTOR('',#41,1.);
#41 = DIRECTION('',(1.,0.));
#42 = ( GEOMETRIC_REPRESENTATION_CONTEXT(2) 
PARAMETRIC_REPRESENTATION_CONTEXT() REPRESENTATION_CONTEXT('2D SPACE',''
  ) );
#43 = PCURVE('',#44,#49);
#44 = PLANE('',#45);
#45 = AXIS2_PLACEMENT_3D('',#46,#47,#48);
#46 = CARTESIAN_POINT('',(-40.,0.,-40.1155150515));
#47 = DIRECTION('',(1.,0.,0.));
#48 = DIRECTION('',(-0.,0.,1.));
#49 = DEFINITIONAL_REPRESENTATION('',(#50),#54);
#50 = LINE('',#51,#52);
#51 = CARTESIAN_POINT('',(40.115515051504,30.));
#52 = VECTOR('',#53,1.);
#53 = DIRECTION('',(-0.935770659924,0.352609234174));
#54 = ( GEOMETRIC_REPRESENTATION_CONTEXT(2) 
PARAMETRIC_REPRESENTATION_CONTEXT() REPRESENTATION_CONTEXT('2D SPACE',''
  ) );
#55 = ORIENTED_EDGE('',*,*,#56,.F.);
#56 = EDGE_CURVE('',#57,#22,#59,.T.);
#57 = VERTEX_POINT('',#58);
#58 = CARTESIAN_POINT('',(-30.,-43.73151226361,-36.44132100728));
#59 = SURFACE_CURVE('',#60,(#64,#71),.PCURVE_S1.);
#60 = LINE('',#61,#62);
#61 = CARTESIAN_POINT('',(-34.,-43.73151226361,-36.44132100728));
#62 = VECTOR('',#63,1.);
#63 = DIRECTION('',(-1.,-0.,-0.));
#64 = PCURVE('',#32,#65);
#65 = DEFINITIONAL_REPRESENTATION('',(#66),#70);
#66 = LINE('',#67,#68);
#67 = CARTESIAN_POINT('',(38.942577030821,-6.));
#68 = VECTOR('',#69,1.);
#69 = DIRECTION('',(0.,1.));
#70 = ( GEOMETRIC_REPRESENTATION_CONTEXT(2) 
PARAMETRIC_REPRESENTATION_CONTEXT() REPRESENTATION_CONTEXT('2D SPACE',''
  ) );
#71 = PCURVE('',#72,#77);
#72 = CYLINDRICAL_SURFACE('',#73,4.);
#73 = AXIS2_PLACEMENT_3D('',#74,#75,#76);
#74 = CARTESIAN_POINT('',(-34.,-47.47459490331,-35.03088407058));
#75 = DIRECTION('',(-1.,-0.,-0.));
#76 = DIRECTION('',(0.,0.935770659924,-0.352609234174));
#77 = DEFINITIONAL_REPRESENTATION('',(#78),#82);
#78 = LINE('',#79,#80);
#79 = CARTESIAN_POINT('',(-0.,0.));
#80 = VECTOR('',#81,1.);
#81 = DIRECTION('',(-0.,1.));
#82 = ( GEOMETRIC_REPRESENTATION_CONTEXT(2) 
PARAMETRIC_REPRESENTATION_CONTEXT() REPRESENTATION_CONTEXT('2D SPACE',''
  ) );
#83 = ORIENTED_EDGE('',*,*,#84,.F.);
#84 = EDGE_CURVE('',#85,#57,#87,.T.);
#85 = VERTEX_POINT('',#86);
#86 = CARTESIAN_POINT('',(-30.,-39.79528950508,-25.99519137888));
#87 = SURFACE_CURVE('',#88,(#92,#99),.PCURVE_S1.);
#88 = LINE('',#89,#90);
#89 = CARTESIAN_POINT('',(-30.,-39.11920979389,-24.20097983763));
#90 = VECTOR('',#91,1.);
#91 = DIRECTION('',(0.,-0.352609234174,-0.935770659924));
#92 = PCURVE('',#32,#93);
#93 = DEFINITIONAL_REPRESENTATION('',(#94),#98);
#94 = LINE('',#95,#96);
#95 = CARTESIAN_POINT('',(25.862084455174,-10.));
#96 = VECTOR('',#97,1.);
#97 = DIRECTION('',(1.,0.));
#98 = ( GEOMETRIC_REPRESENTATION_CONTEXT(2) 
PARAMETRIC_REPRESENTATION_CONTEXT() REPRESENTATION_CONTEXT('2D SPACE',''
  ) );
#99 = PCURVE('',#100,#105);
#100 = CYLINDRICAL_SURFACE('',#101,4.);
#101 = AXIS2_PLACEMENT_3D('',#102,#103,#104);
#102 = CARTESIAN_POINT('',(-30.,-42.86229243358,-22.79054290093));
#103 = DIRECTION('',(0.,-0.352609234174,-0.935770659924));
#104 = DIRECTION('',(0.,0.935770659924,-0.352609234174));
#105 = DEFINITIONAL_REPRESENTATION('',(#106),#110);
#106 = LINE('',#107,#108);
#107 = CARTESIAN_POINT('',(-0.,0.));
#108 = VECTOR('',#109,1.);
#109 = DIRECTION('',(-0.,1.));
#110 = ( GEOMETRIC_REPRESENTATION_CONTEXT(2) 
PARAMETRIC_REPRESENTATION_CONTEXT() REPRESENTATION_CONTEXT('2D SPACE',''
  ) );
#111 = ORIENTED_EDGE('',*,*,#112,.F.);
#112 = EDGE_CURVE('',#113,#85,#115,.T.);
#113 = VERTEX_POINT('',#114);
#114 = CARTESIAN_POINT('',(30.,-39.79528950508,-25.99519137888));
#115 = SURFACE_CURVE('',#116,(#120,#127),.PCURVE_S1.);
#116 = LINE('',#117,#118);
#117 = CARTESIAN_POINT('',(34.,-39.79528950508,-25.99519137888));
#118 = VECTOR('',#119,1.);
#119 = DIRECTION('',(-1.,-0.,-0.));
#120 = PCURVE('',#32,#121);
#121 = DEFINITIONAL_REPRESENTATION('',(#122),#126);
#122 = LINE('',#123,#124);
#123 = CARTESIAN_POINT('',(27.779446922375,-74.));
#124 = VECTOR('',#125,1.);
#125 = DIRECTION('',(0.,1.));
#126 = ( GEOMETRIC_REPRESENTATION_CONTEXT(2) 
PARAMETRIC_REPRESENTATION_CONTEXT() REPRESENTATION_CONTEXT('2D SPACE',''
  ) );
#127 = PCURVE('',#128,#133);
#128 = CYLINDRICAL_SURFACE('',#129,4.);
#129 = AXIS2_PLACEMENT_3D('',#130,#131,#132);
#130 = CARTESIAN_POINT('',(34.,-43.53837214478,-24.58475444218));
#131 = DIRECTION('',(-1.,-0.,-0.));
#132 = DIRECTION('',(0.,0.935770659924,-0.352609234174));
#133 = DEFINITIONAL_REPRESENTATION('',(#134),#138);
#134 = LINE('',#135,#136);
#135 = CARTESIAN_POINT('',(-0.,0.));
#136 = VECTOR('',#137,1.);
#137 = DIRECTION('',(-0.,1.));
#138 = ( GEOMETRIC_REPRESENTATION_CONTEXT(2) 
PARAMETRIC_REPRESENTATION_CONTEXT() REPRESENTATION_CONTEXT('2D SPACE',''
  ) );
#139 = ORIENTED_EDGE('',*,*,#140,.T.);
#140 = EDGE_CURVE('',#113,#141,#143,.T.);
#141 = VERTEX_POINT('',#142);
#142 = CARTESIAN_POINT('',(30.,-43.73151226361,-36.44132100728));
#143 = SURFACE_CURVE('',#144,(#148,#155),.PCURVE_S1.);
#144 = LINE('',#145,#146);
#145 = CARTESIAN_POINT('',(30.,-39.11920979389,-24.20097983763));
#146 = VECTOR('',#147,1.);
#147 = DIRECTION('',(0.,-0.352609234174,-0.935770659924));
#148 = PCURVE('',#32,#149);
#149 = DEFINITIONAL_REPRESENTATION('',(#150),#154);
#150 = LINE('',#151,#152);
#151 = CARTESIAN_POINT('',(25.862084455174,-70.));
#152 = VECTOR('',#153,1.);
#153 = DIRECTION('',(1.,0.));
#154 = ( GEOMETRIC_REPRESENTATION_CONTEXT(2) 
PARAMETRIC_REPRESENTATION_CONTEXT() REPRESENTATION_CONTEXT('2D SPACE',''
  ) );
#155 = PCURVE('',#156,#161);
#156 = CYLINDRICAL_SURFACE('',#157,4.);
#157 = AXIS2_PLACEMENT_3D('',#158,#159,#160);
#158 = CARTESIAN_POINT('',(30.,-42.86229243358,-22.79054290093));
#159 = DIRECTION('',(0.,-0.352609234174,-0.935770659924));
#160 = DIRECTION('',(0.,0.935770659924,-0.352609234174));
#161 = DEFINITIONAL_REPRESENTATION('',(#162),#166);
#162 = LINE('',#163,#164);
#163 = CARTESIAN_POINT('',(0.,0.));
#164 = VECTOR('',#165,1.);
#165 = DIRECTION('',(0.,1.));
#166 = ( GEOMETRIC_REPRESENTATION_CONTEXT(2) 
PARAMETRIC_REPRESENTATION_CONTEXT() REPRESENTATION_CONTEXT('2D SPACE',''
  ) );
#167 = ORIENTED_EDGE('',*,*,#168,.F.);
#168 = EDGE_CURVE('',#169,#141,#171,.T.);
#169 = VERTEX_POINT('',#170);
#170 = CARTESIAN_POINT('',(40.,-43.73151226361,-36.44132100728));
#171 = SURFACE_CURVE('',#172,(#176,#183),.PCURVE_S1.);
#172 = LINE('',#173,#174);
#173 = CARTESIAN_POINT('',(40.,-43.73151226361,-36.44132100728));
#174 = VECTOR('',#175,1.);
#175 = DIRECTION('',(-1.,-0.,-0.));
#176 = PCURVE('',#32,#177);
#177 = DEFINITIONAL_REPRESENTATION('',(#178),#182);
#178 = LINE('',#179,#180);
#179 = CARTESIAN_POINT('',(38.942577030821,-80.));
#180 = VECTOR('',#181,1.);
#181 = DIRECTION('',(0.,1.));
#182 = ( GEOMETRIC_REPRESENTATION_CONTEXT(2) 
PARAMETRIC_REPRESENTATION_CONTEXT() REPRESENTATION_CONTEXT('2D SPACE',''
  ) );
#183 = PCURVE('',#184,#189);
#184 = CYLINDRICAL_SURFACE('',#185,4.);
#185 = AXIS2_PLACEMENT_3D('',#186,#187,#188);
#186 = CARTESIAN_POINT('',(40.,-47.47459490331,-35.03088407058));
#187 = DIRECTION('',(-1.,-0.,-0.));
#188 = DIRECTION('',(0.,0.935770659924,-0.352609234174));
#189 = DEFINITIONAL_REPRESENTATION('',(#190),#194);
#190 = LINE('',#191,#192);
#191 = CARTESIAN_POINT('',(-0.,0.));
#192 = VECTOR('',#193,1.);
#193 = DIRECTION('',(-0.,1.));
#194 = ( GEOMETRIC_REPRESENTATION_CONTEXT(2) 
PARAMETRIC_REPRESENTATION_CONTEXT() REPRESENTATION_CONTEXT('2D SPACE',''
  ) );
#195 = ORIENTED_EDGE('',*,*,#196,.T.);
#196 = EDGE_CURVE('',#169,#197,#199,.T.);
#197 = VERTEX_POINT('',#198);
#198 = CARTESIAN_POINT('',(40.,-54.11594202898,-64.));
#199 = SURFACE_CURVE('',#200,(#204,#211),.PCURVE_S1.);
#200 = LINE('',#201,#202);
#201 = CARTESIAN_POINT('',(40.,-30.,0.));
#202 = VECTOR('',#203,1.);
#203 = DIRECTION('',(0.,-0.352609234174,-0.935770659924));
#204 = PCURVE('',#32,#205);
#205 = DEFINITIONAL_REPRESENTATION('',(#206),#210);
#206 = LINE('',#207,#208);
#207 = CARTESIAN_POINT('',(0.,-80.));
#208 = VECTOR('',#209,1.);
#209 = DIRECTION('',(1.,0.));
#210 = ( GEOMETRIC_REPRESENTATION_CONTEXT(2) 
PARAMETRIC_REPRESENTATION_CONTEXT() REPRESENTATION_CONTEXT('2D SPACE',''
  ) );
#211 = PCURVE('',#212,#217);
#212 = PLANE('',#213);
#213 = AXIS2_PLACEMENT_3D('',#214,#215,#216);
#214 = CARTESIAN_POINT('',(40.,0.,-40.1155150515));
#215 = DIRECTION('',(1.,0.,0.));
#216 = DIRECTION('',(-0.,0.,1.));
#217 = DEFINITIONAL_REPRESENTATION('',(#218),#222);
#218 = LINE('',#219,#220);
#219 = CARTESIAN_POINT('',(40.115515051504,30.));
#220 = VECTOR('',#221,1.);
#221 = DIRECTION('',(-0.935770659924,0.352609234174));
#222 = ( GEOMETRIC_REPRESENTATION_CONTEXT(2) 
PARAMETRIC_REPRESENTATION_CONTEXT() REPRESENTATION_CONTEXT('2D SPACE',''
  ) );
#223 = ORIENTED_EDGE('',*,*,#224,.F.);
#224 = EDGE_CURVE('',#225,#197,#227,.T.);
#225 = VERTEX_POINT('',#226);
#226 = CARTESIAN_POINT('',(40.321146700379,-54.78027826728,
    -65.76304617087));
#227 = SURFACE_CURVE('',#228,(#233,#240),.PCURVE_S1.);
#228 = ELLIPSE('',#229,5.343189537921,5.);
#229 = AXIS2_PLACEMENT_3D('',#230,#231,#232);
#230 = CARTESIAN_POINT('',(45.,-54.11594202898,-64.));
#231 = DIRECTION('',(0.,0.935770659924,-0.352609234174));
#232 = DIRECTION('',(0.,0.352609234174,0.935770659924));
#233 = PCURVE('',#32,#234);
#234 = DEFINITIONAL_REPRESENTATION('',(#235),#239);
#235 = ELLIPSE('',#236,5.343189537921,5.);
#236 = AXIS2_PLACEMENT_2D('',#237,#238);
#237 = CARTESIAN_POINT('',(68.392826085383,-85.));
#238 = DIRECTION('',(-1.,0.));
#239 = ( GEOMETRIC_REPRESENTATION_CONTEXT(2) 
PARAMETRIC_REPRESENTATION_CONTEXT() REPRESENTATION_CONTEXT('2D SPACE',''
  ) );
#240 = PCURVE('',#241,#246);
#241 = CYLINDRICAL_SURFACE('',#242,5.);
#242 = AXIS2_PLACEMENT_3D('',#243,#244,#245);
#243 = CARTESIAN_POINT('',(45.,-56.,-64.));
#244 = DIRECTION('',(0.,1.,0.));
#245 = DIRECTION('',(0.,0.,-1.));
#246 = DEFINITIONAL_REPRESENTATION('',(#247),#254);
#247 = B_SPLINE_CURVE_WITH_KNOTS('',5,(#248,#249,#250,#251,#252,#253),
  .UNSPECIFIED.,.F.,.F.,(6,6),(4.35203100986,4.712388980385),
  .PIECEWISE_BEZIER_KNOTS.);
#248 = CARTESIAN_POINT('',(1.21043835627,1.219721732715));
#249 = CARTESIAN_POINT('',(1.282509950375,1.34678728073));
#250 = CARTESIAN_POINT('',(1.35458154448,1.478166268152));
#251 = CARTESIAN_POINT('',(1.426653138585,1.612483828357));
#252 = CARTESIAN_POINT('',(1.49872473269,1.748270909657));
#253 = CARTESIAN_POINT('',(1.570796326795,1.884057971014));
#254 = ( GEOMETRIC_REPRESENTATION_CONTEXT(2) 
PARAMETRIC_REPRESENTATION_CONTEXT() REPRESENTATION_CONTEXT('2D SPACE',''
  ) );
#255 = ORIENTED_EDGE('',*,*,#256,.F.);
#256 = EDGE_CURVE('',#257,#225,#259,.T.);
#257 = VERTEX_POINT('',#258);
#258 = CARTESIAN_POINT('',(-40.32114670037,-54.78027826728,
    -65.76304617087));
#259 = SURFACE_CURVE('',#260,(#264,#271),.PCURVE_S1.);
#260 = LINE('',#261,#262);
#261 = CARTESIAN_POINT('',(-40.,-54.78027826728,-65.76304617087));
#262 = VECTOR('',#263,1.);
#263 = DIRECTION('',(1.,0.,0.));
#264 = PCURVE('',#32,#265);
#265 = DEFINITIONAL_REPRESENTATION('',(#266),#270);
#266 = LINE('',#267,#268);
#267 = CARTESIAN_POINT('',(70.276884056397,0.));
#268 = VECTOR('',#269,1.);
#269 = DIRECTION('',(0.,-1.));
#270 = ( GEOMETRIC_REPRESENTATION_CONTEXT(2) 
PARAMETRIC_REPRESENTATION_CONTEXT() REPRESENTATION_CONTEXT('2D SPACE',''
  ) );
#271 = PCURVE('',#272,#277);
#272 = CYLINDRICAL_SURFACE('',#273,5.);
#273 = AXIS2_PLACEMENT_3D('',#274,#275,#276);
#274 = CARTESIAN_POINT('',(-40.,-59.4591315669,-64.));
#275 = DIRECTION('',(1.,0.,0.));
#276 = DIRECTION('',(0.,0.,-1.));
#277 = DEFINITIONAL_REPRESENTATION('',(#278),#282);
#278 = LINE('',#279,#280);
#279 = CARTESIAN_POINT('',(1.21043835627,0.));
#280 = VECTOR('',#281,1.);
#281 = DIRECTION('',(0.,1.));
#282 = ( GEOMETRIC_REPRESENTATION_CONTEXT(2) 
PARAMETRIC_REPRESENTATION_CONTEXT() REPRESENTATION_CONTEXT('2D SPACE',''
  ) );
#283 = ORIENTED_EDGE('',*,*,#284,.T.);
#284 = EDGE_CURVE('',#257,#24,#285,.T.);
#285 = SURFACE_CURVE('',#286,(#291,#302),.PCURVE_S1.);
#286 = ELLIPSE('',#287,5.343189537921,5.);
#287 = AXIS2_PLACEMENT_3D('',#288,#289,#290);
#288 = CARTESIAN_POINT('',(-45.,-54.11594202898,-64.));
#289 = DIRECTION('',(0.,-0.935770659924,0.352609234174));
#290 = DIRECTION('',(0.,0.352609234174,0.935770659924));
#291 = PCURVE('',#32,#292);
#292 = DEFINITIONAL_REPRESENTATION('',(#293),#301);
#293 = ( BOUNDED_CURVE() B_SPLINE_CURVE(2,(#294,#295,#296,#297,#298,#299
,#300),.UNSPECIFIED.,.T.,.F.) B_SPLINE_CURVE_WITH_KNOTS((1,2,2,2,2,1),(
    -2.094395102393,0.,2.094395102393,4.188790204786,6.28318530718,
8.377580409573),.UNSPECIFIED.) CURVE() GEOMETRIC_REPRESENTATION_ITEM() 
RATIONAL_B_SPLINE_CURVE((1.,0.5,1.,0.5,1.,0.5,1.)) REPRESENTATION_ITEM(
  '') );
#294 = CARTESIAN_POINT('',(63.049636547462,5.));
#295 = CARTESIAN_POINT('',(63.049636547462,13.660254037844));
#296 = CARTESIAN_POINT('',(71.064420854343,9.330127018922));
#297 = CARTESIAN_POINT('',(79.079205161224,5.));
#298 = CARTESIAN_POINT('',(71.064420854343,0.669872981078));
#299 = CARTESIAN_POINT('',(63.049636547462,-3.660254037844));
#300 = CARTESIAN_POINT('',(63.049636547462,5.));
#301 = ( GEOMETRIC_REPRESENTATION_CONTEXT(2) 
PARAMETRIC_REPRESENTATION_CONTEXT() REPRESENTATION_CONTEXT('2D SPACE',''
  ) );
#302 = PCURVE('',#303,#308);
#303 = CYLINDRICAL_SURFACE('',#304,5.);
#304 = AXIS2_PLACEMENT_3D('',#305,#306,#307);
#305 = CARTESIAN_POINT('',(-45.,-56.,-64.));
#306 = DIRECTION('',(0.,1.,0.));
#307 = DIRECTION('',(0.,0.,-1.));
#308 = DEFINITIONAL_REPRESENTATION('',(#309),#316);
#309 = B_SPLINE_CURVE_WITH_KNOTS('',5,(#310,#311,#312,#313,#314,#315),
  .UNSPECIFIED.,.F.,.F.,(6,6),(4.35203100986,4.712388980385),
  .PIECEWISE_BEZIER_KNOTS.);
#310 = CARTESIAN_POINT('',(-1.21043835627,1.219721732715));
#311 = CARTESIAN_POINT('',(-1.282509950375,1.34678728073));
#312 = CARTESIAN_POINT('',(-1.35458154448,1.478166268152));
#313 = CARTESIAN_POINT('',(-1.426653138585,1.612483828357));
#314 = CARTESIAN_POINT('',(-1.49872473269,1.748270909657));
#315 = CARTESIAN_POINT('',(-1.570796326795,1.884057971014));
#316 = ( GEOMETRIC_REPRESENTATION_CONTEXT(2) 
PARAMETRIC_REPRESENTATION_CONTEXT() REPRESENTATION_CONTEXT('2D SPACE',''
  ) );
#317 = ADVANCED_FACE('',(#318),#44,.F.);
#318 = FACE_BOUND('',#319,.F.);
#319 = EDGE_LOOP('',(#320,#321,#344,#372,#405,#434));
#320 = ORIENTED_EDGE('',*,*,#21,.T.);
#321 = ORIENTED_EDGE('',*,*,#322,.T.);
#322 = EDGE_CURVE('',#24,#323,#325,.T.);
#323 = VERTEX_POINT('',#324);
#324 = CARTESIAN_POINT('',(-40.,54.115942028986,-64.));
#325 = SURFACE_CURVE('',#326,(#330,#337),.PCURVE_S1.);
#326 = LINE('',#327,#328);
#327 = CARTESIAN_POINT('',(-40.,-56.,-64.));
#328 = VECTOR('',#329,1.);
#329 = DIRECTION('',(0.,1.,0.));
#330 = PCURVE('',#44,#331);
#331 = DEFINITIONAL_REPRESENTATION('',(#332),#336);
#332 = LINE('',#333,#334);
#333 = CARTESIAN_POINT('',(-23.88448494849,56.));
#334 = VECTOR('',#335,1.);
#335 = DIRECTION('',(0.,-1.));
#336 = ( GEOMETRIC_REPRESENTATION_CONTEXT(2) 
PARAMETRIC_REPRESENTATION_CONTEXT() REPRESENTATION_CONTEXT('2D SPACE',''
  ) );
#337 = PCURVE('',#303,#338);
#338 = DEFINITIONAL_REPRESENTATION('',(#339),#343);
#339 = LINE('',#340,#341);
#340 = CARTESIAN_POINT('',(-1.570796326795,0.));
#341 = VECTOR('',#342,1.);
#342 = DIRECTION('',(-0.,1.));
#343 = ( GEOMETRIC_REPRESENTATION_CONTEXT(2) 
PARAMETRIC_REPRESENTATION_CONTEXT() REPRESENTATION_CONTEXT('2D SPACE',''
  ) );
#344 = ORIENTED_EDGE('',*,*,#345,.T.);
#345 = EDGE_CURVE('',#323,#346,#348,.T.);
#346 = VERTEX_POINT('',#347);
#347 = CARTESIAN_POINT('',(-40.,43.731512263613,-36.44132100728));
#348 = SURFACE_CURVE('',#349,(#353,#360),.PCURVE_S1.);
#349 = LINE('',#350,#351);
#350 = CARTESIAN_POINT('',(-40.,56.,-69.));
#351 = VECTOR('',#352,1.);
#352 = DIRECTION('',(0.,-0.352609234174,0.935770659924));
#353 = PCURVE('',#44,#354);
#354 = DEFINITIONAL_REPRESENTATION('',(#355),#359);
#355 = LINE('',#356,#357);
#356 = CARTESIAN_POINT('',(-28.88448494849,-56.));
#357 = VECTOR('',#358,1.);
#358 = DIRECTION('',(0.935770659924,0.352609234174));
#359 = ( GEOMETRIC_REPRESENTATION_CONTEXT(2) 
PARAMETRIC_REPRESENTATION_CONTEXT() REPRESENTATION_CONTEXT('2D SPACE',''
  ) );
#360 = PCURVE('',#361,#366);
#361 = PLANE('',#362);
#362 = AXIS2_PLACEMENT_3D('',#363,#364,#365);
#363 = CARTESIAN_POINT('',(-40.,56.,-69.));
#364 = DIRECTION('',(0.,-0.935770659924,-0.352609234174));
#365 = DIRECTION('',(0.,-0.352609234174,0.935770659924));
#366 = DEFINITIONAL_REPRESENTATION('',(#367),#371);
#367 = LINE('',#368,#369);
#368 = CARTESIAN_POINT('',(0.,0.));
#369 = VECTOR('',#370,1.);
#370 = DIRECTION('',(1.,0.));
#371 = ( GEOMETRIC_REPRESENTATION_CONTEXT(2) 
PARAMETRIC_REPRESENTATION_CONTEXT() REPRESENTATION_CONTEXT('2D SPACE',''
  ) );
#372 = ORIENTED_EDGE('',*,*,#373,.T.);
#373 = EDGE_CURVE('',#346,#374,#376,.T.);
#374 = VERTEX_POINT('',#375);
#375 = CARTESIAN_POINT('',(-40.,44.255978299696,-32.65590887935));
#376 = SURFACE_CURVE('',#377,(#382,#393),.PCURVE_S1.);
#377 = CIRCLE('',#378,4.);
#378 = AXIS2_PLACEMENT_3D('',#379,#380,#381);
#379 = CARTESIAN_POINT('',(-40.,47.47459490331,-35.03088407058));
#380 = DIRECTION('',(-1.,-0.,-0.));
#381 = DIRECTION('',(0.,0.,-1.));
#382 = PCURVE('',#44,#383);
#383 = DEFINITIONAL_REPRESENTATION('',(#384),#392);
#384 = ( BOUNDED_CURVE() B_SPLINE_CURVE(2,(#385,#386,#387,#388,#389,#390
,#391),.UNSPECIFIED.,.T.,.F.) B_SPLINE_CURVE_WITH_KNOTS((1,2,2,2,2,1),(
    -2.094395102393,0.,2.094395102393,4.188790204786,6.28318530718,
8.377580409573),.UNSPECIFIED.) CURVE() GEOMETRIC_REPRESENTATION_ITEM() 
RATIONAL_B_SPLINE_CURVE((1.,0.5,1.,0.5,1.,0.5,1.)) REPRESENTATION_ITEM(
  '') );
#385 = CARTESIAN_POINT('',(1.084630980921,-47.47459490331));
#386 = CARTESIAN_POINT('',(1.084630980921,-40.54639167303));
#387 = CARTESIAN_POINT('',(7.084630980921,-44.01049328817));
#388 = CARTESIAN_POINT('',(13.084630980921,-47.47459490331));
#389 = CARTESIAN_POINT('',(7.084630980921,-50.93869651844));
#390 = CARTESIAN_POINT('',(1.084630980921,-54.40279813358));
#391 = CARTESIAN_POINT('',(1.084630980921,-47.47459490331));
#392 = ( GEOMETRIC_REPRESENTATION_CONTEXT(2) 
PARAMETRIC_REPRESENTATION_CONTEXT() REPRESENTATION_CONTEXT('2D SPACE',''
  ) );
#393 = PCURVE('',#394,#399);
#394 = CYLINDRICAL_SURFACE('',#395,4.);
#395 = AXIS2_PLACEMENT_3D('',#396,#397,#398);
#396 = CARTESIAN_POINT('',(-34.,47.47459490331,-35.03088407058));
#397 = DIRECTION('',(-1.,-0.,-0.));
#398 = DIRECTION('',(0.,-0.935770659924,-0.352609234174));
#399 = DEFINITIONAL_REPRESENTATION('',(#400),#404);
#400 = LINE('',#401,#402);
#401 = CARTESIAN_POINT('',(-1.21043835627,6.));
#402 = VECTOR('',#403,1.);
#403 = DIRECTION('',(1.,0.));
#404 = ( GEOMETRIC_REPRESENTATION_CONTEXT(2) 
PARAMETRIC_REPRESENTATION_CONTEXT() REPRESENTATION_CONTEXT('2D SPACE',''
  ) );
#405 = ORIENTED_EDGE('',*,*,#406,.F.);
#406 = EDGE_CURVE('',#407,#374,#409,.T.);
#407 = VERTEX_POINT('',#408);
#408 = CARTESIAN_POINT('',(-40.,-44.25597829969,-32.65590887935));
#409 = SURFACE_CURVE('',#410,(#415,#422),.PCURVE_S1.);
#410 = CIRCLE('',#411,55.);
#411 = AXIS2_PLACEMENT_3D('',#412,#413,#414);
#412 = CARTESIAN_POINT('',(-40.,0.,0.));
#413 = DIRECTION('',(1.,0.,0.));
#414 = DIRECTION('',(0.,-0.804654150904,-0.593743797806));
#415 = PCURVE('',#44,#416);
#416 = DEFINITIONAL_REPRESENTATION('',(#417),#421);
#417 = CIRCLE('',#418,55.);
#418 = AXIS2_PLACEMENT_2D('',#419,#420);
#419 = CARTESIAN_POINT('',(40.115515051504,0.));
#420 = DIRECTION('',(-0.593743797806,0.804654150904));
#421 = ( GEOMETRIC_REPRESENTATION_CONTEXT(2) 
PARAMETRIC_REPRESENTATION_CONTEXT() REPRESENTATION_CONTEXT('2D SPACE',''
  ) );
#422 = PCURVE('',#423,#428);
#423 = CYLINDRICAL_SURFACE('',#424,55.);
#424 = AXIS2_PLACEMENT_3D('',#425,#426,#427);
#425 = CARTESIAN_POINT('',(-46.,0.,0.));
#426 = DIRECTION('',(-1.,-0.,-0.));
#427 = DIRECTION('',(0.,1.,0.));
#428 = DEFINITIONAL_REPRESENTATION('',(#429),#433);
#429 = LINE('',#430,#431);
#430 = CARTESIAN_POINT('',(-3.777296231069,-6.));
#431 = VECTOR('',#432,1.);
#432 = DIRECTION('',(-1.,-0.));
#433 = ( GEOMETRIC_REPRESENTATION_CONTEXT(2) 
PARAMETRIC_REPRESENTATION_CONTEXT() REPRESENTATION_CONTEXT('2D SPACE',''
  ) );
#434 = ORIENTED_EDGE('',*,*,#435,.F.);
#435 = EDGE_CURVE('',#22,#407,#436,.T.);
#436 = SURFACE_CURVE('',#437,(#442,#449),.PCURVE_S1.);
#437 = CIRCLE('',#438,4.);
#438 = AXIS2_PLACEMENT_3D('',#439,#440,#441);
#439 = CARTESIAN_POINT('',(-40.,-47.47459490331,-35.03088407058));
#440 = DIRECTION('',(1.,0.,0.));
#441 = DIRECTION('',(0.,0.,-1.));
#442 = PCURVE('',#44,#443);
#443 = DEFINITIONAL_REPRESENTATION('',(#444),#448);
#444 = CIRCLE('',#445,4.);
#445 = AXIS2_PLACEMENT_2D('',#446,#447);
#446 = CARTESIAN_POINT('',(5.084630980921,47.47459490331));
#447 = DIRECTION('',(-1.,0.));
#448 = ( GEOMETRIC_REPRESENTATION_CONTEXT(2) 
PARAMETRIC_REPRESENTATION_CONTEXT() REPRESENTATION_CONTEXT('2D SPACE',''
  ) );
#449 = PCURVE('',#72,#450);
#450 = DEFINITIONAL_REPRESENTATION('',(#451),#455);
#451 = LINE('',#452,#453);
#452 = CARTESIAN_POINT('',(1.21043835627,6.));
#453 = VECTOR('',#454,1.);
#454 = DIRECTION('',(-1.,0.));
#455 = ( GEOMETRIC_REPRESENTATION_CONTEXT(2) 
PARAMETRIC_REPRESENTATION_CONTEXT() REPRESENTATION_CONTEXT('2D SPACE',''
  ) );
#456 = ADVANCED_FACE('',(#457),#72,.F.);
#457 = FACE_BOUND('',#458,.T.);
#458 = EDGE_LOOP('',(#459,#493,#514,#515));
#459 = ORIENTED_EDGE('',*,*,#460,.T.);
#460 = EDGE_CURVE('',#57,#461,#463,.T.);
#461 = VERTEX_POINT('',#462);
#462 = CARTESIAN_POINT('',(-33.35734603769,-44.25597829969,
    -32.65590887935));
#463 = SURFACE_CURVE('',#464,(#469,#481),.PCURVE_S1.);
#464 = ELLIPSE('',#465,5.656854249492,4.);
#465 = AXIS2_PLACEMENT_3D('',#466,#467,#468);
#466 = CARTESIAN_POINT('',(-30.,-47.47459490331,-35.03088407058));
#467 = DIRECTION('',(0.707106781187,0.249332380594,0.661689779268));
#468 = DIRECTION('',(-0.707106781187,0.249332380594,0.661689779268));
#469 = PCURVE('',#72,#470);
#470 = DEFINITIONAL_REPRESENTATION('',(#471),#480);
#471 = B_SPLINE_CURVE_WITH_KNOTS('',7,(#472,#473,#474,#475,#476,#477,
    #478,#479),.UNSPECIFIED.,.F.,.F.,(8,8),(4.712389103263,
    5.708450528389),.PIECEWISE_BEZIER_KNOTS.);
#472 = CARTESIAN_POINT('',(-1.228781236762E-07,-3.999999508488));
#473 = CARTESIAN_POINT('',(-0.142294612182,-3.430821551272));
#474 = CARTESIAN_POINT('',(-0.284589101486,-2.861643670268));
#475 = CARTESIAN_POINT('',(-0.426883590789,-2.311288795626));
#476 = CARTESIAN_POINT('',(-0.569178080093,-1.798582286168));
#477 = CARTESIAN_POINT('',(-0.711472569397,-1.340786575777));
#478 = CARTESIAN_POINT('',(-0.853767058701,-0.952066043793));
#479 = CARTESIAN_POINT('',(-0.996061548004,-0.642653962302));
#480 = ( GEOMETRIC_REPRESENTATION_CONTEXT(2) 
PARAMETRIC_REPRESENTATION_CONTEXT() REPRESENTATION_CONTEXT('2D SPACE',''
  ) );
#481 = PCURVE('',#100,#482);
#482 = DEFINITIONAL_REPRESENTATION('',(#483),#492);
#483 = B_SPLINE_CURVE_WITH_KNOTS('',7,(#484,#485,#486,#487,#488,#489,
    #490,#491),.UNSPECIFIED.,.F.,.F.,(8,8),(4.712389103263,
    5.708450528389),.PIECEWISE_BEZIER_KNOTS.);
#484 = CARTESIAN_POINT('',(-1.22878122788E-07,13.080492084134));
#485 = CARTESIAN_POINT('',(-0.142294612182,12.511314126919));
#486 = CARTESIAN_POINT('',(-0.284589101486,11.942136245915));
#487 = CARTESIAN_POINT('',(-0.426883590789,11.391781371269));
#488 = CARTESIAN_POINT('',(-0.569178080093,10.879074861817));
#489 = CARTESIAN_POINT('',(-0.711472569397,10.421279151423));
#490 = CARTESIAN_POINT('',(-0.853767058701,10.03255861944));
#491 = CARTESIAN_POINT('',(-0.996061548004,9.723146537949));
#492 = ( GEOMETRIC_REPRESENTATION_CONTEXT(2) 
PARAMETRIC_REPRESENTATION_CONTEXT() REPRESENTATION_CONTEXT('2D SPACE',''
  ) );
#493 = ORIENTED_EDGE('',*,*,#494,.T.);
#494 = EDGE_CURVE('',#461,#407,#495,.T.);
#495 = SURFACE_CURVE('',#496,(#500,#507),.PCURVE_S1.);
#496 = LINE('',#497,#498);
#497 = CARTESIAN_POINT('',(-34.,-44.25597829969,-32.65590887935));
#498 = VECTOR('',#499,1.);
#499 = DIRECTION('',(-1.,-0.,-0.));
#500 = PCURVE('',#72,#501);
#501 = DEFINITIONAL_REPRESENTATION('',(#502),#506);
#502 = LINE('',#503,#504);
#503 = CARTESIAN_POINT('',(-0.996061548004,0.));
#504 = VECTOR('',#505,1.);
#505 = DIRECTION('',(-0.,1.));
#506 = ( GEOMETRIC_REPRESENTATION_CONTEXT(2) 
PARAMETRIC_REPRESENTATION_CONTEXT() REPRESENTATION_CONTEXT('2D SPACE',''
  ) );
#507 = PCURVE('',#423,#508);
#508 = DEFINITIONAL_REPRESENTATION('',(#509),#513);
#509 = LINE('',#510,#511);
#510 = CARTESIAN_POINT('',(-3.777296231069,-12.));
#511 = VECTOR('',#512,1.);
#512 = DIRECTION('',(-0.,1.));
#513 = ( GEOMETRIC_REPRESENTATION_CONTEXT(2) 
PARAMETRIC_REPRESENTATION_CONTEXT() REPRESENTATION_CONTEXT('2D SPACE',''
  ) );
#514 = ORIENTED_EDGE('',*,*,#435,.F.);
#515 = ORIENTED_EDGE('',*,*,#56,.F.);
#516 = ADVANCED_FACE('',(#517),#303,.F.);
#517 = FACE_BOUND('',#518,.T.);
#518 = EDGE_LOOP('',(#519,#547,#579,#580,#581,#608,#647,#673,#746,#774)
  );
#519 = ORIENTED_EDGE('',*,*,#520,.F.);
#520 = EDGE_CURVE('',#521,#523,#525,.T.);
#521 = VERTEX_POINT('',#522);
#522 = CARTESIAN_POINT('',(-42.,-56.4591315669,-68.));
#523 = VERTEX_POINT('',#524);
#524 = CARTESIAN_POINT('',(-42.,-56.1678404338,-68.));
#525 = SURFACE_CURVE('',#526,(#530,#536),.PCURVE_S1.);
#526 = LINE('',#527,#528);
#527 = CARTESIAN_POINT('',(-42.,-56.,-68.));
#528 = VECTOR('',#529,1.);
#529 = DIRECTION('',(0.,1.,0.));
#530 = PCURVE('',#303,#531);
#531 = DEFINITIONAL_REPRESENTATION('',(#532),#535);
#532 = B_SPLINE_CURVE_WITH_KNOTS('',1,(#533,#534),.UNSPECIFIED.,.F.,.F.,
  (2,2),(-3.459132166906,2.4),.PIECEWISE_BEZIER_KNOTS.);
#533 = CARTESIAN_POINT('',(-0.643501108793,-3.459132166906));
#534 = CARTESIAN_POINT('',(-0.643501108793,2.4));
#535 = ( GEOMETRIC_REPRESENTATION_CONTEXT(2) 
PARAMETRIC_REPRESENTATION_CONTEXT() REPRESENTATION_CONTEXT('2D SPACE',''
  ) );
#536 = PCURVE('',#537,#542);
#537 = PLANE('',#538);
#538 = AXIS2_PLACEMENT_3D('',#539,#540,#541);
#539 = CARTESIAN_POINT('',(-40.,-68.,-68.));
#540 = DIRECTION('',(0.,0.,1.));
#541 = DIRECTION('',(1.,0.,-0.));
#542 = DEFINITIONAL_REPRESENTATION('',(#543),#546);
#543 = B_SPLINE_CURVE_WITH_KNOTS('',1,(#544,#545),.UNSPECIFIED.,.F.,.F.,
  (2,2),(-3.459132166906,2.4),.PIECEWISE_BEZIER_KNOTS.);
#544 = CARTESIAN_POINT('',(-2.,8.540867833094));
#545 = CARTESIAN_POINT('',(-2.,14.4));
#546 = ( GEOMETRIC_REPRESENTATION_CONTEXT(2) 
PARAMETRIC_REPRESENTATION_CONTEXT() REPRESENTATION_CONTEXT('2D SPACE',''
  ) );
#547 = ORIENTED_EDGE('',*,*,#548,.T.);
#548 = EDGE_CURVE('',#521,#257,#549,.T.);
#549 = SURFACE_CURVE('',#550,(#555,#567),.PCURVE_S1.);
#550 = ELLIPSE('',#551,7.071067811865,5.);
#551 = AXIS2_PLACEMENT_3D('',#552,#553,#554);
#552 = CARTESIAN_POINT('',(-45.,-59.4591315669,-64.));
#553 = DIRECTION('',(0.707106781187,-0.707106781187,0.));
#554 = DIRECTION('',(0.707106781187,0.707106781187,0.));
#555 = PCURVE('',#303,#556);
#556 = DEFINITIONAL_REPRESENTATION('',(#557),#566);
#557 = B_SPLINE_CURVE_WITH_KNOTS('',7,(#558,#559,#560,#561,#562,#563,
    #564,#565),.UNSPECIFIED.,.F.,.F.,(8,8),(4.712388980385,
    5.922827336655),.PIECEWISE_BEZIER_KNOTS.);
#558 = CARTESIAN_POINT('',(0.,-3.459131566906));
#559 = CARTESIAN_POINT('',(-0.172919765181,-2.594532740999));
#560 = CARTESIAN_POINT('',(-0.345839530363,-1.729934371956));
#561 = CARTESIAN_POINT('',(-0.518759295544,-0.907558713803));
#562 = CARTESIAN_POINT('',(-0.691679060726,-0.169645232026));
#563 = CARTESIAN_POINT('',(-0.864598825907,0.446769354502));
#564 = CARTESIAN_POINT('',(-1.037518591089,0.914856202844));
#565 = CARTESIAN_POINT('',(-1.21043835627,1.219721732715));
#566 = ( GEOMETRIC_REPRESENTATION_CONTEXT(2) 
PARAMETRIC_REPRESENTATION_CONTEXT() REPRESENTATION_CONTEXT('2D SPACE',''
  ) );
#567 = PCURVE('',#272,#568);
#568 = DEFINITIONAL_REPRESENTATION('',(#569),#578);
#569 = B_SPLINE_CURVE_WITH_KNOTS('',7,(#570,#571,#572,#573,#574,#575,
    #576,#577),.UNSPECIFIED.,.F.,.F.,(8,8),(4.712388980385,
    5.922827336655),.PIECEWISE_BEZIER_KNOTS.);
#570 = CARTESIAN_POINT('',(0.,-5.));
#571 = CARTESIAN_POINT('',(0.172919765181,-4.135401174093));
#572 = CARTESIAN_POINT('',(0.345839530363,-3.27080280505));
#573 = CARTESIAN_POINT('',(0.518759295544,-2.448427146898));
#574 = CARTESIAN_POINT('',(0.691679060726,-1.710513665119));
#575 = CARTESIAN_POINT('',(0.864598825907,-1.094099078593));
#576 = CARTESIAN_POINT('',(1.037518591089,-0.62601223025));
#577 = CARTESIAN_POINT('',(1.21043835627,-0.321146700379));
#578 = ( GEOMETRIC_REPRESENTATION_CONTEXT(2) 
PARAMETRIC_REPRESENTATION_CONTEXT() REPRESENTATION_CONTEXT('2D SPACE',''
  ) );
#579 = ORIENTED_EDGE('',*,*,#284,.T.);
#580 = ORIENTED_EDGE('',*,*,#322,.T.);
#581 = ORIENTED_EDGE('',*,*,#582,.F.);
#582 = EDGE_CURVE('',#583,#323,#585,.T.);
#583 = VERTEX_POINT('',#584);
#584 = CARTESIAN_POINT('',(-40.32114670037,54.780278267285,
    -65.76304617087));
#585 = SURFACE_CURVE('',#586,(#591,#601),.PCURVE_S1.);
#586 = ELLIPSE('',#587,5.343189537921,5.);
#587 = AXIS2_PLACEMENT_3D('',#588,#589,#590);
#588 = CARTESIAN_POINT('',(-45.,54.115942028986,-64.));
#589 = DIRECTION('',(0.,-0.935770659924,-0.352609234174));
#590 = DIRECTION('',(0.,0.352609234174,-0.935770659924));
#591 = PCURVE('',#303,#592);
#592 = DEFINITIONAL_REPRESENTATION('',(#593),#600);
#593 = B_SPLINE_CURVE_WITH_KNOTS('',5,(#594,#595,#596,#597,#598,#599),
  .UNSPECIFIED.,.F.,.F.,(6,6),(1.21043835627,1.570796326795),
  .PIECEWISE_BEZIER_KNOTS.);
#594 = CARTESIAN_POINT('',(-1.21043835627,110.78027826728));
#595 = CARTESIAN_POINT('',(-1.282509950375,110.65321271927));
#596 = CARTESIAN_POINT('',(-1.35458154448,110.52183373184));
#597 = CARTESIAN_POINT('',(-1.426653138585,110.38751617164));
#598 = CARTESIAN_POINT('',(-1.49872473269,110.25172909034));
#599 = CARTESIAN_POINT('',(-1.570796326795,110.11594202898));
#600 = ( GEOMETRIC_REPRESENTATION_CONTEXT(2) 
PARAMETRIC_REPRESENTATION_CONTEXT() REPRESENTATION_CONTEXT('2D SPACE',''
  ) );
#601 = PCURVE('',#361,#602);
#602 = DEFINITIONAL_REPRESENTATION('',(#603),#607);
#603 = ELLIPSE('',#604,5.343189537921,5.);
#604 = AXIS2_PLACEMENT_2D('',#605,#606);
#605 = CARTESIAN_POINT('',(5.343189537921,5.));
#606 = DIRECTION('',(-1.,-0.));
#607 = ( GEOMETRIC_REPRESENTATION_CONTEXT(2) 
PARAMETRIC_REPRESENTATION_CONTEXT() REPRESENTATION_CONTEXT('2D SPACE',''
  ) );
#608 = ORIENTED_EDGE('',*,*,#609,.F.);
#609 = EDGE_CURVE('',#610,#583,#612,.T.);
#610 = VERTEX_POINT('',#611);
#611 = CARTESIAN_POINT('',(-42.,56.459131566906,-68.));
#612 = SURFACE_CURVE('',#613,(#618,#630),.PCURVE_S1.);
#613 = ELLIPSE('',#614,7.071067811865,5.);
#614 = AXIS2_PLACEMENT_3D('',#615,#616,#617);
#615 = CARTESIAN_POINT('',(-45.,59.459131566906,-64.));
#616 = DIRECTION('',(-0.707106781187,-0.707106781187,0.));
#617 = DIRECTION('',(0.707106781187,-0.707106781187,0.));
#618 = PCURVE('',#303,#619);
#619 = DEFINITIONAL_REPRESENTATION('',(#620),#629);
#620 = B_SPLINE_CURVE_WITH_KNOTS('',7,(#621,#622,#623,#624,#625,#626,
    #627,#628),.UNSPECIFIED.,.F.,.F.,(8,8),(4.712388980385,
    5.922827336655),.PIECEWISE_BEZIER_KNOTS.);
#621 = CARTESIAN_POINT('',(0.,115.4591315669));
#622 = CARTESIAN_POINT('',(-0.172919765181,114.59453274099));
#623 = CARTESIAN_POINT('',(-0.345839530363,113.72993437194));
#624 = CARTESIAN_POINT('',(-0.518759295544,112.90755871383));
#625 = CARTESIAN_POINT('',(-0.691679060726,112.16964523201));
#626 = CARTESIAN_POINT('',(-0.864598825907,111.55323064551));
#627 = CARTESIAN_POINT('',(-1.037518591089,111.08514379715));
#628 = CARTESIAN_POINT('',(-1.21043835627,110.78027826728));
#629 = ( GEOMETRIC_REPRESENTATION_CONTEXT(2) 
PARAMETRIC_REPRESENTATION_CONTEXT() REPRESENTATION_CONTEXT('2D SPACE',''
  ) );
#630 = PCURVE('',#631,#636);
#631 = CYLINDRICAL_SURFACE('',#632,5.);
#632 = AXIS2_PLACEMENT_3D('',#633,#634,#635);
#633 = CARTESIAN_POINT('',(-40.,59.459131566906,-64.));
#634 = DIRECTION('',(1.,0.,0.));
#635 = DIRECTION('',(0.,0.,-1.));
#636 = DEFINITIONAL_REPRESENTATION('',(#637),#646);
#637 = B_SPLINE_CURVE_WITH_KNOTS('',7,(#638,#639,#640,#641,#642,#643,
    #644,#645),.UNSPECIFIED.,.F.,.F.,(8,8),(4.712388980385,
    5.922827336655),.PIECEWISE_BEZIER_KNOTS.);
#638 = CARTESIAN_POINT('',(0.,-5.));
#639 = CARTESIAN_POINT('',(-0.172919765181,-4.135401174093));
#640 = CARTESIAN_POINT('',(-0.345839530363,-3.27080280505));
#641 = CARTESIAN_POINT('',(-0.518759295544,-2.448427146897));
#642 = CARTESIAN_POINT('',(-0.691679060726,-1.71051366512));
#643 = CARTESIAN_POINT('',(-0.864598825907,-1.094099078592));
#644 = CARTESIAN_POINT('',(-1.037518591089,-0.62601223025));
#645 = CARTESIAN_POINT('',(-1.21043835627,-0.321146700379));
#646 = ( GEOMETRIC_REPRESENTATION_CONTEXT(2) 
PARAMETRIC_REPRESENTATION_CONTEXT() REPRESENTATION_CONTEXT('2D SPACE',''
  ) );
#647 = ORIENTED_EDGE('',*,*,#648,.F.);
#648 = EDGE_CURVE('',#649,#610,#651,.T.);
#649 = VERTEX_POINT('',#650);
#650 = CARTESIAN_POINT('',(-42.,56.167840433801,-68.));
#651 = SURFACE_CURVE('',#652,(#656,#662),.PCURVE_S1.);
#652 = LINE('',#653,#654);
#653 = CARTESIAN_POINT('',(-42.,-56.,-68.));
#654 = VECTOR('',#655,1.);
#655 = DIRECTION('',(0.,1.,0.));
#656 = PCURVE('',#303,#657);
#657 = DEFINITIONAL_REPRESENTATION('',(#658),#661);
#658 = B_SPLINE_CURVE_WITH_KNOTS('',1,(#659,#660),.UNSPECIFIED.,.F.,.F.,
  (2,2),(109.6,115.4591321669),.PIECEWISE_BEZIER_KNOTS.);
#659 = CARTESIAN_POINT('',(-0.643501108793,109.6));
#660 = CARTESIAN_POINT('',(-0.643501108793,115.4591321669));
#661 = ( GEOMETRIC_REPRESENTATION_CONTEXT(2) 
PARAMETRIC_REPRESENTATION_CONTEXT() REPRESENTATION_CONTEXT('2D SPACE',''
  ) );
#662 = PCURVE('',#663,#668);
#663 = PLANE('',#664);
#664 = AXIS2_PLACEMENT_3D('',#665,#666,#667);
#665 = CARTESIAN_POINT('',(-40.,68.,-68.));
#666 = DIRECTION('',(0.,0.,1.));
#667 = DIRECTION('',(1.,0.,-0.));
#668 = DEFINITIONAL_REPRESENTATION('',(#669),#672);
#669 = B_SPLINE_CURVE_WITH_KNOTS('',1,(#670,#671),.UNSPECIFIED.,.F.,.F.,
  (2,2),(109.6,115.4591321669),.PIECEWISE_BEZIER_KNOTS.);
#670 = CARTESIAN_POINT('',(-2.,-14.4));
#671 = CARTESIAN_POINT('',(-2.,-8.540867833094));
#672 = ( GEOMETRIC_REPRESENTATION_CONTEXT(2) 
PARAMETRIC_REPRESENTATION_CONTEXT() REPRESENTATION_CONTEXT('2D SPACE',''
  ) );
#673 = ORIENTED_EDGE('',*,*,#674,.F.);
#674 = EDGE_CURVE('',#675,#649,#677,.T.);
#675 = VERTEX_POINT('',#676);
#676 = CARTESIAN_POINT('',(-45.,57.091287885364,-69.));
#677 = SURFACE_CURVE('',#678,(#697,#719),.PCURVE_S1.);
#678 = B_SPLINE_CURVE_WITH_KNOTS('',5,(#679,#680,#681,#682,#683,#684,
    #685,#686,#687,#688,#689,#690,#691,#692,#693,#694,#695,#696),
  .UNSPECIFIED.,.F.,.F.,(6,4,4,4,6),(0.,0.131600037384,0.40098025716,
    0.786646795643,1.),.UNSPECIFIED.);
#679 = CARTESIAN_POINT('',(-45.,57.091287885364,-69.));
#680 = CARTESIAN_POINT('',(-44.91861037821,57.053983013383,-69.));
#681 = CARTESIAN_POINT('',(-44.83664519567,57.017332748621,
    -68.99834414697));
#682 = CARTESIAN_POINT('',(-44.75417429807,56.981379816589,
    -68.99498474233));
#683 = CARTESIAN_POINT('',(-44.67127933412,56.94616529138,
    -68.98988141733));
#684 = CARTESIAN_POINT('',(-44.41769419417,56.841238002779,
    -68.9689174554));
#685 = CARTESIAN_POINT('',(-44.24586575892,56.773971450397,
    -68.94738216889));
#686 = CARTESIAN_POINT('',(-44.0735166129,56.710332086705,
    -68.91811770887));
#687 = CARTESIAN_POINT('',(-43.9016003057,56.650563269644,
    -68.88104566689));
#688 = CARTESIAN_POINT('',(-43.48688427346,56.514895003715,
    -68.77223256057));
#689 = CARTESIAN_POINT('',(-43.2458667387,56.443282622471,
    -68.69252405685));
#690 = CARTESIAN_POINT('',(-43.01058659379,56.380156123748,
    -68.59761279404));
#691 = CARTESIAN_POINT('',(-42.78351060463,56.325185441239,
    -68.48873316676));
#692 = CARTESIAN_POINT('',(-42.4468764461,56.251474103807,
    -68.30120877494));
#693 = CARTESIAN_POINT('',(-42.3300649348,56.227502845928,
    -68.23074753821));
#694 = CARTESIAN_POINT('',(-42.21653599054,56.205673353188,
    -68.15686747186));
#695 = CARTESIAN_POINT('',(-42.10646432782,56.185836182324,
    -68.07984827913));
#696 = CARTESIAN_POINT('',(-41.9999992,56.167840298576,-67.9999994));
#697 = PCURVE('',#303,#698);
#698 = DEFINITIONAL_REPRESENTATION('',(#699),#718);
#699 = B_SPLINE_CURVE_WITH_KNOTS('',5,(#700,#701,#702,#703,#704,#705,
    #706,#707,#708,#709,#710,#711,#712,#713,#714,#715,#716,#717),
  .UNSPECIFIED.,.F.,.F.,(6,4,4,4,6),(0.,0.131600037384,0.40098025716,
    0.786646795643,1.),.UNSPECIFIED.);
#700 = CARTESIAN_POINT('',(0.,113.09128788536));
#701 = CARTESIAN_POINT('',(-1.627792435674E-02,113.05398301338));
#702 = CARTESIAN_POINT('',(-3.267094939508E-02,113.01733274862));
#703 = CARTESIAN_POINT('',(-4.917413574667E-02,112.98137981658));
#704 = CARTESIAN_POINT('',(-6.578084592097E-02,112.94616529138));
#705 = CARTESIAN_POINT('',(-0.116670888525,112.84123800277));
#706 = CARTESIAN_POINT('',(-0.151274605151,112.77397145039));
#707 = CARTESIAN_POINT('',(-0.1861926701,112.7103320867));
#708 = CARTESIAN_POINT('',(-0.221331897645,112.65056326964));
#709 = CARTESIAN_POINT('',(-0.307082624638,112.51489500371));
#710 = CARTESIAN_POINT('',(-0.357753844039,112.44328262247));
#711 = CARTESIAN_POINT('',(-0.408354454186,112.38015612374));
#712 = CARTESIAN_POINT('',(-0.458626232033,112.32518544123));
#713 = CARTESIAN_POINT('',(-0.535694501565,112.2514741038));
#714 = CARTESIAN_POINT('',(-0.562961727667,112.22750284592));
#715 = CARTESIAN_POINT('',(-0.590031255254,112.20567335318));
#716 = CARTESIAN_POINT('',(-0.616885022846,112.18583618232));
#717 = CARTESIAN_POINT('',(-0.643501308793,112.16784029857));
#718 = ( GEOMETRIC_REPRESENTATION_CONTEXT(2) 
PARAMETRIC_REPRESENTATION_CONTEXT() REPRESENTATION_CONTEXT('2D SPACE',''
  ) );
#719 = PCURVE('',#720,#725);
#720 = CYLINDRICAL_SURFACE('',#721,12.);
#721 = AXIS2_PLACEMENT_3D('',#722,#723,#724);
#722 = CARTESIAN_POINT('',(-40.,68.,-70.));
#723 = DIRECTION('',(-0.,-0.,-1.));
#724 = DIRECTION('',(1.,0.,0.));
#725 = DEFINITIONAL_REPRESENTATION('',(#726),#745);
#726 = B_SPLINE_CURVE_WITH_KNOTS('',5,(#727,#728,#729,#730,#731,#732,
    #733,#734,#735,#736,#737,#738,#739,#740,#741,#742,#743,#744),
  .UNSPECIFIED.,.F.,.F.,(6,4,4,4,6),(0.,0.131600037384,0.40098025716,
    0.786646795643,1.),.UNSPECIFIED.);
#727 = CARTESIAN_POINT('',(-4.28261354908,-1.));
#728 = CARTESIAN_POINT('',(-4.290074523476,-1.));
#729 = CARTESIAN_POINT('',(-4.297556367579,-1.001655853027));
#730 = CARTESIAN_POINT('',(-4.305053181606,-1.005015257662));
#731 = CARTESIAN_POINT('',(-4.312558234807,-1.010118582665));
#732 = CARTESIAN_POINT('',(-4.335427907699,-1.031082544595));
#733 = CARTESIAN_POINT('',(-4.35080223028,-1.052617831102));
#734 = CARTESIAN_POINT('',(-4.366108651621,-1.081882291128));
#735 = CARTESIAN_POINT('',(-4.381273552993,-1.118954333108));
#736 = CARTESIAN_POINT('',(-4.417635474637,-1.22776743943));
#737 = CARTESIAN_POINT('',(-4.438580225581,-1.307475943144));
#738 = CARTESIAN_POINT('',(-4.458871342265,-1.402387205956));
#739 = CARTESIAN_POINT('',(-4.478336269773,-1.511266833231));
#740 = CARTESIAN_POINT('',(-4.507053753553,-1.698791225052));
#741 = CARTESIAN_POINT('',(-4.516990038961,-1.769252461783));
#742 = CARTESIAN_POINT('',(-4.526623163069,-1.843132528134));
#743 = CARTESIAN_POINT('',(-4.535943023304,-1.920151720865));
#744 = CARTESIAN_POINT('',(-4.544940968777,-2.0000006));
#745 = ( GEOMETRIC_REPRESENTATION_CONTEXT(2) 
PARAMETRIC_REPRESENTATION_CONTEXT() REPRESENTATION_CONTEXT('2D SPACE',''
  ) );
#746 = ORIENTED_EDGE('',*,*,#747,.F.);
#747 = EDGE_CURVE('',#748,#675,#750,.T.);
#748 = VERTEX_POINT('',#749);
#749 = CARTESIAN_POINT('',(-45.,-57.09128788536,-69.));
#750 = SURFACE_CURVE('',#751,(#755,#762),.PCURVE_S1.);
#751 = LINE('',#752,#753);
#752 = CARTESIAN_POINT('',(-45.,-56.,-69.));
#753 = VECTOR('',#754,1.);
#754 = DIRECTION('',(0.,1.,0.));
#755 = PCURVE('',#303,#756);
#756 = DEFINITIONAL_REPRESENTATION('',(#757),#761);
#757 = LINE('',#758,#759);
#758 = CARTESIAN_POINT('',(-0.,0.));
#759 = VECTOR('',#760,1.);
#760 = DIRECTION('',(-0.,1.));
#761 = ( GEOMETRIC_REPRESENTATION_CONTEXT(2) 
PARAMETRIC_REPRESENTATION_CONTEXT() REPRESENTATION_CONTEXT('2D SPACE',''
  ) );
#762 = PCURVE('',#763,#768);
#763 = PLANE('',#764);
#764 = AXIS2_PLACEMENT_3D('',#765,#766,#767);
#765 = CARTESIAN_POINT('',(-60.,-85.,-69.));
#766 = DIRECTION('',(0.,0.,1.));
#767 = DIRECTION('',(1.,0.,0.));
#768 = DEFINITIONAL_REPRESENTATION('',(#769),#773);
#769 = LINE('',#770,#771);
#770 = CARTESIAN_POINT('',(15.,29.));
#771 = VECTOR('',#772,1.);
#772 = DIRECTION('',(0.,1.));
#773 = ( GEOMETRIC_REPRESENTATION_CONTEXT(2) 
PARAMETRIC_REPRESENTATION_CONTEXT() REPRESENTATION_CONTEXT('2D SPACE',''
  ) );
#774 = ORIENTED_EDGE('',*,*,#775,.F.);
#775 = EDGE_CURVE('',#523,#748,#776,.T.);
#776 = SURFACE_CURVE('',#777,(#795,#816),.PCURVE_S1.);
#777 = B_SPLINE_CURVE_WITH_KNOTS('',6,(#778,#779,#780,#781,#782,#783,
    #784,#785,#786,#787,#788,#789,#790,#791,#792,#793,#794),
  .UNSPECIFIED.,.F.,.F.,(7,5,5,7),(0.,0.212328582024,0.598167792337,1.),
  .UNSPECIFIED.);
#778 = CARTESIAN_POINT('',(-41.9999992,-56.16784029857,-67.9999994));
#779 = CARTESIAN_POINT('',(-42.08830466547,-56.1827666404,-68.0662285267
    ));
#780 = CARTESIAN_POINT('',(-42.17899183429,-56.19890900545,
    -68.13058868249));
#781 = CARTESIAN_POINT('',(-42.27198723427,-56.21634186737,
    -68.19292742287));
#782 = CARTESIAN_POINT('',(-42.36720907232,-56.23513918683,
    -68.25310200422));
#783 = CARTESIAN_POINT('',(-42.46456809195,-56.2553732631,
    -68.31097909623));
#784 = CARTESIAN_POINT('',(-42.74459671848,-56.31661966034,
    -68.46720692363));
#785 = CARTESIAN_POINT('',(-42.9321351965,-56.36113637781,
    -68.56007677254));
#786 = CARTESIAN_POINT('',(-43.12551572776,-56.41098647815,
    -68.64398417188));
#787 = CARTESIAN_POINT('',(-43.32355985929,-56.46638867811,
    -68.71816275715));
#788 = CARTESIAN_POINT('',(-43.52501400595,-56.52741765432,
    -68.78212527298));
#789 = CARTESIAN_POINT('',(-43.94059324526,-56.66326873963,
    -68.89139164262));
#790 = CARTESIAN_POINT('',(-44.15450422002,-56.73842948222,
    -68.93570913776));
#791 = CARTESIAN_POINT('',(-44.36886824928,-56.81929171794,
    -68.96843791837));
#792 = CARTESIAN_POINT('',(-44.58220809513,-56.90549368952,
    -68.98972234149));
#793 = CARTESIAN_POINT('',(-44.79306140744,-56.99643773697,-69.));
#794 = CARTESIAN_POINT('',(-45.,-57.09128788536,-69.));
#795 = PCURVE('',#303,#796);
#796 = DEFINITIONAL_REPRESENTATION('',(#797),#815);
#797 = B_SPLINE_CURVE_WITH_KNOTS('',6,(#798,#799,#800,#801,#802,#803,
    #804,#805,#806,#807,#808,#809,#810,#811,#812,#813,#814),
  .UNSPECIFIED.,.F.,.F.,(7,5,5,7),(0.,0.212328582024,0.598167792337,1.),
  .UNSPECIFIED.);
#798 = CARTESIAN_POINT('',(-0.643501308793,-0.167840298576));
#799 = CARTESIAN_POINT('',(-0.621424939113,-0.182766640407));
#800 = CARTESIAN_POINT('',(-0.599191774426,-0.198909005456));
#801 = CARTESIAN_POINT('',(-0.576812492558,-0.216341867374));
#802 = CARTESIAN_POINT('',(-0.554296576155,-0.235139186838));
#803 = CARTESIAN_POINT('',(-0.531652486987,-0.2553732631));
#804 = CARTESIAN_POINT('',(-0.467520384033,-0.31661966034));
#805 = CARTESIAN_POINT('',(-0.425716100354,-0.361136377812));
#806 = CARTESIAN_POINT('',(-0.383637149434,-0.410986478154));
#807 = CARTESIAN_POINT('',(-0.341423665117,-0.466388678111));
#808 = CARTESIAN_POINT('',(-0.299204227838,-0.527417654328));
#809 = CARTESIAN_POINT('',(-0.213263493914,-0.663268739637));
#810 = CARTESIAN_POINT('',(-0.169633721444,-0.738429482226));
#811 = CARTESIAN_POINT('',(-0.126353969658,-0.819291717941));
#812 = CARTESIAN_POINT('',(-8.355837848082E-02,-0.905493689523));
#813 = CARTESIAN_POINT('',(-4.138771851196E-02,-0.996437736976));
#814 = CARTESIAN_POINT('',(0.,-1.091287885364));
#815 = ( GEOMETRIC_REPRESENTATION_CONTEXT(2) 
PARAMETRIC_REPRESENTATION_CONTEXT() REPRESENTATION_CONTEXT('2D SPACE',''
  ) );
#816 = PCURVE('',#817,#822);
#817 = CYLINDRICAL_SURFACE('',#818,12.);
#818 = AXIS2_PLACEMENT_3D('',#819,#820,#821);
#819 = CARTESIAN_POINT('',(-40.,-68.,-70.));
#820 = DIRECTION('',(-0.,-0.,-1.));
#821 = DIRECTION('',(1.,0.,0.));
#822 = DEFINITIONAL_REPRESENTATION('',(#823),#841);
#823 = B_SPLINE_CURVE_WITH_KNOTS('',6,(#824,#825,#826,#827,#828,#829,
    #830,#831,#832,#833,#834,#835,#836,#837,#838,#839,#840),
  .UNSPECIFIED.,.F.,.F.,(7,5,5,7),(0.,0.212328582024,0.598167792337,1.),
  .UNSPECIFIED.);
#824 = CARTESIAN_POINT('',(-1.738244338402,-2.0000006));
#825 = CARTESIAN_POINT('',(-1.745707512303,-1.933771473299));
#826 = CARTESIAN_POINT('',(-1.753383274927,-1.869411317506));
#827 = CARTESIAN_POINT('',(-1.761267370621,-1.807072577127));
#828 = CARTESIAN_POINT('',(-1.769355069568,-1.746897995779));
#829 = CARTESIAN_POINT('',(-1.777641237779,-1.689020903764));
#830 = CARTESIAN_POINT('',(-1.801528582298,-1.532793076363));
#831 = CARTESIAN_POINT('',(-1.817588550885,-1.439923227456));
#832 = CARTESIAN_POINT('',(-1.834225562998,-1.356015828117));
#833 = CARTESIAN_POINT('',(-1.851357191861,-1.281837242844));
#834 = CARTESIAN_POINT('',(-1.86889428348,-1.21787472702));
#835 = CARTESIAN_POINT('',(-1.905329311415,-1.108608357374));
#836 = CARTESIAN_POINT('',(-1.924219031531,-1.06429086224));
#837 = CARTESIAN_POINT('',(-1.943303815281,-1.031562081622));
#838 = CARTESIAN_POINT('',(-1.962470765871,-1.010277658504));
#839 = CARTESIAN_POINT('',(-1.981601728422,-1.));
#840 = CARTESIAN_POINT('',(-2.000571758099,-1.));
#841 = ( GEOMETRIC_REPRESENTATION_CONTEXT(2) 
PARAMETRIC_REPRESENTATION_CONTEXT() REPRESENTATION_CONTEXT('2D SPACE',''
  ) );
#842 = ADVANCED_FACE('',(#843),#100,.F.);
#843 = FACE_BOUND('',#844,.T.);
#844 = EDGE_LOOP('',(#845,#846,#847,#880,#926,#954));
#845 = ORIENTED_EDGE('',*,*,#460,.F.);
#846 = ORIENTED_EDGE('',*,*,#84,.F.);
#847 = ORIENTED_EDGE('',*,*,#848,.T.);
#848 = EDGE_CURVE('',#85,#849,#851,.T.);
#849 = VERTEX_POINT('',#850);
#850 = CARTESIAN_POINT('',(-33.0686179158,-40.0553023732,-22.6179740868)
  );
#851 = SURFACE_CURVE('',#852,(#857,#869),.PCURVE_S1.);
#852 = ELLIPSE('',#853,5.656854249492,4.);
#853 = AXIS2_PLACEMENT_3D('',#854,#855,#856);
#854 = CARTESIAN_POINT('',(-30.,-43.53837214478,-24.58475444218));
#855 = DIRECTION('',(0.707106781187,0.249332380594,0.661689779268));
#856 = DIRECTION('',(-0.707106781187,0.249332380594,0.661689779268));
#857 = PCURVE('',#100,#858);
#858 = DEFINITIONAL_REPRESENTATION('',(#859),#868);
#859 = B_SPLINE_CURVE_WITH_KNOTS('',7,(#860,#861,#862,#863,#864,#865,
    #866,#867),.UNSPECIFIED.,.F.,.F.,(8,8),(4.712388980385,
    5.586782297138),.PIECEWISE_BEZIER_KNOTS.);
#860 = CARTESIAN_POINT('',(0.,1.917362467201));
#861 = CARTESIAN_POINT('',(-0.124913330965,1.417709143342));
#862 = CARTESIAN_POINT('',(-0.24982666193,0.918055839688));
#863 = CARTESIAN_POINT('',(-0.374739992894,0.431136288607));
#864 = CARTESIAN_POINT('',(-0.499653323859,-3.031501839692E-02));
#865 = CARTESIAN_POINT('',(-0.624566654824,-0.454376984411));
#866 = CARTESIAN_POINT('',(-0.749479985789,-0.830746630338));
#867 = CARTESIAN_POINT('',(-0.874393316753,-1.151255448607));
#868 = ( GEOMETRIC_REPRESENTATION_CONTEXT(2) 
PARAMETRIC_REPRESENTATION_CONTEXT() REPRESENTATION_CONTEXT('2D SPACE',''
  ) );
#869 = PCURVE('',#128,#870);
#870 = DEFINITIONAL_REPRESENTATION('',(#871),#879);
#871 = B_SPLINE_CURVE_WITH_KNOTS('',6,(#872,#873,#874,#875,#876,#877,
    #878),.UNSPECIFIED.,.F.,.F.,(7,7),(4.712388980385,5.586782297138),
  .PIECEWISE_BEZIER_KNOTS.);
#872 = CARTESIAN_POINT('',(-1.7763568394E-15,64.));
#873 = CARTESIAN_POINT('',(-0.145732219459,64.582928877836));
#874 = CARTESIAN_POINT('',(-0.291464412031,65.165856013872));
#875 = CARTESIAN_POINT('',(-0.437196661972,65.726509498683));
#876 = CARTESIAN_POINT('',(-0.582928903998,66.242560557382));
#877 = CARTESIAN_POINT('',(-0.728661097294,66.694690961161));
#878 = CARTESIAN_POINT('',(-0.874393316753,67.068617915808));
#879 = ( GEOMETRIC_REPRESENTATION_CONTEXT(2) 
PARAMETRIC_REPRESENTATION_CONTEXT() REPRESENTATION_CONTEXT('2D SPACE',''
  ) );
#880 = ORIENTED_EDGE('',*,*,#881,.T.);
#881 = EDGE_CURVE('',#849,#882,#884,.T.);
#882 = VERTEX_POINT('',#883);
#883 = CARTESIAN_POINT('',(-34.,-41.64018342864,-19.54725361857));
#884 = SURFACE_CURVE('',#885,(#895,#908),.PCURVE_S1.);
#885 = B_SPLINE_CURVE_WITH_KNOTS('',8,(#886,#887,#888,#889,#890,#891,
    #892,#893,#894),.UNSPECIFIED.,.F.,.F.,(9,9),(0.,1.),
  .PIECEWISE_BEZIER_KNOTS.);
#886 = CARTESIAN_POINT('',(-33.0686179158,-40.0553023732,-22.6179740868)
  );
#887 = CARTESIAN_POINT('',(-33.3066396221,-40.23775126617,-22.2948662104
    ));
#888 = CARTESIAN_POINT('',(-33.51056321426,-40.43179769143,
    -21.94426257057));
#889 = CARTESIAN_POINT('',(-33.67849575401,-40.63328374105,
    -21.57158127112));
#890 = CARTESIAN_POINT('',(-33.81031345735,-40.83838623067,
    -21.18213698342));
#891 = CARTESIAN_POINT('',(-33.90683215264,-41.04389821098,
    -20.78084596539));
#892 = CARTESIAN_POINT('',(-33.96949119168,-41.24724507189,
    -20.37215383468));
#893 = CARTESIAN_POINT('',(-34.,-41.44647175544,-19.95990440633));
#894 = CARTESIAN_POINT('',(-34.,-41.64018342864,-19.54725361858));
#895 = PCURVE('',#100,#896);
#896 = DEFINITIONAL_REPRESENTATION('',(#897),#907);
#897 = B_SPLINE_CURVE_WITH_KNOTS('',8,(#898,#899,#900,#901,#902,#903,
    #904,#905,#906),.UNSPECIFIED.,.F.,.F.,(9,9),(0.,1.),
  .PIECEWISE_BEZIER_KNOTS.);
#898 = CARTESIAN_POINT('',(-0.874393316753,-1.151255448607));
#899 = CARTESIAN_POINT('',(-0.967158577742,-1.389277154907));
#900 = CARTESIAN_POINT('',(-1.058396482152,-1.648939192924));
#901 = CARTESIAN_POINT('',(-1.147907633773,-1.926637576793));
#902 = CARTESIAN_POINT('',(-1.235673250828,-2.218747083109));
#903 = CARTESIAN_POINT('',(-1.321724722633,-2.521798021877));
#904 = CARTESIAN_POINT('',(-1.40615446876,-2.832538145841));
#905 = CARTESIAN_POINT('',(-1.489102782167,-3.148059897152));
#906 = CARTESIAN_POINT('',(-1.570796326795,-3.465901872388));
#907 = ( GEOMETRIC_REPRESENTATION_CONTEXT(2) 
PARAMETRIC_REPRESENTATION_CONTEXT() REPRESENTATION_CONTEXT('2D SPACE',''
  ) );
#908 = PCURVE('',#909,#914);
#909 = CYLINDRICAL_SURFACE('',#910,46.);
#910 = AXIS2_PLACEMENT_3D('',#911,#912,#913);
#911 = CARTESIAN_POINT('',(-34.,0.,0.));
#912 = DIRECTION('',(-1.,-0.,-0.));
#913 = DIRECTION('',(0.,1.,0.));
#914 = DEFINITIONAL_REPRESENTATION('',(#915),#925);
#915 = B_SPLINE_CURVE_WITH_KNOTS('',8,(#916,#917,#918,#919,#920,#921,
    #922,#923,#924),.UNSPECIFIED.,.F.,.F.,(9,9),(0.,1.),
  .PIECEWISE_BEZIER_KNOTS.);
#916 = CARTESIAN_POINT('',(-9.938813306998,-0.931382084192));
#917 = CARTESIAN_POINT('',(-9.930746762564,-0.693360377891));
#918 = CARTESIAN_POINT('',(-9.922035764592,-0.489436785737));
#919 = CARTESIAN_POINT('',(-9.912826520017,-0.321504245981));
#920 = CARTESIAN_POINT('',(-9.90325916549,-0.18968654265));
#921 = CARTESIAN_POINT('',(-9.893459281713,-9.316784735409E-02));
#922 = CARTESIAN_POINT('',(-9.883536774013,-3.050880831749E-02));
#923 = CARTESIAN_POINT('',(-9.87358380791,-1.110223024625E-16));
#924 = CARTESIAN_POINT('',(-9.863673890283,0.));
#925 = ( GEOMETRIC_REPRESENTATION_CONTEXT(2) 
PARAMETRIC_REPRESENTATION_CONTEXT() REPRESENTATION_CONTEXT('2D SPACE',''
  ) );
#926 = ORIENTED_EDGE('',*,*,#927,.T.);
#927 = EDGE_CURVE('',#882,#928,#930,.T.);
#928 = VERTEX_POINT('',#929);
#929 = CARTESIAN_POINT('',(-34.,-45.76771472712,-30.50108667993));
#930 = SURFACE_CURVE('',#931,(#935,#942),.PCURVE_S1.);
#931 = LINE('',#932,#933);
#932 = CARTESIAN_POINT('',(-34.,-42.86229243358,-22.79054290093));
#933 = VECTOR('',#934,1.);
#934 = DIRECTION('',(0.,-0.352609234174,-0.935770659924));
#935 = PCURVE('',#100,#936);
#936 = DEFINITIONAL_REPRESENTATION('',(#937),#941);
#937 = LINE('',#938,#939);
#938 = CARTESIAN_POINT('',(-1.570796326795,0.));
#939 = VECTOR('',#940,1.);
#940 = DIRECTION('',(-0.,1.));
#941 = ( GEOMETRIC_REPRESENTATION_CONTEXT(2) 
PARAMETRIC_REPRESENTATION_CONTEXT() REPRESENTATION_CONTEXT('2D SPACE',''
  ) );
#942 = PCURVE('',#943,#948);
#943 = PLANE('',#944);
#944 = AXIS2_PLACEMENT_3D('',#945,#946,#947);
#945 = CARTESIAN_POINT('',(-34.,-3.182406126637E-15,9.372203282004E-16)
  );
#946 = DIRECTION('',(1.,0.,0.));
#947 = DIRECTION('',(-0.,0.,1.));
#948 = DEFINITIONAL_REPRESENTATION('',(#949),#953);
#949 = LINE('',#950,#951);
#950 = CARTESIAN_POINT('',(-22.79054290093,42.862292433588));
#951 = VECTOR('',#952,1.);
#952 = DIRECTION('',(-0.935770659924,0.352609234174));
#953 = ( GEOMETRIC_REPRESENTATION_CONTEXT(2) 
PARAMETRIC_REPRESENTATION_CONTEXT() REPRESENTATION_CONTEXT('2D SPACE',''
  ) );
#954 = ORIENTED_EDGE('',*,*,#955,.F.);
#955 = EDGE_CURVE('',#461,#928,#956,.T.);
#956 = SURFACE_CURVE('',#957,(#966,#978),.PCURVE_S1.);
#957 = B_SPLINE_CURVE_WITH_KNOTS('',7,(#958,#959,#960,#961,#962,#963,
    #964,#965),.UNSPECIFIED.,.F.,.F.,(8,8),(0.,1.),
  .PIECEWISE_BEZIER_KNOTS.);
#958 = CARTESIAN_POINT('',(-33.35734603769,-44.25597829969,
    -32.65590887935));
#959 = CARTESIAN_POINT('',(-33.53837603941,-44.45370278186,
    -32.38794847977));
#960 = CARTESIAN_POINT('',(-33.69211003009,-44.66271668982,
    -32.10072646148));
#961 = CARTESIAN_POINT('',(-33.8159709528,-44.87984162723,
    -31.79759942968));
#962 = CARTESIAN_POINT('',(-33.9086985346,-45.10184522112,-31.4822280427
    ));
#963 = CARTESIAN_POINT('',(-33.96991893253,-45.32566792454,
    -31.15841233808));
#964 = CARTESIAN_POINT('',(-34.,-45.54848347512,-30.83004916923));
#965 = CARTESIAN_POINT('',(-34.,-45.76771472712,-30.50108667993));
#966 = PCURVE('',#100,#967);
#967 = DEFINITIONAL_REPRESENTATION('',(#968),#977);
#968 = B_SPLINE_CURVE_WITH_KNOTS('',7,(#969,#970,#971,#972,#973,#974,
    #975,#976),.UNSPECIFIED.,.F.,.F.,(8,8),(0.,1.),
  .PIECEWISE_BEZIER_KNOTS.);
#969 = CARTESIAN_POINT('',(-0.996061548004,9.723146537949));
#970 = CARTESIAN_POINT('',(-1.079314831196,9.54211653623));
#971 = CARTESIAN_POINT('',(-1.162500361397,9.347042832652));
#972 = CARTESIAN_POINT('',(-1.245338324058,9.13994570796));
#973 = CARTESIAN_POINT('',(-1.327686087506,8.923110934271));
#974 = CARTESIAN_POINT('',(-1.409437893261,8.699015650706));
#975 = CARTESIAN_POINT('',(-1.490509980599,8.470309852155));
#976 = CARTESIAN_POINT('',(-1.570796326795,8.239779370322));
#977 = ( GEOMETRIC_REPRESENTATION_CONTEXT(2) 
PARAMETRIC_REPRESENTATION_CONTEXT() REPRESENTATION_CONTEXT('2D SPACE',''
  ) );
#978 = PCURVE('',#423,#979);
#979 = DEFINITIONAL_REPRESENTATION('',(#980),#989);
#980 = B_SPLINE_CURVE_WITH_KNOTS('',7,(#981,#982,#983,#984,#985,#986,
    #987,#988),.UNSPECIFIED.,.F.,.F.,(8,8),(0.,1.),
  .PIECEWISE_BEZIER_KNOTS.);
#981 = CARTESIAN_POINT('',(-3.777296231069,-12.6426539623));
#982 = CARTESIAN_POINT('',(-3.771241446837,-12.46162396058));
#983 = CARTESIAN_POINT('',(-3.764782990492,-12.30788996991));
#984 = CARTESIAN_POINT('',(-3.75800391851,-12.18402904719));
#985 = CARTESIAN_POINT('',(-3.750992101974,-12.0913014654));
#986 = CARTESIAN_POINT('',(-3.743835416018,-12.03008106746));
#987 = CARTESIAN_POINT('',(-3.736620689309,-12.));
#988 = CARTESIAN_POINT('',(-3.729433035496,-12.));
#989 = ( GEOMETRIC_REPRESENTATION_CONTEXT(2) 
PARAMETRIC_REPRESENTATION_CONTEXT() REPRESENTATION_CONTEXT('2D SPACE',''
  ) );
#990 = ADVANCED_FACE('',(#991),#272,.F.);
#991 = FACE_BOUND('',#992,.F.);
#992 = EDGE_LOOP('',(#993,#1014,#1015,#1016,#1050,#1076,#1137,#1160));
#993 = ORIENTED_EDGE('',*,*,#994,.F.);
#994 = EDGE_CURVE('',#521,#995,#997,.T.);
#995 = VERTEX_POINT('',#996);
#996 = CARTESIAN_POINT('',(-36.71239360476,-56.4591315669,-68.));
#997 = SURFACE_CURVE('',#998,(#1002,#1008),.PCURVE_S1.);
#998 = LINE('',#999,#1000);
#999 = CARTESIAN_POINT('',(-40.,-56.4591315669,-68.));
#1000 = VECTOR('',#1001,1.);
#1001 = DIRECTION('',(1.,0.,0.));
#1002 = PCURVE('',#272,#1003);
#1003 = DEFINITIONAL_REPRESENTATION('',(#1004),#1007);
#1004 = B_SPLINE_CURVE_WITH_KNOTS('',1,(#1005,#1006),.UNSPECIFIED.,.F.,
  .F.,(2,2),(-5.0000006,14.4),.PIECEWISE_BEZIER_KNOTS.);
#1005 = CARTESIAN_POINT('',(0.643501108793,-5.0000006));
#1006 = CARTESIAN_POINT('',(0.643501108793,14.4));
#1007 = ( GEOMETRIC_REPRESENTATION_CONTEXT(2) 
PARAMETRIC_REPRESENTATION_CONTEXT() REPRESENTATION_CONTEXT('2D SPACE',''
  ) );
#1008 = PCURVE('',#537,#1009);
#1009 = DEFINITIONAL_REPRESENTATION('',(#1010),#1013);
#1010 = B_SPLINE_CURVE_WITH_KNOTS('',1,(#1011,#1012),.UNSPECIFIED.,.F.,
  .F.,(2,2),(-5.0000006,14.4),.PIECEWISE_BEZIER_KNOTS.);
#1011 = CARTESIAN_POINT('',(-5.0000006,11.540868433094));
#1012 = CARTESIAN_POINT('',(14.4,11.540868433094));
#1013 = ( GEOMETRIC_REPRESENTATION_CONTEXT(2) 
PARAMETRIC_REPRESENTATION_CONTEXT() REPRESENTATION_CONTEXT('2D SPACE',''
  ) );
#1014 = ORIENTED_EDGE('',*,*,#548,.T.);
#1015 = ORIENTED_EDGE('',*,*,#256,.T.);
#1016 = ORIENTED_EDGE('',*,*,#1017,.F.);
#1017 = EDGE_CURVE('',#1018,#225,#1020,.T.);
#1018 = VERTEX_POINT('',#1019);
#1019 = CARTESIAN_POINT('',(42.,-56.4591315669,-68.));
#1020 = SURFACE_CURVE('',#1021,(#1026,#1038),.PCURVE_S1.);
#1021 = ELLIPSE('',#1022,7.071067811865,5.);
#1022 = AXIS2_PLACEMENT_3D('',#1023,#1024,#1025);
#1023 = CARTESIAN_POINT('',(45.,-59.4591315669,-64.));
#1024 = DIRECTION('',(0.707106781187,0.707106781187,0.));
#1025 = DIRECTION('',(0.707106781187,-0.707106781187,0.));
#1026 = PCURVE('',#272,#1027);
#1027 = DEFINITIONAL_REPRESENTATION('',(#1028),#1037);
#1028 = B_SPLINE_CURVE_WITH_KNOTS('',7,(#1029,#1030,#1031,#1032,#1033,
    #1034,#1035,#1036),.UNSPECIFIED.,.F.,.F.,(8,8),(1.570796326795,
    2.781234683065),.PIECEWISE_BEZIER_KNOTS.);
#1029 = CARTESIAN_POINT('',(0.,85.));
#1030 = CARTESIAN_POINT('',(0.172919765181,84.135401174093));
#1031 = CARTESIAN_POINT('',(0.345839530363,83.270802805037));
#1032 = CARTESIAN_POINT('',(0.518759295545,82.448427146926));
#1033 = CARTESIAN_POINT('',(0.691679060726,81.710513665086));
#1034 = CARTESIAN_POINT('',(0.864598825907,81.094099078611));
#1035 = CARTESIAN_POINT('',(1.037518591089,80.62601223025));
#1036 = CARTESIAN_POINT('',(1.21043835627,80.321146700379));
#1037 = ( GEOMETRIC_REPRESENTATION_CONTEXT(2) 
PARAMETRIC_REPRESENTATION_CONTEXT() REPRESENTATION_CONTEXT('2D SPACE',''
  ) );
#1038 = PCURVE('',#241,#1039);
#1039 = DEFINITIONAL_REPRESENTATION('',(#1040),#1049);
#1040 = B_SPLINE_CURVE_WITH_KNOTS('',7,(#1041,#1042,#1043,#1044,#1045,
    #1046,#1047,#1048),.UNSPECIFIED.,.F.,.F.,(8,8),(1.570796326795,
    2.781234683065),.PIECEWISE_BEZIER_KNOTS.);
#1041 = CARTESIAN_POINT('',(0.,-3.459131566906));
#1042 = CARTESIAN_POINT('',(0.172919765181,-2.594532740999));
#1043 = CARTESIAN_POINT('',(0.345839530363,-1.729934371956));
#1044 = CARTESIAN_POINT('',(0.518759295545,-0.907558713803));
#1045 = CARTESIAN_POINT('',(0.691679060726,-0.169645232026));
#1046 = CARTESIAN_POINT('',(0.864598825907,0.446769354502));
#1047 = CARTESIAN_POINT('',(1.037518591089,0.914856202844));
#1048 = CARTESIAN_POINT('',(1.21043835627,1.219721732715));
#1049 = ( GEOMETRIC_REPRESENTATION_CONTEXT(2) 
PARAMETRIC_REPRESENTATION_CONTEXT() REPRESENTATION_CONTEXT('2D SPACE',''
  ) );
#1050 = ORIENTED_EDGE('',*,*,#1051,.F.);
#1051 = EDGE_CURVE('',#1052,#1018,#1054,.T.);
#1052 = VERTEX_POINT('',#1053);
#1053 = CARTESIAN_POINT('',(36.71239360476,-56.4591315669,-68.));
#1054 = SURFACE_CURVE('',#1055,(#1059,#1065),.PCURVE_S1.);
#1055 = LINE('',#1056,#1057);
#1056 = CARTESIAN_POINT('',(-40.,-56.4591315669,-68.));
#1057 = VECTOR('',#1058,1.);
#1058 = DIRECTION('',(1.,0.,0.));
#1059 = PCURVE('',#272,#1060);
#1060 = DEFINITIONAL_REPRESENTATION('',(#1061),#1064);
#1061 = B_SPLINE_CURVE_WITH_KNOTS('',1,(#1062,#1063),.UNSPECIFIED.,.F.,
  .F.,(2,2),(65.6,85.0000006),.PIECEWISE_BEZIER_KNOTS.);
#1062 = CARTESIAN_POINT('',(0.643501108793,65.6));
#1063 = CARTESIAN_POINT('',(0.643501108793,85.0000006));
#1064 = ( GEOMETRIC_REPRESENTATION_CONTEXT(2) 
PARAMETRIC_REPRESENTATION_CONTEXT() REPRESENTATION_CONTEXT('2D SPACE',''
  ) );
#1065 = PCURVE('',#1066,#1071);
#1066 = PLANE('',#1067);
#1067 = AXIS2_PLACEMENT_3D('',#1068,#1069,#1070);
#1068 = CARTESIAN_POINT('',(40.,-68.,-68.));
#1069 = DIRECTION('',(0.,0.,1.));
#1070 = DIRECTION('',(1.,0.,-0.));
#1071 = DEFINITIONAL_REPRESENTATION('',(#1072),#1075);
#1072 = B_SPLINE_CURVE_WITH_KNOTS('',1,(#1073,#1074),.UNSPECIFIED.,.F.,
  .F.,(2,2),(65.6,85.0000006),.PIECEWISE_BEZIER_KNOTS.);
#1073 = CARTESIAN_POINT('',(-14.4,11.540868433094));
#1074 = CARTESIAN_POINT('',(5.0000006,11.540868433094));
#1075 = ( GEOMETRIC_REPRESENTATION_CONTEXT(2) 
PARAMETRIC_REPRESENTATION_CONTEXT() REPRESENTATION_CONTEXT('2D SPACE',''
  ) );
#1076 = ORIENTED_EDGE('',*,*,#1077,.T.);
#1077 = EDGE_CURVE('',#1052,#1078,#1080,.T.);
#1078 = VERTEX_POINT('',#1079);
#1079 = CARTESIAN_POINT('',(31.570672244563,-59.4591315669,-69.));
#1080 = SURFACE_CURVE('',#1081,(#1096,#1114),.PCURVE_S1.);
#1081 = B_SPLINE_CURVE_WITH_KNOTS('',7,(#1082,#1083,#1084,#1085,#1086,
    #1087,#1088,#1089,#1090,#1091,#1092,#1093,#1094,#1095),
  .UNSPECIFIED.,.F.,.F.,(8,6,8),(0.,0.207188071998,1.),.UNSPECIFIED.);
#1082 = CARTESIAN_POINT('',(36.712396413095,-56.4591307669,-67.9999994)
  );
#1083 = CARTESIAN_POINT('',(36.549804565788,-56.50544768893,
    -68.03473710599));
#1084 = CARTESIAN_POINT('',(36.387852693293,-56.55447159007,
    -68.07052740346));
#1085 = CARTESIAN_POINT('',(36.22653629965,-56.60621153533,
    -68.10720692227));
#1086 = CARTESIAN_POINT('',(36.06585315737,-56.66068080179,
    -68.14461177111));
#1087 = CARTESIAN_POINT('',(35.905803307438,-56.71789687854,
    -68.18257753743));
#1088 = CARTESIAN_POINT('',(35.746389059312,-56.77788146674,
    -68.2209392875));
#1089 = CARTESIAN_POINT('',(34.980060829786,-57.08088642378,
    -68.40720618257));
#1090 = CARTESIAN_POINT('',(34.38533255109,-57.36066470048,
    -68.55741550113));
#1091 = CARTESIAN_POINT('',(33.798273233941,-57.68267729119,
    -68.70207258774));
#1092 = CARTESIAN_POINT('',(33.218736802086,-58.05096622565,
    -68.83249498211));
#1093 = CARTESIAN_POINT('',(32.649781843053,-58.4689824634,
    -68.9368991084));
#1094 = CARTESIAN_POINT('',(32.097589083142,-58.9390960732,-69.));
#1095 = CARTESIAN_POINT('',(31.570672244563,-59.4591315669,-69.));
#1096 = PCURVE('',#272,#1097);
#1097 = DEFINITIONAL_REPRESENTATION('',(#1098),#1113);
#1098 = B_SPLINE_CURVE_WITH_KNOTS('',7,(#1099,#1100,#1101,#1102,#1103,
    #1104,#1105,#1106,#1107,#1108,#1109,#1110,#1111,#1112),
  .UNSPECIFIED.,.F.,.F.,(8,6,8),(0.,0.207188071998,1.),.UNSPECIFIED.);
#1099 = CARTESIAN_POINT('',(0.643501308793,76.712396413095));
#1100 = CARTESIAN_POINT('',(0.631922076549,76.549804565788));
#1101 = CARTESIAN_POINT('',(0.619783326061,76.387852693293));
#1102 = CARTESIAN_POINT('',(0.607100891764,76.22653629965));
#1103 = CARTESIAN_POINT('',(0.593888625447,76.06585315737));
#1104 = CARTESIAN_POINT('',(0.58015839625,75.905803307438));
#1105 = CARTESIAN_POINT('',(0.565920090663,75.746389059312));
#1106 = CARTESIAN_POINT('',(0.494784344321,74.980060829786));
#1107 = CARTESIAN_POINT('',(0.4313834391,74.38533255109));
#1108 = CARTESIAN_POINT('',(0.361070028025,73.798273233941));
#1109 = CARTESIAN_POINT('',(0.283465049699,73.218736802086));
#1110 = CARTESIAN_POINT('',(0.19803107422,72.649781843053));
#1111 = CARTESIAN_POINT('',(0.10400709874,72.097589083142));
#1112 = CARTESIAN_POINT('',(0.,71.570672244563));
#1113 = ( GEOMETRIC_REPRESENTATION_CONTEXT(2) 
PARAMETRIC_REPRESENTATION_CONTEXT() REPRESENTATION_CONTEXT('2D SPACE',''
  ) );
#1114 = PCURVE('',#1115,#1120);
#1115 = CYLINDRICAL_SURFACE('',#1116,12.);
#1116 = AXIS2_PLACEMENT_3D('',#1117,#1118,#1119);
#1117 = CARTESIAN_POINT('',(40.,-68.,-70.));
#1118 = DIRECTION('',(-0.,-0.,-1.));
#1119 = DIRECTION('',(1.,0.,0.));
#1120 = DEFINITIONAL_REPRESENTATION('',(#1121),#1136);
#1121 = B_SPLINE_CURVE_WITH_KNOTS('',7,(#1122,#1123,#1124,#1125,#1126,
    #1127,#1128,#1129,#1130,#1131,#1132,#1133,#1134,#1135),
  .UNSPECIFIED.,.F.,.F.,(8,6,8),(0.,0.207188071998,1.),.UNSPECIFIED.);
#1122 = CARTESIAN_POINT('',(-1.84831173293,-2.0000006));
#1123 = CARTESIAN_POINT('',(-1.862400086591,-1.965262894005));
#1124 = CARTESIAN_POINT('',(-1.876498970638,-1.929472596538));
#1125 = CARTESIAN_POINT('',(-1.890613473698,-1.892793077723));
#1126 = CARTESIAN_POINT('',(-1.904748686583,-1.855388228886));
#1127 = CARTESIAN_POINT('',(-1.918909702292,-1.817422462563));
#1128 = CARTESIAN_POINT('',(-1.933101616013,-1.779060712494));
#1129 = CARTESIAN_POINT('',(-2.001773084259,-1.592793817423));
#1130 = CARTESIAN_POINT('',(-2.056434828587,-1.44258449887));
#1131 = CARTESIAN_POINT('',(-2.112058757356,-1.297927412255));
#1132 = CARTESIAN_POINT('',(-2.169058338475,-1.16750501789));
#1133 = CARTESIAN_POINT('',(-2.227657995557,-1.063100891596));
#1134 = CARTESIAN_POINT('',(-2.28792825503,-1.));
#1135 = CARTESIAN_POINT('',(-2.349621845407,-1.));
#1136 = ( GEOMETRIC_REPRESENTATION_CONTEXT(2) 
PARAMETRIC_REPRESENTATION_CONTEXT() REPRESENTATION_CONTEXT('2D SPACE',''
  ) );
#1137 = ORIENTED_EDGE('',*,*,#1138,.F.);
#1138 = EDGE_CURVE('',#1139,#1078,#1141,.T.);
#1139 = VERTEX_POINT('',#1140);
#1140 = CARTESIAN_POINT('',(-31.57067224456,-59.4591315669,-69.));
#1141 = SURFACE_CURVE('',#1142,(#1146,#1153),.PCURVE_S1.);
#1142 = LINE('',#1143,#1144);
#1143 = CARTESIAN_POINT('',(-40.,-59.4591315669,-69.));
#1144 = VECTOR('',#1145,1.);
#1145 = DIRECTION('',(1.,0.,0.));
#1146 = PCURVE('',#272,#1147);
#1147 = DEFINITIONAL_REPRESENTATION('',(#1148),#1152);
#1148 = LINE('',#1149,#1150);
#1149 = CARTESIAN_POINT('',(0.,0.));
#1150 = VECTOR('',#1151,1.);
#1151 = DIRECTION('',(0.,1.));
#1152 = ( GEOMETRIC_REPRESENTATION_CONTEXT(2) 
PARAMETRIC_REPRESENTATION_CONTEXT() REPRESENTATION_CONTEXT('2D SPACE',''
  ) );
#1153 = PCURVE('',#763,#1154);
#1154 = DEFINITIONAL_REPRESENTATION('',(#1155),#1159);
#1155 = LINE('',#1156,#1157);
#1156 = CARTESIAN_POINT('',(20.,25.540868433094));
#1157 = VECTOR('',#1158,1.);
#1158 = DIRECTION('',(1.,0.));
#1159 = ( GEOMETRIC_REPRESENTATION_CONTEXT(2) 
PARAMETRIC_REPRESENTATION_CONTEXT() REPRESENTATION_CONTEXT('2D SPACE',''
  ) );
#1160 = ORIENTED_EDGE('',*,*,#1161,.T.);
#1161 = EDGE_CURVE('',#1139,#995,#1162,.T.);
#1162 = SURFACE_CURVE('',#1163,(#1178,#1196),.PCURVE_S1.);
#1163 = B_SPLINE_CURVE_WITH_KNOTS('',7,(#1164,#1165,#1166,#1167,#1168,
    #1169,#1170,#1171,#1172,#1173,#1174,#1175,#1176,#1177),
  .UNSPECIFIED.,.F.,.F.,(8,6,8),(0.,0.792295494256,1.),.UNSPECIFIED.);
#1164 = CARTESIAN_POINT('',(-31.57067224456,-59.4591315669,-69.));
#1165 = CARTESIAN_POINT('',(-32.0972434221,-58.93943722003,-69.));
#1166 = CARTESIAN_POINT('',(-32.64905898396,-58.46959769742,
    -68.93698187542));
#1167 = CARTESIAN_POINT('',(-33.21762165041,-58.05178528064,
    -68.83269970072));
#1168 = CARTESIAN_POINT('',(-33.79676110475,-57.68363801968,
    -68.70241295859));
#1169 = CARTESIAN_POINT('',(-34.38342078056,-57.36171315182,
    -68.55788659742));
#1170 = CARTESIAN_POINT('',(-34.97774084885,-57.08197768449,
    -68.40779206024));
#1171 = CARTESIAN_POINT('',(-35.74401535778,-56.77877492176,
    -68.2215105516));
#1172 = CARTESIAN_POINT('',(-35.90381734838,-56.71860701959,
    -68.18304867585));
#1173 = CARTESIAN_POINT('',(-36.06425806783,-56.66122162438,
    -68.14498311863));
#1174 = CARTESIAN_POINT('',(-36.22533520971,-56.60659682444,
    -68.10748004018));
#1175 = CARTESIAN_POINT('',(-36.38704875475,-56.55471496727,
    -68.07070507542));
#1176 = CARTESIAN_POINT('',(-36.54940097085,-56.50556265949,
    -68.03482333394));
#1177 = CARTESIAN_POINT('',(-36.71239641309,-56.4591307669,-67.9999994)
  );
#1178 = PCURVE('',#272,#1179);
#1179 = DEFINITIONAL_REPRESENTATION('',(#1180),#1195);
#1180 = B_SPLINE_CURVE_WITH_KNOTS('',7,(#1181,#1182,#1183,#1184,#1185,
    #1186,#1187,#1188,#1189,#1190,#1191,#1192,#1193,#1194),
  .UNSPECIFIED.,.F.,.F.,(8,6,8),(0.,0.792295494256,1.),.UNSPECIFIED.);
#1181 = CARTESIAN_POINT('',(0.,8.429327755437));
#1182 = CARTESIAN_POINT('',(0.103938869375,7.902756577895));
#1183 = CARTESIAN_POINT('',(0.197908037461,7.350941016034));
#1184 = CARTESIAN_POINT('',(0.283297620072,6.782378349585));
#1185 = CARTESIAN_POINT('',(0.360867585208,6.203238895248));
#1186 = CARTESIAN_POINT('',(0.431154494632,5.616579219432));
#1187 = CARTESIAN_POINT('',(0.494537047941,5.022259151142));
#1188 = CARTESIAN_POINT('',(0.56570802961,4.255984642212));
#1189 = CARTESIAN_POINT('',(0.579987991822,4.096182651615));
#1190 = CARTESIAN_POINT('',(0.593757446072,3.935741932163));
#1191 = CARTESIAN_POINT('',(0.607006451683,3.774664790286));
#1192 = CARTESIAN_POINT('',(0.619723063903,3.612951245249));
#1193 = CARTESIAN_POINT('',(0.631893333906,3.450599029146));
#1194 = CARTESIAN_POINT('',(0.643501308793,3.287603586905));
#1195 = ( GEOMETRIC_REPRESENTATION_CONTEXT(2) 
PARAMETRIC_REPRESENTATION_CONTEXT() REPRESENTATION_CONTEXT('2D SPACE',''
  ) );
#1196 = PCURVE('',#817,#1197);
#1197 = DEFINITIONAL_REPRESENTATION('',(#1198),#1213);
#1198 = B_SPLINE_CURVE_WITH_KNOTS('',7,(#1199,#1200,#1201,#1202,#1203,
    #1204,#1205,#1206,#1207,#1208,#1209,#1210,#1211,#1212),
  .UNSPECIFIED.,.F.,.F.,(8,6,8),(0.,0.792295494256,1.),.UNSPECIFIED.);
#1199 = CARTESIAN_POINT('',(-0.791970808182,-1.));
#1200 = CARTESIAN_POINT('',(-0.853623927144,-1.));
#1201 = CARTESIAN_POINT('',(-0.913855768314,-1.063018124572));
#1202 = CARTESIAN_POINT('',(-0.972419475621,-1.167300299272));
#1203 = CARTESIAN_POINT('',(-1.029385180059,-1.297587041402));
#1204 = CARTESIAN_POINT('',(-1.084976690836,-1.442113402572));
#1205 = CARTESIAN_POINT('',(-1.139606341851,-1.592207939759));
#1206 = CARTESIAN_POINT('',(-1.208279710172,-1.778489448398));
#1207 = CARTESIAN_POINT('',(-1.222507231193,-1.816951324144));
#1208 = CARTESIAN_POINT('',(-1.236703644854,-1.855016881369));
#1209 = CARTESIAN_POINT('',(-1.250874087997,-1.892519959818));
#1210 = CARTESIAN_POINT('',(-1.265023694657,-1.929294924574));
#1211 = CARTESIAN_POINT('',(-1.279157596069,-1.965176666052));
#1212 = CARTESIAN_POINT('',(-1.29328092066,-2.0000006));
#1213 = ( GEOMETRIC_REPRESENTATION_CONTEXT(2) 
PARAMETRIC_REPRESENTATION_CONTEXT() REPRESENTATION_CONTEXT('2D SPACE',''
  ) );
#1214 = ADVANCED_FACE('',(#1215),#128,.F.);
#1215 = FACE_BOUND('',#1216,.T.);
#1216 = EDGE_LOOP('',(#1217,#1249,#1270,#1271));
#1217 = ORIENTED_EDGE('',*,*,#1218,.T.);
#1218 = EDGE_CURVE('',#113,#1219,#1221,.T.);
#1219 = VERTEX_POINT('',#1220);
#1220 = CARTESIAN_POINT('',(33.068617915808,-40.0553023732,
    -22.6179740868));
#1221 = SURFACE_CURVE('',#1222,(#1227,#1238),.PCURVE_S1.);
#1222 = ELLIPSE('',#1223,5.656854249492,4.);
#1223 = AXIS2_PLACEMENT_3D('',#1224,#1225,#1226);
#1224 = CARTESIAN_POINT('',(30.,-43.53837214478,-24.58475444218));
#1225 = DIRECTION('',(0.707106781187,-0.249332380594,-0.661689779268));
#1226 = DIRECTION('',(-0.707106781187,-0.249332380594,-0.661689779268));
#1227 = PCURVE('',#128,#1228);
#1228 = DEFINITIONAL_REPRESENTATION('',(#1229),#1237);
#1229 = B_SPLINE_CURVE_WITH_KNOTS('',6,(#1230,#1231,#1232,#1233,#1234,
    #1235,#1236),.UNSPECIFIED.,.F.,.F.,(7,7),(1.570796326795,
    2.445189643548),.PIECEWISE_BEZIER_KNOTS.);
#1230 = CARTESIAN_POINT('',(-1.887379141863E-15,4.));
#1231 = CARTESIAN_POINT('',(-0.145732219459,3.417071122164));
#1232 = CARTESIAN_POINT('',(-0.291464412031,2.834143986126));
#1233 = CARTESIAN_POINT('',(-0.437196661972,2.273490501319));
#1234 = CARTESIAN_POINT('',(-0.582928903998,1.757439442616));
#1235 = CARTESIAN_POINT('',(-0.728661097294,1.305309038839));
#1236 = CARTESIAN_POINT('',(-0.874393316753,0.931382084192));
#1237 = ( GEOMETRIC_REPRESENTATION_CONTEXT(2) 
PARAMETRIC_REPRESENTATION_CONTEXT() REPRESENTATION_CONTEXT('2D SPACE',''
  ) );
#1238 = PCURVE('',#156,#1239);
#1239 = DEFINITIONAL_REPRESENTATION('',(#1240),#1248);
#1240 = B_SPLINE_CURVE_WITH_KNOTS('',6,(#1241,#1242,#1243,#1244,#1245,
    #1246,#1247),.UNSPECIFIED.,.F.,.F.,(7,7),(1.570796326795,
    2.445189643548),.PIECEWISE_BEZIER_KNOTS.);
#1241 = CARTESIAN_POINT('',(1.110223024625E-16,1.917362467201));
#1242 = CARTESIAN_POINT('',(0.145732219459,1.334433589366));
#1243 = CARTESIAN_POINT('',(0.291464412031,0.751506453327));
#1244 = CARTESIAN_POINT('',(0.437196661972,0.190852968521));
#1245 = CARTESIAN_POINT('',(0.582928903998,-0.325198090183));
#1246 = CARTESIAN_POINT('',(0.728661097294,-0.77732849396));
#1247 = CARTESIAN_POINT('',(0.874393316753,-1.151255448607));
#1248 = ( GEOMETRIC_REPRESENTATION_CONTEXT(2) 
PARAMETRIC_REPRESENTATION_CONTEXT() REPRESENTATION_CONTEXT('2D SPACE',''
  ) );
#1249 = ORIENTED_EDGE('',*,*,#1250,.T.);
#1250 = EDGE_CURVE('',#1219,#849,#1251,.T.);
#1251 = SURFACE_CURVE('',#1252,(#1256,#1263),.PCURVE_S1.);
#1252 = LINE('',#1253,#1254);
#1253 = CARTESIAN_POINT('',(34.,-40.0553023732,-22.6179740868));
#1254 = VECTOR('',#1255,1.);
#1255 = DIRECTION('',(-1.,-0.,-0.));
#1256 = PCURVE('',#128,#1257);
#1257 = DEFINITIONAL_REPRESENTATION('',(#1258),#1262);
#1258 = LINE('',#1259,#1260);
#1259 = CARTESIAN_POINT('',(-0.874393316753,0.));
#1260 = VECTOR('',#1261,1.);
#1261 = DIRECTION('',(-0.,1.));
#1262 = ( GEOMETRIC_REPRESENTATION_CONTEXT(2) 
PARAMETRIC_REPRESENTATION_CONTEXT() REPRESENTATION_CONTEXT('2D SPACE',''
  ) );
#1263 = PCURVE('',#909,#1264);
#1264 = DEFINITIONAL_REPRESENTATION('',(#1265),#1269);
#1265 = LINE('',#1266,#1267);
#1266 = CARTESIAN_POINT('',(-9.938813306998,-68.));
#1267 = VECTOR('',#1268,1.);
#1268 = DIRECTION('',(-0.,1.));
#1269 = ( GEOMETRIC_REPRESENTATION_CONTEXT(2) 
PARAMETRIC_REPRESENTATION_CONTEXT() REPRESENTATION_CONTEXT('2D SPACE',''
  ) );
#1270 = ORIENTED_EDGE('',*,*,#848,.F.);
#1271 = ORIENTED_EDGE('',*,*,#112,.F.);
#1272 = ADVANCED_FACE('',(#1273),#241,.F.);
#1273 = FACE_BOUND('',#1274,.F.);
#1274 = EDGE_LOOP('',(#1275,#1296,#1297,#1298,#1321,#1352,#1386,#1412,
    #1482,#1505));
#1275 = ORIENTED_EDGE('',*,*,#1276,.F.);
#1276 = EDGE_CURVE('',#1018,#1277,#1279,.T.);
#1277 = VERTEX_POINT('',#1278);
#1278 = CARTESIAN_POINT('',(42.,-56.1678404338,-68.));
#1279 = SURFACE_CURVE('',#1280,(#1284,#1290),.PCURVE_S1.);
#1280 = LINE('',#1281,#1282);
#1281 = CARTESIAN_POINT('',(42.,-56.,-68.));
#1282 = VECTOR('',#1283,1.);
#1283 = DIRECTION('',(0.,1.,0.));
#1284 = PCURVE('',#241,#1285);
#1285 = DEFINITIONAL_REPRESENTATION('',(#1286),#1289);
#1286 = B_SPLINE_CURVE_WITH_KNOTS('',1,(#1287,#1288),.UNSPECIFIED.,.F.,
  .F.,(2,2),(-3.459132166906,2.4),.PIECEWISE_BEZIER_KNOTS.);
#1287 = CARTESIAN_POINT('',(0.643501108793,-3.459132166906));
#1288 = CARTESIAN_POINT('',(0.643501108793,2.4));
#1289 = ( GEOMETRIC_REPRESENTATION_CONTEXT(2) 
PARAMETRIC_REPRESENTATION_CONTEXT() REPRESENTATION_CONTEXT('2D SPACE',''
  ) );
#1290 = PCURVE('',#1066,#1291);
#1291 = DEFINITIONAL_REPRESENTATION('',(#1292),#1295);
#1292 = B_SPLINE_CURVE_WITH_KNOTS('',1,(#1293,#1294),.UNSPECIFIED.,.F.,
  .F.,(2,2),(-3.459132166906,2.4),.PIECEWISE_BEZIER_KNOTS.);
#1293 = CARTESIAN_POINT('',(2.,8.540867833094));
#1294 = CARTESIAN_POINT('',(2.,14.4));
#1295 = ( GEOMETRIC_REPRESENTATION_CONTEXT(2) 
PARAMETRIC_REPRESENTATION_CONTEXT() REPRESENTATION_CONTEXT('2D SPACE',''
  ) );
#1296 = ORIENTED_EDGE('',*,*,#1017,.T.);
#1297 = ORIENTED_EDGE('',*,*,#224,.T.);
#1298 = ORIENTED_EDGE('',*,*,#1299,.T.);
#1299 = EDGE_CURVE('',#197,#1300,#1302,.T.);
#1300 = VERTEX_POINT('',#1301);
#1301 = CARTESIAN_POINT('',(40.,54.115942028986,-64.));
#1302 = SURFACE_CURVE('',#1303,(#1307,#1314),.PCURVE_S1.);
#1303 = LINE('',#1304,#1305);
#1304 = CARTESIAN_POINT('',(40.,-56.,-64.));
#1305 = VECTOR('',#1306,1.);
#1306 = DIRECTION('',(0.,1.,0.));
#1307 = PCURVE('',#241,#1308);
#1308 = DEFINITIONAL_REPRESENTATION('',(#1309),#1313);
#1309 = LINE('',#1310,#1311);
#1310 = CARTESIAN_POINT('',(1.570796326795,0.));
#1311 = VECTOR('',#1312,1.);
#1312 = DIRECTION('',(0.,1.));
#1313 = ( GEOMETRIC_REPRESENTATION_CONTEXT(2) 
PARAMETRIC_REPRESENTATION_CONTEXT() REPRESENTATION_CONTEXT('2D SPACE',''
  ) );
#1314 = PCURVE('',#212,#1315);
#1315 = DEFINITIONAL_REPRESENTATION('',(#1316),#1320);
#1316 = LINE('',#1317,#1318);
#1317 = CARTESIAN_POINT('',(-23.88448494849,56.));
#1318 = VECTOR('',#1319,1.);
#1319 = DIRECTION('',(0.,-1.));
#1320 = ( GEOMETRIC_REPRESENTATION_CONTEXT(2) 
PARAMETRIC_REPRESENTATION_CONTEXT() REPRESENTATION_CONTEXT('2D SPACE',''
  ) );
#1321 = ORIENTED_EDGE('',*,*,#1322,.F.);
#1322 = EDGE_CURVE('',#1323,#1300,#1325,.T.);
#1323 = VERTEX_POINT('',#1324);
#1324 = CARTESIAN_POINT('',(40.321146700379,54.780278267285,
    -65.76304617087));
#1325 = SURFACE_CURVE('',#1326,(#1331,#1341),.PCURVE_S1.);
#1326 = ELLIPSE('',#1327,5.343189537921,5.);
#1327 = AXIS2_PLACEMENT_3D('',#1328,#1329,#1330);
#1328 = CARTESIAN_POINT('',(45.,54.115942028986,-64.));
#1329 = DIRECTION('',(0.,0.935770659924,0.352609234174));
#1330 = DIRECTION('',(0.,0.352609234174,-0.935770659924));
#1331 = PCURVE('',#241,#1332);
#1332 = DEFINITIONAL_REPRESENTATION('',(#1333),#1340);
#1333 = B_SPLINE_CURVE_WITH_KNOTS('',5,(#1334,#1335,#1336,#1337,#1338,
    #1339),.UNSPECIFIED.,.F.,.F.,(6,6),(1.21043835627,1.570796326795),
  .PIECEWISE_BEZIER_KNOTS.);
#1334 = CARTESIAN_POINT('',(1.21043835627,110.78027826728));
#1335 = CARTESIAN_POINT('',(1.282509950375,110.65321271927));
#1336 = CARTESIAN_POINT('',(1.35458154448,110.52183373184));
#1337 = CARTESIAN_POINT('',(1.426653138585,110.38751617164));
#1338 = CARTESIAN_POINT('',(1.49872473269,110.25172909034));
#1339 = CARTESIAN_POINT('',(1.570796326795,110.11594202898));
#1340 = ( GEOMETRIC_REPRESENTATION_CONTEXT(2) 
PARAMETRIC_REPRESENTATION_CONTEXT() REPRESENTATION_CONTEXT('2D SPACE',''
  ) );
#1341 = PCURVE('',#361,#1342);
#1342 = DEFINITIONAL_REPRESENTATION('',(#1343),#1351);
#1343 = ( BOUNDED_CURVE() B_SPLINE_CURVE(2,(#1344,#1345,#1346,#1347,
#1348,#1349,#1350),.UNSPECIFIED.,.T.,.F.) B_SPLINE_CURVE_WITH_KNOTS((1,2
    ,2,2,2,1),(-2.094395102393,0.,2.094395102393,4.188790204786,
6.28318530718,8.377580409573),.UNSPECIFIED.) CURVE() 
GEOMETRIC_REPRESENTATION_ITEM() RATIONAL_B_SPLINE_CURVE((1.,0.5,1.,0.5,
1.,0.5,1.)) REPRESENTATION_ITEM('') );
#1344 = CARTESIAN_POINT('',(-8.881784197001E-16,-85.));
#1345 = CARTESIAN_POINT('',(-8.881784197001E-16,-76.33974596215));
#1346 = CARTESIAN_POINT('',(8.014784306881,-80.66987298107));
#1347 = CARTESIAN_POINT('',(16.029568613762,-85.));
#1348 = CARTESIAN_POINT('',(8.014784306881,-89.33012701892));
#1349 = CARTESIAN_POINT('',(7.105427357601E-15,-93.66025403784));
#1350 = CARTESIAN_POINT('',(-8.881784197001E-16,-85.));
#1351 = ( GEOMETRIC_REPRESENTATION_CONTEXT(2) 
PARAMETRIC_REPRESENTATION_CONTEXT() REPRESENTATION_CONTEXT('2D SPACE',''
  ) );
#1352 = ORIENTED_EDGE('',*,*,#1353,.F.);
#1353 = EDGE_CURVE('',#1354,#1323,#1356,.T.);
#1354 = VERTEX_POINT('',#1355);
#1355 = CARTESIAN_POINT('',(42.,56.459131566906,-68.));
#1356 = SURFACE_CURVE('',#1357,(#1362,#1374),.PCURVE_S1.);
#1357 = ELLIPSE('',#1358,7.071067811865,5.);
#1358 = AXIS2_PLACEMENT_3D('',#1359,#1360,#1361);
#1359 = CARTESIAN_POINT('',(45.,59.459131566906,-64.));
#1360 = DIRECTION('',(-0.707106781187,0.707106781187,0.));
#1361 = DIRECTION('',(0.707106781187,0.707106781187,0.));
#1362 = PCURVE('',#241,#1363);
#1363 = DEFINITIONAL_REPRESENTATION('',(#1364),#1373);
#1364 = B_SPLINE_CURVE_WITH_KNOTS('',7,(#1365,#1366,#1367,#1368,#1369,
    #1370,#1371,#1372),.UNSPECIFIED.,.F.,.F.,(8,8),(1.570796326795,
    2.781234683065),.PIECEWISE_BEZIER_KNOTS.);
#1365 = CARTESIAN_POINT('',(0.,115.4591315669));
#1366 = CARTESIAN_POINT('',(0.172919765181,114.59453274099));
#1367 = CARTESIAN_POINT('',(0.345839530363,113.72993437194));
#1368 = CARTESIAN_POINT('',(0.518759295544,112.90755871383));
#1369 = CARTESIAN_POINT('',(0.691679060726,112.16964523201));
#1370 = CARTESIAN_POINT('',(0.864598825907,111.55323064551));
#1371 = CARTESIAN_POINT('',(1.037518591089,111.08514379715));
#1372 = CARTESIAN_POINT('',(1.21043835627,110.78027826728));
#1373 = ( GEOMETRIC_REPRESENTATION_CONTEXT(2) 
PARAMETRIC_REPRESENTATION_CONTEXT() REPRESENTATION_CONTEXT('2D SPACE',''
  ) );
#1374 = PCURVE('',#631,#1375);
#1375 = DEFINITIONAL_REPRESENTATION('',(#1376),#1385);
#1376 = B_SPLINE_CURVE_WITH_KNOTS('',7,(#1377,#1378,#1379,#1380,#1381,
    #1382,#1383,#1384),.UNSPECIFIED.,.F.,.F.,(8,8),(1.570796326795,
    2.781234683065),.PIECEWISE_BEZIER_KNOTS.);
#1377 = CARTESIAN_POINT('',(0.,85.));
#1378 = CARTESIAN_POINT('',(-0.172919765181,84.135401174093));
#1379 = CARTESIAN_POINT('',(-0.345839530363,83.270802805051));
#1380 = CARTESIAN_POINT('',(-0.518759295544,82.44842714689));
#1381 = CARTESIAN_POINT('',(-0.691679060726,81.71051366513));
#1382 = CARTESIAN_POINT('',(-0.864598825907,81.094099078589));
#1383 = CARTESIAN_POINT('',(-1.037518591089,80.62601223025));
#1384 = CARTESIAN_POINT('',(-1.21043835627,80.321146700379));
#1385 = ( GEOMETRIC_REPRESENTATION_CONTEXT(2) 
PARAMETRIC_REPRESENTATION_CONTEXT() REPRESENTATION_CONTEXT('2D SPACE',''
  ) );
#1386 = ORIENTED_EDGE('',*,*,#1387,.F.);
#1387 = EDGE_CURVE('',#1388,#1354,#1390,.T.);
#1388 = VERTEX_POINT('',#1389);
#1389 = CARTESIAN_POINT('',(42.,56.167840433801,-68.));
#1390 = SURFACE_CURVE('',#1391,(#1395,#1401),.PCURVE_S1.);
#1391 = LINE('',#1392,#1393);
#1392 = CARTESIAN_POINT('',(42.,-56.,-68.));
#1393 = VECTOR('',#1394,1.);
#1394 = DIRECTION('',(0.,1.,0.));
#1395 = PCURVE('',#241,#1396);
#1396 = DEFINITIONAL_REPRESENTATION('',(#1397),#1400);
#1397 = B_SPLINE_CURVE_WITH_KNOTS('',1,(#1398,#1399),.UNSPECIFIED.,.F.,
  .F.,(2,2),(109.6,115.4591321669),.PIECEWISE_BEZIER_KNOTS.);
#1398 = CARTESIAN_POINT('',(0.643501108793,109.6));
#1399 = CARTESIAN_POINT('',(0.643501108793,115.4591321669));
#1400 = ( GEOMETRIC_REPRESENTATION_CONTEXT(2) 
PARAMETRIC_REPRESENTATION_CONTEXT() REPRESENTATION_CONTEXT('2D SPACE',''
  ) );
#1401 = PCURVE('',#1402,#1407);
#1402 = PLANE('',#1403);
#1403 = AXIS2_PLACEMENT_3D('',#1404,#1405,#1406);
#1404 = CARTESIAN_POINT('',(40.,68.,-68.));
#1405 = DIRECTION('',(0.,0.,1.));
#1406 = DIRECTION('',(1.,0.,-0.));
#1407 = DEFINITIONAL_REPRESENTATION('',(#1408),#1411);
#1408 = B_SPLINE_CURVE_WITH_KNOTS('',1,(#1409,#1410),.UNSPECIFIED.,.F.,
  .F.,(2,2),(109.6,115.4591321669),.PIECEWISE_BEZIER_KNOTS.);
#1409 = CARTESIAN_POINT('',(2.,-14.4));
#1410 = CARTESIAN_POINT('',(2.,-8.540867833094));
#1411 = ( GEOMETRIC_REPRESENTATION_CONTEXT(2) 
PARAMETRIC_REPRESENTATION_CONTEXT() REPRESENTATION_CONTEXT('2D SPACE',''
  ) );
#1412 = ORIENTED_EDGE('',*,*,#1413,.T.);
#1413 = EDGE_CURVE('',#1388,#1414,#1416,.T.);
#1414 = VERTEX_POINT('',#1415);
#1415 = CARTESIAN_POINT('',(45.,57.091287885364,-69.));
#1416 = SURFACE_CURVE('',#1417,(#1435,#1456),.PCURVE_S1.);
#1417 = B_SPLINE_CURVE_WITH_KNOTS('',6,(#1418,#1419,#1420,#1421,#1422,
    #1423,#1424,#1425,#1426,#1427,#1428,#1429,#1430,#1431,#1432,#1433,
    #1434),.UNSPECIFIED.,.F.,.F.,(7,5,5,7),(0.,0.212328582024,
    0.598167792337,1.),.UNSPECIFIED.);
#1418 = CARTESIAN_POINT('',(41.9999992,56.167840298576,-67.9999994));
#1419 = CARTESIAN_POINT('',(42.088304665475,56.182766640407,
    -68.0662285267));
#1420 = CARTESIAN_POINT('',(42.178991834297,56.198909005456,
    -68.13058868249));
#1421 = CARTESIAN_POINT('',(42.271987234272,56.216341867374,
    -68.19292742287));
#1422 = CARTESIAN_POINT('',(42.367209072321,56.235139186838,
    -68.25310200422));
#1423 = CARTESIAN_POINT('',(42.464568091953,56.2553732631,
    -68.31097909623));
#1424 = CARTESIAN_POINT('',(42.744596718488,56.31661966034,
    -68.46720692363));
#1425 = CARTESIAN_POINT('',(42.932135196508,56.361136377812,
    -68.56007677254));
#1426 = CARTESIAN_POINT('',(43.125515727769,56.410986478154,
    -68.64398417188));
#1427 = CARTESIAN_POINT('',(43.323559859291,56.466388678111,
    -68.71816275715));
#1428 = CARTESIAN_POINT('',(43.525014005957,56.527417654328,
    -68.78212527298));
#1429 = CARTESIAN_POINT('',(43.940593245269,56.663268739637,
    -68.89139164262));
#1430 = CARTESIAN_POINT('',(44.154504220022,56.738429482226,
    -68.93570913776));
#1431 = CARTESIAN_POINT('',(44.368868249289,56.819291717941,
    -68.96843791837));
#1432 = CARTESIAN_POINT('',(44.582208095134,56.905493689523,
    -68.98972234149));
#1433 = CARTESIAN_POINT('',(44.79306140744,56.996437736976,-69.));
#1434 = CARTESIAN_POINT('',(45.,57.091287885364,-69.));
#1435 = PCURVE('',#241,#1436);
#1436 = DEFINITIONAL_REPRESENTATION('',(#1437),#1455);
#1437 = B_SPLINE_CURVE_WITH_KNOTS('',6,(#1438,#1439,#1440,#1441,#1442,
    #1443,#1444,#1445,#1446,#1447,#1448,#1449,#1450,#1451,#1452,#1453,
    #1454),.UNSPECIFIED.,.F.,.F.,(7,5,5,7),(0.,0.212328582024,
    0.598167792337,1.),.UNSPECIFIED.);
#1438 = CARTESIAN_POINT('',(0.643501308793,112.16784029857));
#1439 = CARTESIAN_POINT('',(0.621424939113,112.1827666404));
#1440 = CARTESIAN_POINT('',(0.599191774426,112.19890900545));
#1441 = CARTESIAN_POINT('',(0.576812492558,112.21634186737));
#1442 = CARTESIAN_POINT('',(0.554296576155,112.23513918683));
#1443 = CARTESIAN_POINT('',(0.531652486987,112.2553732631));
#1444 = CARTESIAN_POINT('',(0.467520384033,112.31661966034));
#1445 = CARTESIAN_POINT('',(0.425716100354,112.36113637781));
#1446 = CARTESIAN_POINT('',(0.383637149434,112.41098647815));
#1447 = CARTESIAN_POINT('',(0.341423665117,112.46638867811));
#1448 = CARTESIAN_POINT('',(0.299204227838,112.52741765432));
#1449 = CARTESIAN_POINT('',(0.213263493914,112.66326873963));
#1450 = CARTESIAN_POINT('',(0.169633721444,112.73842948222));
#1451 = CARTESIAN_POINT('',(0.126353969658,112.81929171794));
#1452 = CARTESIAN_POINT('',(8.355837848081E-02,112.90549368952));
#1453 = CARTESIAN_POINT('',(4.138771851197E-02,112.99643773697));
#1454 = CARTESIAN_POINT('',(0.,113.09128788536));
#1455 = ( GEOMETRIC_REPRESENTATION_CONTEXT(2) 
PARAMETRIC_REPRESENTATION_CONTEXT() REPRESENTATION_CONTEXT('2D SPACE',''
  ) );
#1456 = PCURVE('',#1457,#1462);
#1457 = CYLINDRICAL_SURFACE('',#1458,12.);
#1458 = AXIS2_PLACEMENT_3D('',#1459,#1460,#1461);
#1459 = CARTESIAN_POINT('',(40.,68.,-70.));
#1460 = DIRECTION('',(-0.,-0.,-1.));
#1461 = DIRECTION('',(1.,0.,0.));
#1462 = DEFINITIONAL_REPRESENTATION('',(#1463),#1481);
#1463 = B_SPLINE_CURVE_WITH_KNOTS('',6,(#1464,#1465,#1466,#1467,#1468,
    #1469,#1470,#1471,#1472,#1473,#1474,#1475,#1476,#1477,#1478,#1479,
    #1480),.UNSPECIFIED.,.F.,.F.,(7,5,5,7),(0.,0.212328582024,
    0.598167792337,1.),.UNSPECIFIED.);
#1464 = CARTESIAN_POINT('',(-4.879836991992,-2.0000006));
#1465 = CARTESIAN_POINT('',(-4.887300165893,-1.933771473299));
#1466 = CARTESIAN_POINT('',(-4.894975928516,-1.869411317506));
#1467 = CARTESIAN_POINT('',(-4.902860024211,-1.807072577127));
#1468 = CARTESIAN_POINT('',(-4.910947723157,-1.746897995779));
#1469 = CARTESIAN_POINT('',(-4.919233891369,-1.689020903764));
#1470 = CARTESIAN_POINT('',(-4.943121235887,-1.532793076363));
#1471 = CARTESIAN_POINT('',(-4.959181204475,-1.439923227456));
#1472 = CARTESIAN_POINT('',(-4.975818216588,-1.356015828117));
#1473 = CARTESIAN_POINT('',(-4.992949845451,-1.281837242844));
#1474 = CARTESIAN_POINT('',(-5.01048693707,-1.21787472702));
#1475 = CARTESIAN_POINT('',(-5.046921965005,-1.108608357374));
#1476 = CARTESIAN_POINT('',(-5.065811685121,-1.06429086224));
#1477 = CARTESIAN_POINT('',(-5.08489646887,-1.031562081622));
#1478 = CARTESIAN_POINT('',(-5.104063419461,-1.010277658504));
#1479 = CARTESIAN_POINT('',(-5.123194382012,-1.));
#1480 = CARTESIAN_POINT('',(-5.142164411689,-1.));
#1481 = ( GEOMETRIC_REPRESENTATION_CONTEXT(2) 
PARAMETRIC_REPRESENTATION_CONTEXT() REPRESENTATION_CONTEXT('2D SPACE',''
  ) );
#1482 = ORIENTED_EDGE('',*,*,#1483,.F.);
#1483 = EDGE_CURVE('',#1484,#1414,#1486,.T.);
#1484 = VERTEX_POINT('',#1485);
#1485 = CARTESIAN_POINT('',(45.,-57.09128788536,-69.));
#1486 = SURFACE_CURVE('',#1487,(#1491,#1498),.PCURVE_S1.);
#1487 = LINE('',#1488,#1489);
#1488 = CARTESIAN_POINT('',(45.,-56.,-69.));
#1489 = VECTOR('',#1490,1.);
#1490 = DIRECTION('',(0.,1.,0.));
#1491 = PCURVE('',#241,#1492);
#1492 = DEFINITIONAL_REPRESENTATION('',(#1493),#1497);
#1493 = LINE('',#1494,#1495);
#1494 = CARTESIAN_POINT('',(0.,0.));
#1495 = VECTOR('',#1496,1.);
#1496 = DIRECTION('',(0.,1.));
#1497 = ( GEOMETRIC_REPRESENTATION_CONTEXT(2) 
PARAMETRIC_REPRESENTATION_CONTEXT() REPRESENTATION_CONTEXT('2D SPACE',''
  ) );
#1498 = PCURVE('',#763,#1499);
#1499 = DEFINITIONAL_REPRESENTATION('',(#1500),#1504);
#1500 = LINE('',#1501,#1502);
#1501 = CARTESIAN_POINT('',(105.,29.));
#1502 = VECTOR('',#1503,1.);
#1503 = DIRECTION('',(0.,1.));
#1504 = ( GEOMETRIC_REPRESENTATION_CONTEXT(2) 
PARAMETRIC_REPRESENTATION_CONTEXT() REPRESENTATION_CONTEXT('2D SPACE',''
  ) );
#1505 = ORIENTED_EDGE('',*,*,#1506,.T.);
#1506 = EDGE_CURVE('',#1484,#1277,#1507,.T.);
#1507 = SURFACE_CURVE('',#1508,(#1527,#1549),.PCURVE_S1.);
#1508 = B_SPLINE_CURVE_WITH_KNOTS('',5,(#1509,#1510,#1511,#1512,#1513,
    #1514,#1515,#1516,#1517,#1518,#1519,#1520,#1521,#1522,#1523,#1524,
    #1525,#1526),.UNSPECIFIED.,.F.,.F.,(6,4,4,4,6),(0.,0.131600037384,
    0.40098025716,0.786646795643,1.),.UNSPECIFIED.);
#1509 = CARTESIAN_POINT('',(45.,-57.09128788536,-69.));
#1510 = CARTESIAN_POINT('',(44.918610378216,-57.05398301338,-69.));
#1511 = CARTESIAN_POINT('',(44.836645195677,-57.01733274862,
    -68.99834414697));
#1512 = CARTESIAN_POINT('',(44.754174298077,-56.98137981659,
    -68.99498474233));
#1513 = CARTESIAN_POINT('',(44.671279334129,-56.94616529138,
    -68.98988141733));
#1514 = CARTESIAN_POINT('',(44.417694194172,-56.84123800277,
    -68.9689174554));
#1515 = CARTESIAN_POINT('',(44.245865758922,-56.77397145039,
    -68.94738216889));
#1516 = CARTESIAN_POINT('',(44.073516612904,-56.7103320867,
    -68.91811770887));
#1517 = CARTESIAN_POINT('',(43.9016003057,-56.65056326964,
    -68.88104566689));
#1518 = CARTESIAN_POINT('',(43.486884273466,-56.51489500371,
    -68.77223256057));
#1519 = CARTESIAN_POINT('',(43.245866738702,-56.44328262247,
    -68.69252405685));
#1520 = CARTESIAN_POINT('',(43.01058659379,-56.38015612374,
    -68.59761279404));
#1521 = CARTESIAN_POINT('',(42.783510604636,-56.32518544123,
    -68.48873316676));
#1522 = CARTESIAN_POINT('',(42.446876446108,-56.2514741038,
    -68.30120877494));
#1523 = CARTESIAN_POINT('',(42.330064934801,-56.22750284592,
    -68.23074753821));
#1524 = CARTESIAN_POINT('',(42.216535990547,-56.20567335318,
    -68.15686747186));
#1525 = CARTESIAN_POINT('',(42.10646432782,-56.18583618232,
    -68.07984827913));
#1526 = CARTESIAN_POINT('',(41.9999992,-56.16784029857,-67.9999994));
#1527 = PCURVE('',#241,#1528);
#1528 = DEFINITIONAL_REPRESENTATION('',(#1529),#1548);
#1529 = B_SPLINE_CURVE_WITH_KNOTS('',5,(#1530,#1531,#1532,#1533,#1534,
    #1535,#1536,#1537,#1538,#1539,#1540,#1541,#1542,#1543,#1544,#1545,
    #1546,#1547),.UNSPECIFIED.,.F.,.F.,(6,4,4,4,6),(0.,0.131600037384,
    0.40098025716,0.786646795643,1.),.UNSPECIFIED.);
#1530 = CARTESIAN_POINT('',(0.,-1.091287885364));
#1531 = CARTESIAN_POINT('',(1.627792435673E-02,-1.053983013383));
#1532 = CARTESIAN_POINT('',(3.267094939507E-02,-1.017332748621));
#1533 = CARTESIAN_POINT('',(4.917413574664E-02,-0.98137981659));
#1534 = CARTESIAN_POINT('',(6.578084592094E-02,-0.94616529138));
#1535 = CARTESIAN_POINT('',(0.116670888525,-0.841238002779));
#1536 = CARTESIAN_POINT('',(0.151274605151,-0.773971450397));
#1537 = CARTESIAN_POINT('',(0.1861926701,-0.710332086705));
#1538 = CARTESIAN_POINT('',(0.221331897645,-0.650563269644));
#1539 = CARTESIAN_POINT('',(0.307082624638,-0.514895003715));
#1540 = CARTESIAN_POINT('',(0.357753844039,-0.443282622471));
#1541 = CARTESIAN_POINT('',(0.408354454186,-0.380156123748));
#1542 = CARTESIAN_POINT('',(0.458626232033,-0.325185441239));
#1543 = CARTESIAN_POINT('',(0.535694501565,-0.251474103807));
#1544 = CARTESIAN_POINT('',(0.562961727667,-0.227502845928));
#1545 = CARTESIAN_POINT('',(0.590031255254,-0.205673353188));
#1546 = CARTESIAN_POINT('',(0.616885022846,-0.185836182324));
#1547 = CARTESIAN_POINT('',(0.643501308793,-0.167840298576));
#1548 = ( GEOMETRIC_REPRESENTATION_CONTEXT(2) 
PARAMETRIC_REPRESENTATION_CONTEXT() REPRESENTATION_CONTEXT('2D SPACE',''
  ) );
#1549 = PCURVE('',#1115,#1550);
#1550 = DEFINITIONAL_REPRESENTATION('',(#1551),#1570);
#1551 = B_SPLINE_CURVE_WITH_KNOTS('',5,(#1552,#1553,#1554,#1555,#1556,
    #1557,#1558,#1559,#1560,#1561,#1562,#1563,#1564,#1565,#1566,#1567,
    #1568,#1569),.UNSPECIFIED.,.F.,.F.,(6,4,4,4,6),(0.,0.131600037384,
    0.40098025716,0.786646795643,1.),.UNSPECIFIED.);
#1552 = CARTESIAN_POINT('',(-1.14102089549,-1.));
#1553 = CARTESIAN_POINT('',(-1.148481869887,-1.));
#1554 = CARTESIAN_POINT('',(-1.155963713989,-1.001655853027));
#1555 = CARTESIAN_POINT('',(-1.163460528016,-1.005015257662));
#1556 = CARTESIAN_POINT('',(-1.170965581217,-1.010118582664));
#1557 = CARTESIAN_POINT('',(-1.193835254109,-1.031082544595));
#1558 = CARTESIAN_POINT('',(-1.20920957669,-1.052617831102));
#1559 = CARTESIAN_POINT('',(-1.224515998032,-1.081882291128));
#1560 = CARTESIAN_POINT('',(-1.239680899404,-1.118954333108));
#1561 = CARTESIAN_POINT('',(-1.276042821047,-1.22776743943));
#1562 = CARTESIAN_POINT('',(-1.296987571991,-1.307475943144));
#1563 = CARTESIAN_POINT('',(-1.317278688675,-1.402387205956));
#1564 = CARTESIAN_POINT('',(-1.336743616183,-1.511266833231));
#1565 = CARTESIAN_POINT('',(-1.365461099963,-1.698791225052));
#1566 = CARTESIAN_POINT('',(-1.375397385371,-1.769252461783));
#1567 = CARTESIAN_POINT('',(-1.385030509479,-1.843132528134));
#1568 = CARTESIAN_POINT('',(-1.394350369715,-1.920151720865));
#1569 = CARTESIAN_POINT('',(-1.403348315188,-2.0000006));
#1570 = ( GEOMETRIC_REPRESENTATION_CONTEXT(2) 
PARAMETRIC_REPRESENTATION_CONTEXT() REPRESENTATION_CONTEXT('2D SPACE',''
  ) );
#1571 = ADVANCED_FACE('',(#1572),#156,.F.);
#1572 = FACE_BOUND('',#1573,.F.);
#1573 = EDGE_LOOP('',(#1574,#1575,#1613,#1641,#1684,#1716));
#1574 = ORIENTED_EDGE('',*,*,#1218,.T.);
#1575 = ORIENTED_EDGE('',*,*,#1576,.T.);
#1576 = EDGE_CURVE('',#1219,#1577,#1579,.T.);
#1577 = VERTEX_POINT('',#1578);
#1578 = CARTESIAN_POINT('',(34.,-41.64018342864,-19.54725361857));
#1579 = SURFACE_CURVE('',#1580,(#1589,#1601),.PCURVE_S1.);
#1580 = B_SPLINE_CURVE_WITH_KNOTS('',7,(#1581,#1582,#1583,#1584,#1585,
    #1586,#1587,#1588),.UNSPECIFIED.,.F.,.F.,(8,8),(0.,1.),
  .PIECEWISE_BEZIER_KNOTS.);
#1581 = CARTESIAN_POINT('',(33.068617915808,-40.0553023732,
    -22.6179740868));
#1582 = CARTESIAN_POINT('',(33.340656041953,-40.263825603,
    -22.24868986225));
#1583 = CARTESIAN_POINT('',(33.567188276733,-40.48778617002,
    -21.8427899445));
#1584 = CARTESIAN_POINT('',(33.745268488491,-40.72056213371,
    -21.40889205219));
#1585 = CARTESIAN_POINT('',(33.875346544407,-40.95619340583,
    -20.95541724452));
#1586 = CARTESIAN_POINT('',(33.959327082293,-41.19007288152,
    -20.48989684496));
#1587 = CARTESIAN_POINT('',(34.,-41.4188162229,-20.01881710426));
#1588 = CARTESIAN_POINT('',(34.,-41.64018342864,-19.54725361858));
#1589 = PCURVE('',#156,#1590);
#1590 = DEFINITIONAL_REPRESENTATION('',(#1591),#1600);
#1591 = B_SPLINE_CURVE_WITH_KNOTS('',7,(#1592,#1593,#1594,#1595,#1596,
    #1597,#1598,#1599),.UNSPECIFIED.,.F.,.F.,(8,8),(0.,1.),
  .PIECEWISE_BEZIER_KNOTS.);
#1592 = CARTESIAN_POINT('',(0.874393316753,-1.151255448607));
#1593 = CARTESIAN_POINT('',(0.980415948735,-1.423293574751));
#1594 = CARTESIAN_POINT('',(1.084387287773,-1.724152152632));
#1595 = CARTESIAN_POINT('',(1.186013648824,-2.048102489102));
#1596 = CARTESIAN_POINT('',(1.285322127877,-2.389364508682));
#1597 = CARTESIAN_POINT('',(1.382399608747,-2.742517322957));
#1598 = CARTESIAN_POINT('',(1.477439682857,-3.102682719078));
#1599 = CARTESIAN_POINT('',(1.570796326795,-3.465901872388));
#1600 = ( GEOMETRIC_REPRESENTATION_CONTEXT(2) 
PARAMETRIC_REPRESENTATION_CONTEXT() REPRESENTATION_CONTEXT('2D SPACE',''
  ) );
#1601 = PCURVE('',#909,#1602);
#1602 = DEFINITIONAL_REPRESENTATION('',(#1603),#1612);
#1603 = B_SPLINE_CURVE_WITH_KNOTS('',7,(#1604,#1605,#1606,#1607,#1608,
    #1609,#1610,#1611),.UNSPECIFIED.,.F.,.F.,(8,8),(0.,1.),
  .PIECEWISE_BEZIER_KNOTS.);
#1604 = CARTESIAN_POINT('',(-9.938813306998,-67.0686179158));
#1605 = CARTESIAN_POINT('',(-9.929593947695,-67.34065604195));
#1606 = CARTESIAN_POINT('',(-9.919516452695,-67.56718827673));
#1607 = CARTESIAN_POINT('',(-9.908813459275,-67.74526848849));
#1608 = CARTESIAN_POINT('',(-9.897705717309,-67.8753465444));
#1609 = CARTESIAN_POINT('',(-9.886381952675,-67.95932708229));
#1610 = CARTESIAN_POINT('',(-9.874998611907,-68.));
#1611 = CARTESIAN_POINT('',(-9.863673890283,-68.));
#1612 = ( GEOMETRIC_REPRESENTATION_CONTEXT(2) 
PARAMETRIC_REPRESENTATION_CONTEXT() REPRESENTATION_CONTEXT('2D SPACE',''
  ) );
#1613 = ORIENTED_EDGE('',*,*,#1614,.T.);
#1614 = EDGE_CURVE('',#1577,#1615,#1617,.T.);
#1615 = VERTEX_POINT('',#1616);
#1616 = CARTESIAN_POINT('',(34.,-45.76771472712,-30.50108667993));
#1617 = SURFACE_CURVE('',#1618,(#1622,#1629),.PCURVE_S1.);
#1618 = LINE('',#1619,#1620);
#1619 = CARTESIAN_POINT('',(34.,-42.86229243358,-22.79054290093));
#1620 = VECTOR('',#1621,1.);
#1621 = DIRECTION('',(0.,-0.352609234174,-0.935770659924));
#1622 = PCURVE('',#156,#1623);
#1623 = DEFINITIONAL_REPRESENTATION('',(#1624),#1628);
#1624 = LINE('',#1625,#1626);
#1625 = CARTESIAN_POINT('',(1.570796326795,0.));
#1626 = VECTOR('',#1627,1.);
#1627 = DIRECTION('',(0.,1.));
#1628 = ( GEOMETRIC_REPRESENTATION_CONTEXT(2) 
PARAMETRIC_REPRESENTATION_CONTEXT() REPRESENTATION_CONTEXT('2D SPACE',''
  ) );
#1629 = PCURVE('',#1630,#1635);
#1630 = PLANE('',#1631);
#1631 = AXIS2_PLACEMENT_3D('',#1632,#1633,#1634);
#1632 = CARTESIAN_POINT('',(34.,-3.182406126637E-15,9.372203282004E-16)
  );
#1633 = DIRECTION('',(1.,0.,0.));
#1634 = DIRECTION('',(-0.,0.,1.));
#1635 = DEFINITIONAL_REPRESENTATION('',(#1636),#1640);
#1636 = LINE('',#1637,#1638);
#1637 = CARTESIAN_POINT('',(-22.79054290093,42.862292433588));
#1638 = VECTOR('',#1639,1.);
#1639 = DIRECTION('',(-0.935770659924,0.352609234174));
#1640 = ( GEOMETRIC_REPRESENTATION_CONTEXT(2) 
PARAMETRIC_REPRESENTATION_CONTEXT() REPRESENTATION_CONTEXT('2D SPACE',''
  ) );
#1641 = ORIENTED_EDGE('',*,*,#1642,.F.);
#1642 = EDGE_CURVE('',#1643,#1615,#1645,.T.);
#1643 = VERTEX_POINT('',#1644);
#1644 = CARTESIAN_POINT('',(33.357346037698,-44.25597829969,
    -32.65590887935));
#1645 = SURFACE_CURVE('',#1646,(#1655,#1667),.PCURVE_S1.);
#1646 = B_SPLINE_CURVE_WITH_KNOTS('',7,(#1647,#1648,#1649,#1650,#1651,
    #1652,#1653,#1654),.UNSPECIFIED.,.F.,.F.,(8,8),(0.,1.),
  .PIECEWISE_BEZIER_KNOTS.);
#1647 = CARTESIAN_POINT('',(33.357346037698,-44.25597829969,
    -32.65590887935));
#1648 = CARTESIAN_POINT('',(33.538376039417,-44.45370278186,
    -32.38794847977));
#1649 = CARTESIAN_POINT('',(33.692110030091,-44.66271668982,
    -32.10072646148));
#1650 = CARTESIAN_POINT('',(33.815970952807,-44.87984162723,
    -31.79759942968));
#1651 = CARTESIAN_POINT('',(33.908698534602,-45.10184522112,
    -31.4822280427));
#1652 = CARTESIAN_POINT('',(33.969918932531,-45.32566792454,
    -31.15841233808));
#1653 = CARTESIAN_POINT('',(34.,-45.54848347512,-30.83004916923));
#1654 = CARTESIAN_POINT('',(34.,-45.76771472712,-30.50108667993));
#1655 = PCURVE('',#156,#1656);
#1656 = DEFINITIONAL_REPRESENTATION('',(#1657),#1666);
#1657 = B_SPLINE_CURVE_WITH_KNOTS('',7,(#1658,#1659,#1660,#1661,#1662,
    #1663,#1664,#1665),.UNSPECIFIED.,.F.,.F.,(8,8),(0.,1.),
  .PIECEWISE_BEZIER_KNOTS.);
#1658 = CARTESIAN_POINT('',(0.996061548004,9.723146537949));
#1659 = CARTESIAN_POINT('',(1.079314831196,9.54211653623));
#1660 = CARTESIAN_POINT('',(1.162500361398,9.34704283265));
#1661 = CARTESIAN_POINT('',(1.245338324057,9.139945707963));
#1662 = CARTESIAN_POINT('',(1.327686087507,8.923110934269));
#1663 = CARTESIAN_POINT('',(1.409437893261,8.699015650707));
#1664 = CARTESIAN_POINT('',(1.490509980599,8.470309852155));
#1665 = CARTESIAN_POINT('',(1.570796326795,8.239779370322));
#1666 = ( GEOMETRIC_REPRESENTATION_CONTEXT(2) 
PARAMETRIC_REPRESENTATION_CONTEXT() REPRESENTATION_CONTEXT('2D SPACE',''
  ) );
#1667 = PCURVE('',#1668,#1673);
#1668 = CYLINDRICAL_SURFACE('',#1669,55.);
#1669 = AXIS2_PLACEMENT_3D('',#1670,#1671,#1672);
#1670 = CARTESIAN_POINT('',(34.,0.,0.));
#1671 = DIRECTION('',(-1.,-0.,-0.));
#1672 = DIRECTION('',(0.,1.,0.));
#1673 = DEFINITIONAL_REPRESENTATION('',(#1674),#1683);
#1674 = B_SPLINE_CURVE_WITH_KNOTS('',7,(#1675,#1676,#1677,#1678,#1679,
    #1680,#1681,#1682),.UNSPECIFIED.,.F.,.F.,(8,8),(0.,1.),
  .PIECEWISE_BEZIER_KNOTS.);
#1675 = CARTESIAN_POINT('',(-3.777296231069,0.642653962302));
#1676 = CARTESIAN_POINT('',(-3.771241446837,0.461623960583));
#1677 = CARTESIAN_POINT('',(-3.764782990492,0.307889969909));
#1678 = CARTESIAN_POINT('',(-3.75800391851,0.184029047192));
#1679 = CARTESIAN_POINT('',(-3.750992101974,9.130146539859E-02));
#1680 = CARTESIAN_POINT('',(-3.743835416018,3.008106746899E-02));
#1681 = CARTESIAN_POINT('',(-3.736620689309,3.222984108571E-17));
#1682 = CARTESIAN_POINT('',(-3.729433035496,0.));
#1683 = ( GEOMETRIC_REPRESENTATION_CONTEXT(2) 
PARAMETRIC_REPRESENTATION_CONTEXT() REPRESENTATION_CONTEXT('2D SPACE',''
  ) );
#1684 = ORIENTED_EDGE('',*,*,#1685,.F.);
#1685 = EDGE_CURVE('',#141,#1643,#1686,.T.);
#1686 = SURFACE_CURVE('',#1687,(#1692,#1704),.PCURVE_S1.);
#1687 = ELLIPSE('',#1688,5.656854249492,4.);
#1688 = AXIS2_PLACEMENT_3D('',#1689,#1690,#1691);
#1689 = CARTESIAN_POINT('',(30.,-47.47459490331,-35.03088407058));
#1690 = DIRECTION('',(0.707106781187,-0.249332380594,-0.661689779268));
#1691 = DIRECTION('',(-0.707106781187,-0.249332380594,-0.661689779268));
#1692 = PCURVE('',#156,#1693);
#1693 = DEFINITIONAL_REPRESENTATION('',(#1694),#1703);
#1694 = B_SPLINE_CURVE_WITH_KNOTS('',7,(#1695,#1696,#1697,#1698,#1699,
    #1700,#1701,#1702),.UNSPECIFIED.,.F.,.F.,(8,8),(1.570796446004,
    2.566857874799),.PIECEWISE_BEZIER_KNOTS.);
#1695 = CARTESIAN_POINT('',(1.192092895508E-07,13.08049209881));
#1696 = CARTESIAN_POINT('',(0.142294609037,12.511314139498));
#1697 = CARTESIAN_POINT('',(0.284589098865,11.942136256052));
#1698 = CARTESIAN_POINT('',(0.426883588693,11.391781378823));
#1699 = CARTESIAN_POINT('',(0.569178078521,10.879074866873));
#1700 = CARTESIAN_POINT('',(0.711472568349,10.421279154285));
#1701 = CARTESIAN_POINT('',(0.853767058177,10.03255862058));
#1702 = CARTESIAN_POINT('',(0.996061548004,9.723146537949));
#1703 = ( GEOMETRIC_REPRESENTATION_CONTEXT(2) 
PARAMETRIC_REPRESENTATION_CONTEXT() REPRESENTATION_CONTEXT('2D SPACE',''
  ) );
#1704 = PCURVE('',#184,#1705);
#1705 = DEFINITIONAL_REPRESENTATION('',(#1706),#1715);
#1706 = B_SPLINE_CURVE_WITH_KNOTS('',7,(#1707,#1708,#1709,#1710,#1711,
    #1712,#1713,#1714),.UNSPECIFIED.,.F.,.F.,(8,8),(1.570796446004,
    2.566857874799),.PIECEWISE_BEZIER_KNOTS.);
#1707 = CARTESIAN_POINT('',(-1.192092913271E-07,9.999999523163));
#1708 = CARTESIAN_POINT('',(-0.142294609037,9.430821563851));
#1709 = CARTESIAN_POINT('',(-0.284589098865,8.861643680404));
#1710 = CARTESIAN_POINT('',(-0.426883588693,8.311288803179));
#1711 = CARTESIAN_POINT('',(-0.569178078521,7.798582291229));
#1712 = CARTESIAN_POINT('',(-0.711472568349,7.340786578641));
#1713 = CARTESIAN_POINT('',(-0.853767058177,6.952066044933));
#1714 = CARTESIAN_POINT('',(-0.996061548004,6.642653962302));
#1715 = ( GEOMETRIC_REPRESENTATION_CONTEXT(2) 
PARAMETRIC_REPRESENTATION_CONTEXT() REPRESENTATION_CONTEXT('2D SPACE',''
  ) );
#1716 = ORIENTED_EDGE('',*,*,#140,.F.);
#1717 = ADVANCED_FACE('',(#1718),#212,.T.);
#1718 = FACE_BOUND('',#1719,.T.);
#1719 = EDGE_LOOP('',(#1720,#1721,#1722,#1745,#1778,#1806));
#1720 = ORIENTED_EDGE('',*,*,#196,.T.);
#1721 = ORIENTED_EDGE('',*,*,#1299,.T.);
#1722 = ORIENTED_EDGE('',*,*,#1723,.T.);
#1723 = EDGE_CURVE('',#1300,#1724,#1726,.T.);
#1724 = VERTEX_POINT('',#1725);
#1725 = CARTESIAN_POINT('',(40.,43.731512263613,-36.44132100728));
#1726 = SURFACE_CURVE('',#1727,(#1731,#1738),.PCURVE_S1.);
#1727 = LINE('',#1728,#1729);
#1728 = CARTESIAN_POINT('',(40.,56.,-69.));
#1729 = VECTOR('',#1730,1.);
#1730 = DIRECTION('',(0.,-0.352609234174,0.935770659924));
#1731 = PCURVE('',#212,#1732);
#1732 = DEFINITIONAL_REPRESENTATION('',(#1733),#1737);
#1733 = LINE('',#1734,#1735);
#1734 = CARTESIAN_POINT('',(-28.88448494849,-56.));
#1735 = VECTOR('',#1736,1.);
#1736 = DIRECTION('',(0.935770659924,0.352609234174));
#1737 = ( GEOMETRIC_REPRESENTATION_CONTEXT(2) 
PARAMETRIC_REPRESENTATION_CONTEXT() REPRESENTATION_CONTEXT('2D SPACE',''
  ) );
#1738 = PCURVE('',#361,#1739);
#1739 = DEFINITIONAL_REPRESENTATION('',(#1740),#1744);
#1740 = LINE('',#1741,#1742);
#1741 = CARTESIAN_POINT('',(0.,-80.));
#1742 = VECTOR('',#1743,1.);
#1743 = DIRECTION('',(1.,0.));
#1744 = ( GEOMETRIC_REPRESENTATION_CONTEXT(2) 
PARAMETRIC_REPRESENTATION_CONTEXT() REPRESENTATION_CONTEXT('2D SPACE',''
  ) );
#1745 = ORIENTED_EDGE('',*,*,#1746,.T.);
#1746 = EDGE_CURVE('',#1724,#1747,#1749,.T.);
#1747 = VERTEX_POINT('',#1748);
#1748 = CARTESIAN_POINT('',(40.,44.255978299696,-32.65590887935));
#1749 = SURFACE_CURVE('',#1750,(#1755,#1766),.PCURVE_S1.);
#1750 = CIRCLE('',#1751,4.);
#1751 = AXIS2_PLACEMENT_3D('',#1752,#1753,#1754);
#1752 = CARTESIAN_POINT('',(40.,47.47459490331,-35.03088407058));
#1753 = DIRECTION('',(-1.,-0.,-0.));
#1754 = DIRECTION('',(0.,0.,-1.));
#1755 = PCURVE('',#212,#1756);
#1756 = DEFINITIONAL_REPRESENTATION('',(#1757),#1765);
#1757 = ( BOUNDED_CURVE() B_SPLINE_CURVE(2,(#1758,#1759,#1760,#1761,
#1762,#1763,#1764),.UNSPECIFIED.,.T.,.F.) B_SPLINE_CURVE_WITH_KNOTS((1,2
    ,2,2,2,1),(-2.094395102393,0.,2.094395102393,4.188790204786,
6.28318530718,8.377580409573),.UNSPECIFIED.) CURVE() 
GEOMETRIC_REPRESENTATION_ITEM() RATIONAL_B_SPLINE_CURVE((1.,0.5,1.,0.5,
1.,0.5,1.)) REPRESENTATION_ITEM('') );
#1758 = CARTESIAN_POINT('',(1.084630980921,-47.47459490331));
#1759 = CARTESIAN_POINT('',(1.084630980921,-40.54639167303));
#1760 = CARTESIAN_POINT('',(7.084630980921,-44.01049328817));
#1761 = CARTESIAN_POINT('',(13.084630980921,-47.47459490331));
#1762 = CARTESIAN_POINT('',(7.084630980921,-50.93869651844));
#1763 = CARTESIAN_POINT('',(1.084630980921,-54.40279813358));
#1764 = CARTESIAN_POINT('',(1.084630980921,-47.47459490331));
#1765 = ( GEOMETRIC_REPRESENTATION_CONTEXT(2) 
PARAMETRIC_REPRESENTATION_CONTEXT() REPRESENTATION_CONTEXT('2D SPACE',''
  ) );
#1766 = PCURVE('',#1767,#1772);
#1767 = CYLINDRICAL_SURFACE('',#1768,4.);
#1768 = AXIS2_PLACEMENT_3D('',#1769,#1770,#1771);
#1769 = CARTESIAN_POINT('',(40.,47.47459490331,-35.03088407058));
#1770 = DIRECTION('',(-1.,-0.,-0.));
#1771 = DIRECTION('',(0.,-0.935770659924,-0.352609234174));
#1772 = DEFINITIONAL_REPRESENTATION('',(#1773),#1777);
#1773 = LINE('',#1774,#1775);
#1774 = CARTESIAN_POINT('',(-1.21043835627,0.));
#1775 = VECTOR('',#1776,1.);
#1776 = DIRECTION('',(1.,0.));
#1777 = ( GEOMETRIC_REPRESENTATION_CONTEXT(2) 
PARAMETRIC_REPRESENTATION_CONTEXT() REPRESENTATION_CONTEXT('2D SPACE',''
  ) );
#1778 = ORIENTED_EDGE('',*,*,#1779,.T.);
#1779 = EDGE_CURVE('',#1747,#1780,#1782,.T.);
#1780 = VERTEX_POINT('',#1781);
#1781 = CARTESIAN_POINT('',(40.,-44.25597829969,-32.65590887935));
#1782 = SURFACE_CURVE('',#1783,(#1788,#1799),.PCURVE_S1.);
#1783 = CIRCLE('',#1784,55.);
#1784 = AXIS2_PLACEMENT_3D('',#1785,#1786,#1787);
#1785 = CARTESIAN_POINT('',(40.,0.,0.));
#1786 = DIRECTION('',(-1.,0.,0.));
#1787 = DIRECTION('',(0.,0.804654150904,-0.593743797806));
#1788 = PCURVE('',#212,#1789);
#1789 = DEFINITIONAL_REPRESENTATION('',(#1790),#1798);
#1790 = ( BOUNDED_CURVE() B_SPLINE_CURVE(2,(#1791,#1792,#1793,#1794,
#1795,#1796,#1797),.UNSPECIFIED.,.T.,.F.) B_SPLINE_CURVE_WITH_KNOTS((1,2
    ,2,2,2,1),(-2.094395102393,0.,2.094395102393,4.188790204786,
6.28318530718,8.377580409573),.UNSPECIFIED.) CURVE() 
GEOMETRIC_REPRESENTATION_ITEM() RATIONAL_B_SPLINE_CURVE((1.,0.5,1.,0.5,
1.,0.5,1.)) REPRESENTATION_ITEM('') );
#1791 = CARTESIAN_POINT('',(7.459606172147,-44.25597829969));
#1792 = CARTESIAN_POINT('',(-69.19399678159,12.305715046691));
#1793 = CARTESIAN_POINT('',(18.116668014314,50.408835823041));
#1794 = CARTESIAN_POINT('',(105.42733281021,88.511956599391));
#1795 = CARTESIAN_POINT('',(94.770270968052,-6.152857523345));
#1796 = CARTESIAN_POINT('',(84.113209125886,-100.817671646));
#1797 = CARTESIAN_POINT('',(7.459606172147,-44.25597829969));
#1798 = ( GEOMETRIC_REPRESENTATION_CONTEXT(2) 
PARAMETRIC_REPRESENTATION_CONTEXT() REPRESENTATION_CONTEXT('2D SPACE',''
  ) );
#1799 = PCURVE('',#1668,#1800);
#1800 = DEFINITIONAL_REPRESENTATION('',(#1801),#1805);
#1801 = LINE('',#1802,#1803);
#1802 = CARTESIAN_POINT('',(-5.6474817297,-6.));
#1803 = VECTOR('',#1804,1.);
#1804 = DIRECTION('',(1.,-0.));
#1805 = ( GEOMETRIC_REPRESENTATION_CONTEXT(2) 
PARAMETRIC_REPRESENTATION_CONTEXT() REPRESENTATION_CONTEXT('2D SPACE',''
  ) );
#1806 = ORIENTED_EDGE('',*,*,#1807,.F.);
#1807 = EDGE_CURVE('',#169,#1780,#1808,.T.);
#1808 = SURFACE_CURVE('',#1809,(#1814,#1821),.PCURVE_S1.);
#1809 = CIRCLE('',#1810,4.);
#1810 = AXIS2_PLACEMENT_3D('',#1811,#1812,#1813);
#1811 = CARTESIAN_POINT('',(40.,-47.47459490331,-35.03088407058));
#1812 = DIRECTION('',(1.,0.,0.));
#1813 = DIRECTION('',(0.,0.,-1.));
#1814 = PCURVE('',#212,#1815);
#1815 = DEFINITIONAL_REPRESENTATION('',(#1816),#1820);
#1816 = CIRCLE('',#1817,4.);
#1817 = AXIS2_PLACEMENT_2D('',#1818,#1819);
#1818 = CARTESIAN_POINT('',(5.084630980921,47.47459490331));
#1819 = DIRECTION('',(-1.,0.));
#1820 = ( GEOMETRIC_REPRESENTATION_CONTEXT(2) 
PARAMETRIC_REPRESENTATION_CONTEXT() REPRESENTATION_CONTEXT('2D SPACE',''
  ) );
#1821 = PCURVE('',#184,#1822);
#1822 = DEFINITIONAL_REPRESENTATION('',(#1823),#1827);
#1823 = LINE('',#1824,#1825);
#1824 = CARTESIAN_POINT('',(1.21043835627,-0.));
#1825 = VECTOR('',#1826,1.);
#1826 = DIRECTION('',(-1.,0.));
#1827 = ( GEOMETRIC_REPRESENTATION_CONTEXT(2) 
PARAMETRIC_REPRESENTATION_CONTEXT() REPRESENTATION_CONTEXT('2D SPACE',''
  ) );
#1828 = ADVANCED_FACE('',(#1829),#184,.F.);
#1829 = FACE_BOUND('',#1830,.T.);
#1830 = EDGE_LOOP('',(#1831,#1832,#1853,#1854));
#1831 = ORIENTED_EDGE('',*,*,#1807,.T.);
#1832 = ORIENTED_EDGE('',*,*,#1833,.T.);
#1833 = EDGE_CURVE('',#1780,#1643,#1834,.T.);
#1834 = SURFACE_CURVE('',#1835,(#1839,#1846),.PCURVE_S1.);
#1835 = LINE('',#1836,#1837);
#1836 = CARTESIAN_POINT('',(40.,-44.25597829969,-32.65590887935));
#1837 = VECTOR('',#1838,1.);
#1838 = DIRECTION('',(-1.,-0.,-0.));
#1839 = PCURVE('',#184,#1840);
#1840 = DEFINITIONAL_REPRESENTATION('',(#1841),#1845);
#1841 = LINE('',#1842,#1843);
#1842 = CARTESIAN_POINT('',(-0.996061548004,0.));
#1843 = VECTOR('',#1844,1.);
#1844 = DIRECTION('',(-0.,1.));
#1845 = ( GEOMETRIC_REPRESENTATION_CONTEXT(2) 
PARAMETRIC_REPRESENTATION_CONTEXT() REPRESENTATION_CONTEXT('2D SPACE',''
  ) );
#1846 = PCURVE('',#1668,#1847);
#1847 = DEFINITIONAL_REPRESENTATION('',(#1848),#1852);
#1848 = LINE('',#1849,#1850);
#1849 = CARTESIAN_POINT('',(-3.777296231069,-6.));
#1850 = VECTOR('',#1851,1.);
#1851 = DIRECTION('',(-0.,1.));
#1852 = ( GEOMETRIC_REPRESENTATION_CONTEXT(2) 
PARAMETRIC_REPRESENTATION_CONTEXT() REPRESENTATION_CONTEXT('2D SPACE',''
  ) );
#1853 = ORIENTED_EDGE('',*,*,#1685,.F.);
#1854 = ORIENTED_EDGE('',*,*,#168,.F.);
#1855 = ADVANCED_FACE('',(#1856),#361,.F.);
#1856 = FACE_BOUND('',#1857,.F.);
#1857 = EDGE_LOOP('',(#1858,#1859,#1860,#1881,#1882,#1883,#1906,#1934,
    #1962,#1990));
#1858 = ORIENTED_EDGE('',*,*,#345,.F.);
#1859 = ORIENTED_EDGE('',*,*,#582,.F.);
#1860 = ORIENTED_EDGE('',*,*,#1861,.T.);
#1861 = EDGE_CURVE('',#583,#1323,#1862,.T.);
#1862 = SURFACE_CURVE('',#1863,(#1867,#1874),.PCURVE_S1.);
#1863 = LINE('',#1864,#1865);
#1864 = CARTESIAN_POINT('',(-40.,54.780278267285,-65.76304617087));
#1865 = VECTOR('',#1866,1.);
#1866 = DIRECTION('',(1.,0.,0.));
#1867 = PCURVE('',#361,#1868);
#1868 = DEFINITIONAL_REPRESENTATION('',(#1869),#1873);
#1869 = LINE('',#1870,#1871);
#1870 = CARTESIAN_POINT('',(3.459131566906,0.));
#1871 = VECTOR('',#1872,1.);
#1872 = DIRECTION('',(0.,-1.));
#1873 = ( GEOMETRIC_REPRESENTATION_CONTEXT(2) 
PARAMETRIC_REPRESENTATION_CONTEXT() REPRESENTATION_CONTEXT('2D SPACE',''
  ) );
#1874 = PCURVE('',#631,#1875);
#1875 = DEFINITIONAL_REPRESENTATION('',(#1876),#1880);
#1876 = LINE('',#1877,#1878);
#1877 = CARTESIAN_POINT('',(-1.21043835627,0.));
#1878 = VECTOR('',#1879,1.);
#1879 = DIRECTION('',(-0.,1.));
#1880 = ( GEOMETRIC_REPRESENTATION_CONTEXT(2) 
PARAMETRIC_REPRESENTATION_CONTEXT() REPRESENTATION_CONTEXT('2D SPACE',''
  ) );
#1881 = ORIENTED_EDGE('',*,*,#1322,.T.);
#1882 = ORIENTED_EDGE('',*,*,#1723,.T.);
#1883 = ORIENTED_EDGE('',*,*,#1884,.T.);
#1884 = EDGE_CURVE('',#1724,#1885,#1887,.T.);
#1885 = VERTEX_POINT('',#1886);
#1886 = CARTESIAN_POINT('',(30.,43.731512263613,-36.44132100728));
#1887 = SURFACE_CURVE('',#1888,(#1892,#1899),.PCURVE_S1.);
#1888 = LINE('',#1889,#1890);
#1889 = CARTESIAN_POINT('',(40.,43.731512263613,-36.44132100728));
#1890 = VECTOR('',#1891,1.);
#1891 = DIRECTION('',(-1.,-0.,-0.));
#1892 = PCURVE('',#361,#1893);
#1893 = DEFINITIONAL_REPRESENTATION('',(#1894),#1898);
#1894 = LINE('',#1895,#1896);
#1895 = CARTESIAN_POINT('',(34.793438592482,-80.));
#1896 = VECTOR('',#1897,1.);
#1897 = DIRECTION('',(0.,1.));
#1898 = ( GEOMETRIC_REPRESENTATION_CONTEXT(2) 
PARAMETRIC_REPRESENTATION_CONTEXT() REPRESENTATION_CONTEXT('2D SPACE',''
  ) );
#1899 = PCURVE('',#1767,#1900);
#1900 = DEFINITIONAL_REPRESENTATION('',(#1901),#1905);
#1901 = LINE('',#1902,#1903);
#1902 = CARTESIAN_POINT('',(5.329070518201E-15,0.));
#1903 = VECTOR('',#1904,1.);
#1904 = DIRECTION('',(0.,1.));
#1905 = ( GEOMETRIC_REPRESENTATION_CONTEXT(2) 
PARAMETRIC_REPRESENTATION_CONTEXT() REPRESENTATION_CONTEXT('2D SPACE',''
  ) );
#1906 = ORIENTED_EDGE('',*,*,#1907,.T.);
#1907 = EDGE_CURVE('',#1885,#1908,#1910,.T.);
#1908 = VERTEX_POINT('',#1909);
#1909 = CARTESIAN_POINT('',(30.,39.795289505085,-25.99519137888));
#1910 = SURFACE_CURVE('',#1911,(#1915,#1922),.PCURVE_S1.);
#1911 = LINE('',#1912,#1913);
#1912 = CARTESIAN_POINT('',(30.,42.946964672222,-34.35925239935));
#1913 = VECTOR('',#1914,1.);
#1914 = DIRECTION('',(0.,-0.352609234174,0.935770659924));
#1915 = PCURVE('',#361,#1916);
#1916 = DEFINITIONAL_REPRESENTATION('',(#1917),#1921);
#1917 = LINE('',#1918,#1919);
#1918 = CARTESIAN_POINT('',(37.018416033098,-70.));
#1919 = VECTOR('',#1920,1.);
#1920 = DIRECTION('',(1.,0.));
#1921 = ( GEOMETRIC_REPRESENTATION_CONTEXT(2) 
PARAMETRIC_REPRESENTATION_CONTEXT() REPRESENTATION_CONTEXT('2D SPACE',''
  ) );
#1922 = PCURVE('',#1923,#1928);
#1923 = CYLINDRICAL_SURFACE('',#1924,4.);
#1924 = AXIS2_PLACEMENT_3D('',#1925,#1926,#1927);
#1925 = CARTESIAN_POINT('',(30.,46.690047311919,-32.94881546266));
#1926 = DIRECTION('',(0.,-0.352609234174,0.935770659924));
#1927 = DIRECTION('',(0.,-0.935770659924,-0.352609234174));
#1928 = DEFINITIONAL_REPRESENTATION('',(#1929),#1933);
#1929 = LINE('',#1930,#1931);
#1930 = CARTESIAN_POINT('',(0.,0.));
#1931 = VECTOR('',#1932,1.);
#1932 = DIRECTION('',(0.,1.));
#1933 = ( GEOMETRIC_REPRESENTATION_CONTEXT(2) 
PARAMETRIC_REPRESENTATION_CONTEXT() REPRESENTATION_CONTEXT('2D SPACE',''
  ) );
#1934 = ORIENTED_EDGE('',*,*,#1935,.T.);
#1935 = EDGE_CURVE('',#1908,#1936,#1938,.T.);
#1936 = VERTEX_POINT('',#1937);
#1937 = CARTESIAN_POINT('',(-30.,39.795289505085,-25.99519137888));
#1938 = SURFACE_CURVE('',#1939,(#1943,#1950),.PCURVE_S1.);
#1939 = LINE('',#1940,#1941);
#1940 = CARTESIAN_POINT('',(34.,39.795289505085,-25.99519137888));
#1941 = VECTOR('',#1942,1.);
#1942 = DIRECTION('',(-1.,-0.,-0.));
#1943 = PCURVE('',#361,#1944);
#1944 = DEFINITIONAL_REPRESENTATION('',(#1945),#1949);
#1945 = LINE('',#1946,#1947);
#1946 = CARTESIAN_POINT('',(45.956568700928,-74.));
#1947 = VECTOR('',#1948,1.);
#1948 = DIRECTION('',(0.,1.));
#1949 = ( GEOMETRIC_REPRESENTATION_CONTEXT(2) 
PARAMETRIC_REPRESENTATION_CONTEXT() REPRESENTATION_CONTEXT('2D SPACE',''
  ) );
#1950 = PCURVE('',#1951,#1956);
#1951 = CYLINDRICAL_SURFACE('',#1952,4.);
#1952 = AXIS2_PLACEMENT_3D('',#1953,#1954,#1955);
#1953 = CARTESIAN_POINT('',(34.,43.538372144782,-24.58475444218));
#1954 = DIRECTION('',(-1.,-0.,-0.));
#1955 = DIRECTION('',(0.,-0.935770659924,-0.352609234174));
#1956 = DEFINITIONAL_REPRESENTATION('',(#1957),#1961);
#1957 = LINE('',#1958,#1959);
#1958 = CARTESIAN_POINT('',(3.5527136788E-15,0.));
#1959 = VECTOR('',#1960,1.);
#1960 = DIRECTION('',(0.,1.));
#1961 = ( GEOMETRIC_REPRESENTATION_CONTEXT(2) 
PARAMETRIC_REPRESENTATION_CONTEXT() REPRESENTATION_CONTEXT('2D SPACE',''
  ) );
#1962 = ORIENTED_EDGE('',*,*,#1963,.F.);
#1963 = EDGE_CURVE('',#1964,#1936,#1966,.T.);
#1964 = VERTEX_POINT('',#1965);
#1965 = CARTESIAN_POINT('',(-30.,43.731512263613,-36.44132100728));
#1966 = SURFACE_CURVE('',#1967,(#1971,#1978),.PCURVE_S1.);
#1967 = LINE('',#1968,#1969);
#1968 = CARTESIAN_POINT('',(-30.,42.946964672222,-34.35925239935));
#1969 = VECTOR('',#1970,1.);
#1970 = DIRECTION('',(0.,-0.352609234174,0.935770659924));
#1971 = PCURVE('',#361,#1972);
#1972 = DEFINITIONAL_REPRESENTATION('',(#1973),#1977);
#1973 = LINE('',#1974,#1975);
#1974 = CARTESIAN_POINT('',(37.018416033098,-10.));
#1975 = VECTOR('',#1976,1.);
#1976 = DIRECTION('',(1.,0.));
#1977 = ( GEOMETRIC_REPRESENTATION_CONTEXT(2) 
PARAMETRIC_REPRESENTATION_CONTEXT() REPRESENTATION_CONTEXT('2D SPACE',''
  ) );
#1978 = PCURVE('',#1979,#1984);
#1979 = CYLINDRICAL_SURFACE('',#1980,4.);
#1980 = AXIS2_PLACEMENT_3D('',#1981,#1982,#1983);
#1981 = CARTESIAN_POINT('',(-30.,46.690047311919,-32.94881546266));
#1982 = DIRECTION('',(0.,-0.352609234174,0.935770659924));
#1983 = DIRECTION('',(0.,-0.935770659924,-0.352609234174));
#1984 = DEFINITIONAL_REPRESENTATION('',(#1985),#1989);
#1985 = LINE('',#1986,#1987);
#1986 = CARTESIAN_POINT('',(-0.,0.));
#1987 = VECTOR('',#1988,1.);
#1988 = DIRECTION('',(-0.,1.));
#1989 = ( GEOMETRIC_REPRESENTATION_CONTEXT(2) 
PARAMETRIC_REPRESENTATION_CONTEXT() REPRESENTATION_CONTEXT('2D SPACE',''
  ) );
#1990 = ORIENTED_EDGE('',*,*,#1991,.T.);
#1991 = EDGE_CURVE('',#1964,#346,#1992,.T.);
#1992 = SURFACE_CURVE('',#1993,(#1997,#2004),.PCURVE_S1.);
#1993 = LINE('',#1994,#1995);
#1994 = CARTESIAN_POINT('',(-34.,43.731512263613,-36.44132100728));
#1995 = VECTOR('',#1996,1.);
#1996 = DIRECTION('',(-1.,-0.,-0.));
#1997 = PCURVE('',#361,#1998);
#1998 = DEFINITIONAL_REPRESENTATION('',(#1999),#2003);
#1999 = LINE('',#2000,#2001);
#2000 = CARTESIAN_POINT('',(34.793438592482,-6.));
#2001 = VECTOR('',#2002,1.);
#2002 = DIRECTION('',(0.,1.));
#2003 = ( GEOMETRIC_REPRESENTATION_CONTEXT(2) 
PARAMETRIC_REPRESENTATION_CONTEXT() REPRESENTATION_CONTEXT('2D SPACE',''
  ) );
#2004 = PCURVE('',#394,#2005);
#2005 = DEFINITIONAL_REPRESENTATION('',(#2006),#2010);
#2006 = LINE('',#2007,#2008);
#2007 = CARTESIAN_POINT('',(5.329070518201E-15,0.));
#2008 = VECTOR('',#2009,1.);
#2009 = DIRECTION('',(0.,1.));
#2010 = ( GEOMETRIC_REPRESENTATION_CONTEXT(2) 
PARAMETRIC_REPRESENTATION_CONTEXT() REPRESENTATION_CONTEXT('2D SPACE',''
  ) );
#2011 = ADVANCED_FACE('',(#2012),#394,.F.);
#2012 = FACE_BOUND('',#2013,.F.);
#2013 = EDGE_LOOP('',(#2014,#2048,#2069,#2070));
#2014 = ORIENTED_EDGE('',*,*,#2015,.T.);
#2015 = EDGE_CURVE('',#1964,#2016,#2018,.T.);
#2016 = VERTEX_POINT('',#2017);
#2017 = CARTESIAN_POINT('',(-33.35734603769,44.255978299696,
    -32.65590887935));
#2018 = SURFACE_CURVE('',#2019,(#2024,#2036),.PCURVE_S1.);
#2019 = ELLIPSE('',#2020,5.656854249492,4.);
#2020 = AXIS2_PLACEMENT_3D('',#2021,#2022,#2023);
#2021 = CARTESIAN_POINT('',(-30.,47.47459490331,-35.03088407058));
#2022 = DIRECTION('',(-0.707106781187,0.249332380594,-0.661689779268));
#2023 = DIRECTION('',(-0.707106781187,-0.249332380594,0.661689779268));
#2024 = PCURVE('',#394,#2025);
#2025 = DEFINITIONAL_REPRESENTATION('',(#2026),#2035);
#2026 = B_SPLINE_CURVE_WITH_KNOTS('',7,(#2027,#2028,#2029,#2030,#2031,
    #2032,#2033,#2034),.UNSPECIFIED.,.F.,.F.,(8,8),(4.712388980385,
    5.708450528389),.PIECEWISE_BEZIER_KNOTS.);
#2027 = CARTESIAN_POINT('',(0.,-4.));
#2028 = CARTESIAN_POINT('',(0.142294506858,-3.430821972569));
#2029 = CARTESIAN_POINT('',(0.284589013716,-2.861644009738));
#2030 = CARTESIAN_POINT('',(0.426883520573,-2.311289048623));
#2031 = CARTESIAN_POINT('',(0.569178027431,-1.798582455596));
#2032 = CARTESIAN_POINT('',(0.711472534289,-1.340786671685));
#2033 = CARTESIAN_POINT('',(0.853767041147,-0.952066081963));
#2034 = CARTESIAN_POINT('',(0.996061548004,-0.642653962302));
#2035 = ( GEOMETRIC_REPRESENTATION_CONTEXT(2) 
PARAMETRIC_REPRESENTATION_CONTEXT() REPRESENTATION_CONTEXT('2D SPACE',''
  ) );
#2036 = PCURVE('',#1979,#2037);
#2037 = DEFINITIONAL_REPRESENTATION('',(#2038),#2047);
#2038 = B_SPLINE_CURVE_WITH_KNOTS('',7,(#2039,#2040,#2041,#2042,#2043,
    #2044,#2045,#2046),.UNSPECIFIED.,.F.,.F.,(8,8),(4.712388980385,
    5.708450528389),.PIECEWISE_BEZIER_KNOTS.);
#2039 = CARTESIAN_POINT('',(0.,-2.224977440615));
#2040 = CARTESIAN_POINT('',(-0.142294506858,-1.655799413184));
#2041 = CARTESIAN_POINT('',(-0.284589013716,-1.086621450353));
#2042 = CARTESIAN_POINT('',(-0.426883520573,-0.53626648924));
#2043 = CARTESIAN_POINT('',(-0.569178027431,-2.35598962096E-02));
#2044 = CARTESIAN_POINT('',(-0.711472534289,0.434235887699));
#2045 = CARTESIAN_POINT('',(-0.853767041147,0.822956477421));
#2046 = CARTESIAN_POINT('',(-0.996061548004,1.132368597083));
#2047 = ( GEOMETRIC_REPRESENTATION_CONTEXT(2) 
PARAMETRIC_REPRESENTATION_CONTEXT() REPRESENTATION_CONTEXT('2D SPACE',''
  ) );
#2048 = ORIENTED_EDGE('',*,*,#2049,.T.);
#2049 = EDGE_CURVE('',#2016,#374,#2050,.T.);
#2050 = SURFACE_CURVE('',#2051,(#2055,#2062),.PCURVE_S1.);
#2051 = LINE('',#2052,#2053);
#2052 = CARTESIAN_POINT('',(-34.,44.255978299696,-32.65590887935));
#2053 = VECTOR('',#2054,1.);
#2054 = DIRECTION('',(-1.,-0.,-0.));
#2055 = PCURVE('',#394,#2056);
#2056 = DEFINITIONAL_REPRESENTATION('',(#2057),#2061);
#2057 = LINE('',#2058,#2059);
#2058 = CARTESIAN_POINT('',(0.996061548004,0.));
#2059 = VECTOR('',#2060,1.);
#2060 = DIRECTION('',(0.,1.));
#2061 = ( GEOMETRIC_REPRESENTATION_CONTEXT(2) 
PARAMETRIC_REPRESENTATION_CONTEXT() REPRESENTATION_CONTEXT('2D SPACE',''
  ) );
#2062 = PCURVE('',#423,#2063);
#2063 = DEFINITIONAL_REPRESENTATION('',(#2064),#2068);
#2064 = LINE('',#2065,#2066);
#2065 = CARTESIAN_POINT('',(-5.6474817297,-12.));
#2066 = VECTOR('',#2067,1.);
#2067 = DIRECTION('',(-0.,1.));
#2068 = ( GEOMETRIC_REPRESENTATION_CONTEXT(2) 
PARAMETRIC_REPRESENTATION_CONTEXT() REPRESENTATION_CONTEXT('2D SPACE',''
  ) );
#2069 = ORIENTED_EDGE('',*,*,#373,.F.);
#2070 = ORIENTED_EDGE('',*,*,#1991,.F.);
#2071 = ADVANCED_FACE('',(#2072),#423,.T.);
#2072 = FACE_BOUND('',#2073,.F.);
#2073 = EDGE_LOOP('',(#2074,#2100,#2123,#2150,#2151,#2173,#2174,#2175,
    #2176,#2177));
#2074 = ORIENTED_EDGE('',*,*,#2075,.T.);
#2075 = EDGE_CURVE('',#2076,#2078,#2080,.T.);
#2076 = VERTEX_POINT('',#2077);
#2077 = CARTESIAN_POINT('',(-34.,45.767714727122,-30.50108667993));
#2078 = VERTEX_POINT('',#2079);
#2079 = CARTESIAN_POINT('',(-34.,55.,0.));
#2080 = SURFACE_CURVE('',#2081,(#2086,#2093),.PCURVE_S1.);
#2081 = CIRCLE('',#2082,55.);
#2082 = AXIS2_PLACEMENT_3D('',#2083,#2084,#2085);
#2083 = CARTESIAN_POINT('',(-34.,0.,0.));
#2084 = DIRECTION('',(1.,0.,0.));
#2085 = DIRECTION('',(0.,1.,0.));
#2086 = PCURVE('',#423,#2087);
#2087 = DEFINITIONAL_REPRESENTATION('',(#2088),#2092);
#2088 = LINE('',#2089,#2090);
#2089 = CARTESIAN_POINT('',(-0.,-12.));
#2090 = VECTOR('',#2091,1.);
#2091 = DIRECTION('',(-1.,0.));
#2092 = ( GEOMETRIC_REPRESENTATION_CONTEXT(2) 
PARAMETRIC_REPRESENTATION_CONTEXT() REPRESENTATION_CONTEXT('2D SPACE',''
  ) );
#2093 = PCURVE('',#943,#2094);
#2094 = DEFINITIONAL_REPRESENTATION('',(#2095),#2099);
#2095 = CIRCLE('',#2096,55.);
#2096 = AXIS2_PLACEMENT_2D('',#2097,#2098);
#2097 = CARTESIAN_POINT('',(-9.372203282004E-16,-3.182406126637E-15));
#2098 = DIRECTION('',(0.,-1.));
#2099 = ( GEOMETRIC_REPRESENTATION_CONTEXT(2) 
PARAMETRIC_REPRESENTATION_CONTEXT() REPRESENTATION_CONTEXT('2D SPACE',''
  ) );
#2100 = ORIENTED_EDGE('',*,*,#2101,.F.);
#2101 = EDGE_CURVE('',#2102,#2078,#2104,.T.);
#2102 = VERTEX_POINT('',#2103);
#2103 = CARTESIAN_POINT('',(-46.,55.,0.));
#2104 = SEAM_CURVE('',#2105,(#2109,#2116),.PCURVE_S1.);
#2105 = LINE('',#2106,#2107);
#2106 = CARTESIAN_POINT('',(-46.,55.,0.));
#2107 = VECTOR('',#2108,1.);
#2108 = DIRECTION('',(1.,0.,0.));
#2109 = PCURVE('',#423,#2110);
#2110 = DEFINITIONAL_REPRESENTATION('',(#2111),#2115);
#2111 = LINE('',#2112,#2113);
#2112 = CARTESIAN_POINT('',(-6.28318530718,0.));
#2113 = VECTOR('',#2114,1.);
#2114 = DIRECTION('',(-0.,-1.));
#2115 = ( GEOMETRIC_REPRESENTATION_CONTEXT(2) 
PARAMETRIC_REPRESENTATION_CONTEXT() REPRESENTATION_CONTEXT('2D SPACE',''
  ) );
#2116 = PCURVE('',#423,#2117);
#2117 = DEFINITIONAL_REPRESENTATION('',(#2118),#2122);
#2118 = LINE('',#2119,#2120);
#2119 = CARTESIAN_POINT('',(-0.,0.));
#2120 = VECTOR('',#2121,1.);
#2121 = DIRECTION('',(-0.,-1.));
#2122 = ( GEOMETRIC_REPRESENTATION_CONTEXT(2) 
PARAMETRIC_REPRESENTATION_CONTEXT() REPRESENTATION_CONTEXT('2D SPACE',''
  ) );
#2123 = ORIENTED_EDGE('',*,*,#2124,.F.);
#2124 = EDGE_CURVE('',#2102,#2102,#2125,.T.);
#2125 = SURFACE_CURVE('',#2126,(#2131,#2138),.PCURVE_S1.);
#2126 = CIRCLE('',#2127,55.);
#2127 = AXIS2_PLACEMENT_3D('',#2128,#2129,#2130);
#2128 = CARTESIAN_POINT('',(-46.,0.,0.));
#2129 = DIRECTION('',(1.,0.,0.));
#2130 = DIRECTION('',(0.,1.,0.));
#2131 = PCURVE('',#423,#2132);
#2132 = DEFINITIONAL_REPRESENTATION('',(#2133),#2137);
#2133 = LINE('',#2134,#2135);
#2134 = CARTESIAN_POINT('',(-0.,0.));
#2135 = VECTOR('',#2136,1.);
#2136 = DIRECTION('',(-1.,0.));
#2137 = ( GEOMETRIC_REPRESENTATION_CONTEXT(2) 
PARAMETRIC_REPRESENTATION_CONTEXT() REPRESENTATION_CONTEXT('2D SPACE',''
  ) );
#2138 = PCURVE('',#2139,#2144);
#2139 = PLANE('',#2140);
#2140 = AXIS2_PLACEMENT_3D('',#2141,#2142,#2143);
#2141 = CARTESIAN_POINT('',(-46.,-3.182406126637E-15,9.372203282004E-16)
  );
#2142 = DIRECTION('',(1.,0.,0.));
#2143 = DIRECTION('',(-0.,0.,1.));
#2144 = DEFINITIONAL_REPRESENTATION('',(#2145),#2149);
#2145 = CIRCLE('',#2146,55.);
#2146 = AXIS2_PLACEMENT_2D('',#2147,#2148);
#2147 = CARTESIAN_POINT('',(-9.372203282004E-16,-3.182406126637E-15));
#2148 = DIRECTION('',(0.,-1.));
#2149 = ( GEOMETRIC_REPRESENTATION_CONTEXT(2) 
PARAMETRIC_REPRESENTATION_CONTEXT() REPRESENTATION_CONTEXT('2D SPACE',''
  ) );
#2150 = ORIENTED_EDGE('',*,*,#2101,.T.);
#2151 = ORIENTED_EDGE('',*,*,#2152,.T.);
#2152 = EDGE_CURVE('',#2078,#928,#2153,.T.);
#2153 = SURFACE_CURVE('',#2154,(#2159,#2166),.PCURVE_S1.);
#2154 = CIRCLE('',#2155,55.);
#2155 = AXIS2_PLACEMENT_3D('',#2156,#2157,#2158);
#2156 = CARTESIAN_POINT('',(-34.,0.,0.));
#2157 = DIRECTION('',(1.,0.,0.));
#2158 = DIRECTION('',(0.,1.,0.));
#2159 = PCURVE('',#423,#2160);
#2160 = DEFINITIONAL_REPRESENTATION('',(#2161),#2165);
#2161 = LINE('',#2162,#2163);
#2162 = CARTESIAN_POINT('',(-0.,-12.));
#2163 = VECTOR('',#2164,1.);
#2164 = DIRECTION('',(-1.,0.));
#2165 = ( GEOMETRIC_REPRESENTATION_CONTEXT(2) 
PARAMETRIC_REPRESENTATION_CONTEXT() REPRESENTATION_CONTEXT('2D SPACE',''
  ) );
#2166 = PCURVE('',#943,#2167);
#2167 = DEFINITIONAL_REPRESENTATION('',(#2168),#2172);
#2168 = CIRCLE('',#2169,55.);
#2169 = AXIS2_PLACEMENT_2D('',#2170,#2171);
#2170 = CARTESIAN_POINT('',(-9.372203282004E-16,-3.182406126637E-15));
#2171 = DIRECTION('',(0.,-1.));
#2172 = ( GEOMETRIC_REPRESENTATION_CONTEXT(2) 
PARAMETRIC_REPRESENTATION_CONTEXT() REPRESENTATION_CONTEXT('2D SPACE',''
  ) );
#2173 = ORIENTED_EDGE('',*,*,#955,.F.);
#2174 = ORIENTED_EDGE('',*,*,#494,.T.);
#2175 = ORIENTED_EDGE('',*,*,#406,.T.);
#2176 = ORIENTED_EDGE('',*,*,#2049,.F.);
#2177 = ORIENTED_EDGE('',*,*,#2178,.T.);
#2178 = EDGE_CURVE('',#2016,#2076,#2179,.T.);
#2179 = SURFACE_CURVE('',#2180,(#2189,#2201),.PCURVE_S1.);
#2180 = B_SPLINE_CURVE_WITH_KNOTS('',7,(#2181,#2182,#2183,#2184,#2185,
    #2186,#2187,#2188),.UNSPECIFIED.,.F.,.F.,(8,8),(0.,1.),
  .PIECEWISE_BEZIER_KNOTS.);
#2181 = CARTESIAN_POINT('',(-33.35734603769,44.255978299695,
    -32.65590887935));
#2182 = CARTESIAN_POINT('',(-33.53831933445,44.453640847607,
    -32.38803241438));
#2183 = CARTESIAN_POINT('',(-33.69205328819,44.662628853603,
    -32.10084798559));
#2184 = CARTESIAN_POINT('',(-33.81593402767,44.879756736379,
    -31.79771969021));
#2185 = CARTESIAN_POINT('',(-33.90868821064,45.101787741741,
    -31.48231213135));
#2186 = CARTESIAN_POINT('',(-33.96992300168,45.325651359389,
    -31.15843802291));
#2187 = CARTESIAN_POINT('',(-34.,45.548498637719,-30.83002641734));
#2188 = CARTESIAN_POINT('',(-34.,45.767714727122,-30.50108667993));
#2189 = PCURVE('',#423,#2190);
#2190 = DEFINITIONAL_REPRESENTATION('',(#2191),#2200);
#2191 = B_SPLINE_CURVE_WITH_KNOTS('',7,(#2192,#2193,#2194,#2195,#2196,
    #2197,#2198,#2199),.UNSPECIFIED.,.F.,.F.,(8,8),(0.,1.),
  .PIECEWISE_BEZIER_KNOTS.);
#2192 = CARTESIAN_POINT('',(-5.6474817297,-12.6426539623));
#2193 = CARTESIAN_POINT('',(-5.653534617361,-12.46168066554));
#2194 = CARTESIAN_POINT('',(-5.659992244157,-12.3079467118));
#2195 = CARTESIAN_POINT('',(-5.666771366059,-12.18406597232));
#2196 = CARTESIAN_POINT('',(-5.67378400714,-12.09131178935));
#2197 = CARTESIAN_POINT('',(-5.68094198911,-12.03007699831));
#2198 = CARTESIAN_POINT('',(-5.688157768577,-12.));
#2199 = CARTESIAN_POINT('',(-5.695344925274,-12.));
#2200 = ( GEOMETRIC_REPRESENTATION_CONTEXT(2) 
PARAMETRIC_REPRESENTATION_CONTEXT() REPRESENTATION_CONTEXT('2D SPACE',''
  ) );
#2201 = PCURVE('',#1979,#2202);
#2202 = DEFINITIONAL_REPRESENTATION('',(#2203),#2212);
#2203 = B_SPLINE_CURVE_WITH_KNOTS('',7,(#2204,#2205,#2206,#2207,#2208,
    #2209,#2210,#2211),.UNSPECIFIED.,.F.,.F.,(8,8),(0.,1.),
  .PIECEWISE_BEZIER_KNOTS.);
#2204 = CARTESIAN_POINT('',(-0.996061548004,1.132368597083));
#2205 = CARTESIAN_POINT('',(-1.079288753342,1.313341893843));
#2206 = CARTESIAN_POINT('',(-1.162466426905,1.508389555551));
#2207 = CARTESIAN_POINT('',(-1.245306827654,1.715486824096));
#2208 = CARTESIAN_POINT('',(-1.327665480849,1.932345780832));
#2209 = CARTESIAN_POINT('',(-1.409431733981,2.156481290237));
#2210 = CARTESIAN_POINT('',(-1.490515533408,2.385221226956));
#2211 = CARTESIAN_POINT('',(-1.570796326795,2.61573576471));
#2212 = ( GEOMETRIC_REPRESENTATION_CONTEXT(2) 
PARAMETRIC_REPRESENTATION_CONTEXT() REPRESENTATION_CONTEXT('2D SPACE',''
  ) );
#2213 = ADVANCED_FACE('',(#2214),#537,.F.);
#2214 = FACE_BOUND('',#2215,.F.);
#2215 = EDGE_LOOP('',(#2216,#2217,#2239));
#2216 = ORIENTED_EDGE('',*,*,#994,.T.);
#2217 = ORIENTED_EDGE('',*,*,#2218,.T.);
#2218 = EDGE_CURVE('',#995,#523,#2219,.T.);
#2219 = SURFACE_CURVE('',#2220,(#2225,#2232),.PCURVE_S1.);
#2220 = CIRCLE('',#2221,12.);
#2221 = AXIS2_PLACEMENT_3D('',#2222,#2223,#2224);
#2222 = CARTESIAN_POINT('',(-40.,-68.,-68.));
#2223 = DIRECTION('',(0.,0.,1.));
#2224 = DIRECTION('',(1.,0.,0.));
#2225 = PCURVE('',#537,#2226);
#2226 = DEFINITIONAL_REPRESENTATION('',(#2227),#2231);
#2227 = CIRCLE('',#2228,12.);
#2228 = AXIS2_PLACEMENT_2D('',#2229,#2230);
#2229 = CARTESIAN_POINT('',(7.105427357601E-15,0.));
#2230 = DIRECTION('',(1.,0.));
#2231 = ( GEOMETRIC_REPRESENTATION_CONTEXT(2) 
PARAMETRIC_REPRESENTATION_CONTEXT() REPRESENTATION_CONTEXT('2D SPACE',''
  ) );
#2232 = PCURVE('',#817,#2233);
#2233 = DEFINITIONAL_REPRESENTATION('',(#2234),#2238);
#2234 = LINE('',#2235,#2236);
#2235 = CARTESIAN_POINT('',(-0.,-2.));
#2236 = VECTOR('',#2237,1.);
#2237 = DIRECTION('',(-1.,0.));
#2238 = ( GEOMETRIC_REPRESENTATION_CONTEXT(2) 
PARAMETRIC_REPRESENTATION_CONTEXT() REPRESENTATION_CONTEXT('2D SPACE',''
  ) );
#2239 = ORIENTED_EDGE('',*,*,#520,.F.);
#2240 = ADVANCED_FACE('',(#2241),#817,.F.);
#2241 = FACE_BOUND('',#2242,.T.);
#2242 = EDGE_LOOP('',(#2243,#2272,#2295,#2321,#2322,#2323,#2324,#2350));
#2243 = ORIENTED_EDGE('',*,*,#2244,.F.);
#2244 = EDGE_CURVE('',#2245,#2245,#2247,.T.);
#2245 = VERTEX_POINT('',#2246);
#2246 = CARTESIAN_POINT('',(-28.,-68.,-70.));
#2247 = SURFACE_CURVE('',#2248,(#2253,#2260),.PCURVE_S1.);
#2248 = CIRCLE('',#2249,12.);
#2249 = AXIS2_PLACEMENT_3D('',#2250,#2251,#2252);
#2250 = CARTESIAN_POINT('',(-40.,-68.,-70.));
#2251 = DIRECTION('',(0.,0.,1.));
#2252 = DIRECTION('',(1.,0.,0.));
#2253 = PCURVE('',#817,#2254);
#2254 = DEFINITIONAL_REPRESENTATION('',(#2255),#2259);
#2255 = LINE('',#2256,#2257);
#2256 = CARTESIAN_POINT('',(-0.,0.));
#2257 = VECTOR('',#2258,1.);
#2258 = DIRECTION('',(-1.,0.));
#2259 = ( GEOMETRIC_REPRESENTATION_CONTEXT(2) 
PARAMETRIC_REPRESENTATION_CONTEXT() REPRESENTATION_CONTEXT('2D SPACE',''
  ) );
#2260 = PCURVE('',#2261,#2266);
#2261 = PLANE('',#2262);
#2262 = AXIS2_PLACEMENT_3D('',#2263,#2264,#2265);
#2263 = CARTESIAN_POINT('',(-40.,-68.,-70.));
#2264 = DIRECTION('',(0.,0.,1.));
#2265 = DIRECTION('',(1.,0.,-0.));
#2266 = DEFINITIONAL_REPRESENTATION('',(#2267),#2271);
#2267 = CIRCLE('',#2268,12.);
#2268 = AXIS2_PLACEMENT_2D('',#2269,#2270);
#2269 = CARTESIAN_POINT('',(7.105427357601E-15,0.));
#2270 = DIRECTION('',(1.,0.));
#2271 = ( GEOMETRIC_REPRESENTATION_CONTEXT(2) 
PARAMETRIC_REPRESENTATION_CONTEXT() REPRESENTATION_CONTEXT('2D SPACE',''
  ) );
#2272 = ORIENTED_EDGE('',*,*,#2273,.T.);
#2273 = EDGE_CURVE('',#2245,#2274,#2276,.T.);
#2274 = VERTEX_POINT('',#2275);
#2275 = CARTESIAN_POINT('',(-28.,-68.,-69.));
#2276 = SEAM_CURVE('',#2277,(#2281,#2288),.PCURVE_S1.);
#2277 = LINE('',#2278,#2279);
#2278 = CARTESIAN_POINT('',(-28.,-68.,-70.));
#2279 = VECTOR('',#2280,1.);
#2280 = DIRECTION('',(0.,0.,1.));
#2281 = PCURVE('',#817,#2282);
#2282 = DEFINITIONAL_REPRESENTATION('',(#2283),#2287);
#2283 = LINE('',#2284,#2285);
#2284 = CARTESIAN_POINT('',(-6.28318530718,0.));
#2285 = VECTOR('',#2286,1.);
#2286 = DIRECTION('',(-0.,-1.));
#2287 = ( GEOMETRIC_REPRESENTATION_CONTEXT(2) 
PARAMETRIC_REPRESENTATION_CONTEXT() REPRESENTATION_CONTEXT('2D SPACE',''
  ) );
#2288 = PCURVE('',#817,#2289);
#2289 = DEFINITIONAL_REPRESENTATION('',(#2290),#2294);
#2290 = LINE('',#2291,#2292);
#2291 = CARTESIAN_POINT('',(-0.,0.));
#2292 = VECTOR('',#2293,1.);
#2293 = DIRECTION('',(-0.,-1.));
#2294 = ( GEOMETRIC_REPRESENTATION_CONTEXT(2) 
PARAMETRIC_REPRESENTATION_CONTEXT() REPRESENTATION_CONTEXT('2D SPACE',''
  ) );
#2295 = ORIENTED_EDGE('',*,*,#2296,.F.);
#2296 = EDGE_CURVE('',#1139,#2274,#2297,.T.);
#2297 = SURFACE_CURVE('',#2298,(#2303,#2310),.PCURVE_S1.);
#2298 = CIRCLE('',#2299,12.);
#2299 = AXIS2_PLACEMENT_3D('',#2300,#2301,#2302);
#2300 = CARTESIAN_POINT('',(-40.,-68.,-69.));
#2301 = DIRECTION('',(0.,0.,-1.));
#2302 = DIRECTION('',(1.,0.,0.));
#2303 = PCURVE('',#817,#2304);
#2304 = DEFINITIONAL_REPRESENTATION('',(#2305),#2309);
#2305 = LINE('',#2306,#2307);
#2306 = CARTESIAN_POINT('',(-6.28318530718,-1.));
#2307 = VECTOR('',#2308,1.);
#2308 = DIRECTION('',(1.,-0.));
#2309 = ( GEOMETRIC_REPRESENTATION_CONTEXT(2) 
PARAMETRIC_REPRESENTATION_CONTEXT() REPRESENTATION_CONTEXT('2D SPACE',''
  ) );
#2310 = PCURVE('',#763,#2311);
#2311 = DEFINITIONAL_REPRESENTATION('',(#2312),#2320);
#2312 = ( BOUNDED_CURVE() B_SPLINE_CURVE(2,(#2313,#2314,#2315,#2316,
#2317,#2318,#2319),.UNSPECIFIED.,.T.,.F.) B_SPLINE_CURVE_WITH_KNOTS((1,2
    ,2,2,2,1),(-2.094395102393,0.,2.094395102393,4.188790204786,
6.28318530718,8.377580409573),.UNSPECIFIED.) CURVE() 
GEOMETRIC_REPRESENTATION_ITEM() RATIONAL_B_SPLINE_CURVE((1.,0.5,1.,0.5,
1.,0.5,1.)) REPRESENTATION_ITEM('') );
#2313 = CARTESIAN_POINT('',(32.,17.));
#2314 = CARTESIAN_POINT('',(32.,-3.784609690827));
#2315 = CARTESIAN_POINT('',(14.,6.607695154587));
#2316 = CARTESIAN_POINT('',(-4.,17.));
#2317 = CARTESIAN_POINT('',(14.,27.392304845413));
#2318 = CARTESIAN_POINT('',(32.,37.784609690827));
#2319 = CARTESIAN_POINT('',(32.,17.));
#2320 = ( GEOMETRIC_REPRESENTATION_CONTEXT(2) 
PARAMETRIC_REPRESENTATION_CONTEXT() REPRESENTATION_CONTEXT('2D SPACE',''
  ) );
#2321 = ORIENTED_EDGE('',*,*,#1161,.T.);
#2322 = ORIENTED_EDGE('',*,*,#2218,.T.);
#2323 = ORIENTED_EDGE('',*,*,#775,.T.);
#2324 = ORIENTED_EDGE('',*,*,#2325,.F.);
#2325 = EDGE_CURVE('',#2274,#748,#2326,.T.);
#2326 = SURFACE_CURVE('',#2327,(#2332,#2339),.PCURVE_S1.);
#2327 = CIRCLE('',#2328,12.);
#2328 = AXIS2_PLACEMENT_3D('',#2329,#2330,#2331);
#2329 = CARTESIAN_POINT('',(-40.,-68.,-69.));
#2330 = DIRECTION('',(0.,0.,-1.));
#2331 = DIRECTION('',(1.,0.,0.));
#2332 = PCURVE('',#817,#2333);
#2333 = DEFINITIONAL_REPRESENTATION('',(#2334),#2338);
#2334 = LINE('',#2335,#2336);
#2335 = CARTESIAN_POINT('',(-6.28318530718,-1.));
#2336 = VECTOR('',#2337,1.);
#2337 = DIRECTION('',(1.,-0.));
#2338 = ( GEOMETRIC_REPRESENTATION_CONTEXT(2) 
PARAMETRIC_REPRESENTATION_CONTEXT() REPRESENTATION_CONTEXT('2D SPACE',''
  ) );
#2339 = PCURVE('',#763,#2340);
#2340 = DEFINITIONAL_REPRESENTATION('',(#2341),#2349);
#2341 = ( BOUNDED_CURVE() B_SPLINE_CURVE(2,(#2342,#2343,#2344,#2345,
#2346,#2347,#2348),.UNSPECIFIED.,.T.,.F.) B_SPLINE_CURVE_WITH_KNOTS((1,2
    ,2,2,2,1),(-2.094395102393,0.,2.094395102393,4.188790204786,
6.28318530718,8.377580409573),.UNSPECIFIED.) CURVE() 
GEOMETRIC_REPRESENTATION_ITEM() RATIONAL_B_SPLINE_CURVE((1.,0.5,1.,0.5,
1.,0.5,1.)) REPRESENTATION_ITEM('') );
#2342 = CARTESIAN_POINT('',(32.,17.));
#2343 = CARTESIAN_POINT('',(32.,-3.784609690827));
#2344 = CARTESIAN_POINT('',(14.,6.607695154587));
#2345 = CARTESIAN_POINT('',(-4.,17.));
#2346 = CARTESIAN_POINT('',(14.,27.392304845413));
#2347 = CARTESIAN_POINT('',(32.,37.784609690827));
#2348 = CARTESIAN_POINT('',(32.,17.));
#2349 = ( GEOMETRIC_REPRESENTATION_CONTEXT(2) 
PARAMETRIC_REPRESENTATION_CONTEXT() REPRESENTATION_CONTEXT('2D SPACE',''
  ) );
#2350 = ORIENTED_EDGE('',*,*,#2273,.F.);
#2351 = ADVANCED_FACE('',(#2352,#2590),#763,.T.);
#2352 = FACE_BOUND('',#2353,.T.);
#2353 = EDGE_LOOP('',(#2354,#2384,#2413,#2441,#2474,#2502,#2531,#2559));
#2354 = ORIENTED_EDGE('',*,*,#2355,.F.);
#2355 = EDGE_CURVE('',#2356,#2358,#2360,.T.);
#2356 = VERTEX_POINT('',#2357);
#2357 = CARTESIAN_POINT('',(-60.,-75.,-69.));
#2358 = VERTEX_POINT('',#2359);
#2359 = CARTESIAN_POINT('',(-60.,75.,-69.));
#2360 = SURFACE_CURVE('',#2361,(#2365,#2372),.PCURVE_S1.);
#2361 = LINE('',#2362,#2363);
#2362 = CARTESIAN_POINT('',(-60.,-85.,-69.));
#2363 = VECTOR('',#2364,1.);
#2364 = DIRECTION('',(0.,1.,0.));
#2365 = PCURVE('',#763,#2366);
#2366 = DEFINITIONAL_REPRESENTATION('',(#2367),#2371);
#2367 = LINE('',#2368,#2369);
#2368 = CARTESIAN_POINT('',(0.,0.));
#2369 = VECTOR('',#2370,1.);
#2370 = DIRECTION('',(0.,1.));
#2371 = ( GEOMETRIC_REPRESENTATION_CONTEXT(2) 
PARAMETRIC_REPRESENTATION_CONTEXT() REPRESENTATION_CONTEXT('2D SPACE',''
  ) );
#2372 = PCURVE('',#2373,#2378);
#2373 = PLANE('',#2374);
#2374 = AXIS2_PLACEMENT_3D('',#2375,#2376,#2377);
#2375 = CARTESIAN_POINT('',(-60.,-85.,-85.));
#2376 = DIRECTION('',(1.,0.,0.));
#2377 = DIRECTION('',(0.,0.,1.));
#2378 = DEFINITIONAL_REPRESENTATION('',(#2379),#2383);
#2379 = LINE('',#2380,#2381);
#2380 = CARTESIAN_POINT('',(16.,0.));
#2381 = VECTOR('',#2382,1.);
#2382 = DIRECTION('',(0.,-1.));
#2383 = ( GEOMETRIC_REPRESENTATION_CONTEXT(2) 
PARAMETRIC_REPRESENTATION_CONTEXT() REPRESENTATION_CONTEXT('2D SPACE',''
  ) );
#2384 = ORIENTED_EDGE('',*,*,#2385,.T.);
#2385 = EDGE_CURVE('',#2356,#2386,#2388,.T.);
#2386 = VERTEX_POINT('',#2387);
#2387 = CARTESIAN_POINT('',(-50.,-85.,-69.));
#2388 = SURFACE_CURVE('',#2389,(#2394,#2401),.PCURVE_S1.);
#2389 = CIRCLE('',#2390,10.);
#2390 = AXIS2_PLACEMENT_3D('',#2391,#2392,#2393);
#2391 = CARTESIAN_POINT('',(-50.,-75.,-69.));
#2392 = DIRECTION('',(0.,0.,1.));
#2393 = DIRECTION('',(0.,-1.,0.));
#2394 = PCURVE('',#763,#2395);
#2395 = DEFINITIONAL_REPRESENTATION('',(#2396),#2400);
#2396 = CIRCLE('',#2397,10.);
#2397 = AXIS2_PLACEMENT_2D('',#2398,#2399);
#2398 = CARTESIAN_POINT('',(10.,10.));
#2399 = DIRECTION('',(0.,-1.));
#2400 = ( GEOMETRIC_REPRESENTATION_CONTEXT(2) 
PARAMETRIC_REPRESENTATION_CONTEXT() REPRESENTATION_CONTEXT('2D SPACE',''
  ) );
#2401 = PCURVE('',#2402,#2407);
#2402 = CYLINDRICAL_SURFACE('',#2403,10.);
#2403 = AXIS2_PLACEMENT_3D('',#2404,#2405,#2406);
#2404 = CARTESIAN_POINT('',(-50.,-75.,-85.));
#2405 = DIRECTION('',(0.,0.,1.));
#2406 = DIRECTION('',(-1.,-0.,0.));
#2407 = DEFINITIONAL_REPRESENTATION('',(#2408),#2412);
#2408 = LINE('',#2409,#2410);
#2409 = CARTESIAN_POINT('',(-4.712388980385,16.));
#2410 = VECTOR('',#2411,1.);
#2411 = DIRECTION('',(1.,0.));
#2412 = ( GEOMETRIC_REPRESENTATION_CONTEXT(2) 
PARAMETRIC_REPRESENTATION_CONTEXT() REPRESENTATION_CONTEXT('2D SPACE',''
  ) );
#2413 = ORIENTED_EDGE('',*,*,#2414,.T.);
#2414 = EDGE_CURVE('',#2386,#2415,#2417,.T.);
#2415 = VERTEX_POINT('',#2416);
#2416 = CARTESIAN_POINT('',(50.,-85.,-69.));
#2417 = SURFACE_CURVE('',#2418,(#2422,#2429),.PCURVE_S1.);
#2418 = LINE('',#2419,#2420);
#2419 = CARTESIAN_POINT('',(-60.,-85.,-69.));
#2420 = VECTOR('',#2421,1.);
#2421 = DIRECTION('',(1.,0.,0.));
#2422 = PCURVE('',#763,#2423);
#2423 = DEFINITIONAL_REPRESENTATION('',(#2424),#2428);
#2424 = LINE('',#2425,#2426);
#2425 = CARTESIAN_POINT('',(0.,0.));
#2426 = VECTOR('',#2427,1.);
#2427 = DIRECTION('',(1.,0.));
#2428 = ( GEOMETRIC_REPRESENTATION_CONTEXT(2) 
PARAMETRIC_REPRESENTATION_CONTEXT() REPRESENTATION_CONTEXT('2D SPACE',''
  ) );
#2429 = PCURVE('',#2430,#2435);
#2430 = PLANE('',#2431);
#2431 = AXIS2_PLACEMENT_3D('',#2432,#2433,#2434);
#2432 = CARTESIAN_POINT('',(-60.,-85.,-85.));
#2433 = DIRECTION('',(0.,1.,0.));
#2434 = DIRECTION('',(0.,0.,1.));
#2435 = DEFINITIONAL_REPRESENTATION('',(#2436),#2440);
#2436 = LINE('',#2437,#2438);
#2437 = CARTESIAN_POINT('',(16.,0.));
#2438 = VECTOR('',#2439,1.);
#2439 = DIRECTION('',(0.,1.));
#2440 = ( GEOMETRIC_REPRESENTATION_CONTEXT(2) 
PARAMETRIC_REPRESENTATION_CONTEXT() REPRESENTATION_CONTEXT('2D SPACE',''
  ) );
#2441 = ORIENTED_EDGE('',*,*,#2442,.F.);
#2442 = EDGE_CURVE('',#2443,#2415,#2445,.T.);
#2443 = VERTEX_POINT('',#2444);
#2444 = CARTESIAN_POINT('',(60.,-75.,-69.));
#2445 = SURFACE_CURVE('',#2446,(#2451,#2462),.PCURVE_S1.);
#2446 = CIRCLE('',#2447,10.);
#2447 = AXIS2_PLACEMENT_3D('',#2448,#2449,#2450);
#2448 = CARTESIAN_POINT('',(50.,-75.,-69.));
#2449 = DIRECTION('',(-0.,-0.,-1.));
#2450 = DIRECTION('',(0.,-1.,0.));
#2451 = PCURVE('',#763,#2452);
#2452 = DEFINITIONAL_REPRESENTATION('',(#2453),#2461);
#2453 = ( BOUNDED_CURVE() B_SPLINE_CURVE(2,(#2454,#2455,#2456,#2457,
#2458,#2459,#2460),.UNSPECIFIED.,.T.,.F.) B_SPLINE_CURVE_WITH_KNOTS((1,2
    ,2,2,2,1),(-2.094395102393,0.,2.094395102393,4.188790204786,
6.28318530718,8.377580409573),.UNSPECIFIED.) CURVE() 
GEOMETRIC_REPRESENTATION_ITEM() RATIONAL_B_SPLINE_CURVE((1.,0.5,1.,0.5,
1.,0.5,1.)) REPRESENTATION_ITEM('') );
#2454 = CARTESIAN_POINT('',(110.,0.));
#2455 = CARTESIAN_POINT('',(92.679491924311,0.));
#2456 = CARTESIAN_POINT('',(101.33974596215,15.));
#2457 = CARTESIAN_POINT('',(110.,30.));
#2458 = CARTESIAN_POINT('',(118.66025403784,15.));
#2459 = CARTESIAN_POINT('',(127.32050807568,1.59872115546E-14));
#2460 = CARTESIAN_POINT('',(110.,0.));
#2461 = ( GEOMETRIC_REPRESENTATION_CONTEXT(2) 
PARAMETRIC_REPRESENTATION_CONTEXT() REPRESENTATION_CONTEXT('2D SPACE',''
  ) );
#2462 = PCURVE('',#2463,#2468);
#2463 = CYLINDRICAL_SURFACE('',#2464,10.);
#2464 = AXIS2_PLACEMENT_3D('',#2465,#2466,#2467);
#2465 = CARTESIAN_POINT('',(50.,-75.,-85.));
#2466 = DIRECTION('',(0.,0.,1.));
#2467 = DIRECTION('',(1.,0.,-0.));
#2468 = DEFINITIONAL_REPRESENTATION('',(#2469),#2473);
#2469 = LINE('',#2470,#2471);
#2470 = CARTESIAN_POINT('',(4.712388980385,16.));
#2471 = VECTOR('',#2472,1.);
#2472 = DIRECTION('',(-1.,0.));
#2473 = ( GEOMETRIC_REPRESENTATION_CONTEXT(2) 
PARAMETRIC_REPRESENTATION_CONTEXT() REPRESENTATION_CONTEXT('2D SPACE',''
  ) );
#2474 = ORIENTED_EDGE('',*,*,#2475,.T.);
#2475 = EDGE_CURVE('',#2443,#2476,#2478,.T.);
#2476 = VERTEX_POINT('',#2477);
#2477 = CARTESIAN_POINT('',(60.,75.,-69.));
#2478 = SURFACE_CURVE('',#2479,(#2483,#2490),.PCURVE_S1.);
#2479 = LINE('',#2480,#2481);
#2480 = CARTESIAN_POINT('',(60.,-85.,-69.));
#2481 = VECTOR('',#2482,1.);
#2482 = DIRECTION('',(0.,1.,0.));
#2483 = PCURVE('',#763,#2484);
#2484 = DEFINITIONAL_REPRESENTATION('',(#2485),#2489);
#2485 = LINE('',#2486,#2487);
#2486 = CARTESIAN_POINT('',(120.,0.));
#2487 = VECTOR('',#2488,1.);
#2488 = DIRECTION('',(0.,1.));
#2489 = ( GEOMETRIC_REPRESENTATION_CONTEXT(2) 
PARAMETRIC_REPRESENTATION_CONTEXT() REPRESENTATION_CONTEXT('2D SPACE',''
  ) );
#2490 = PCURVE('',#2491,#2496);
#2491 = PLANE('',#2492);
#2492 = AXIS2_PLACEMENT_3D('',#2493,#2494,#2495);
#2493 = CARTESIAN_POINT('',(60.,-85.,-85.));
#2494 = DIRECTION('',(1.,0.,0.));
#2495 = DIRECTION('',(0.,0.,1.));
#2496 = DEFINITIONAL_REPRESENTATION('',(#2497),#2501);
#2497 = LINE('',#2498,#2499);
#2498 = CARTESIAN_POINT('',(16.,0.));
#2499 = VECTOR('',#2500,1.);
#2500 = DIRECTION('',(0.,-1.));
#2501 = ( GEOMETRIC_REPRESENTATION_CONTEXT(2) 
PARAMETRIC_REPRESENTATION_CONTEXT() REPRESENTATION_CONTEXT('2D SPACE',''
  ) );
#2502 = ORIENTED_EDGE('',*,*,#2503,.T.);
#2503 = EDGE_CURVE('',#2476,#2504,#2506,.T.);
#2504 = VERTEX_POINT('',#2505);
#2505 = CARTESIAN_POINT('',(50.,85.,-69.));
#2506 = SURFACE_CURVE('',#2507,(#2512,#2519),.PCURVE_S1.);
#2507 = CIRCLE('',#2508,10.);
#2508 = AXIS2_PLACEMENT_3D('',#2509,#2510,#2511);
#2509 = CARTESIAN_POINT('',(50.,75.,-69.));
#2510 = DIRECTION('',(0.,0.,1.));
#2511 = DIRECTION('',(0.,-1.,0.));
#2512 = PCURVE('',#763,#2513);
#2513 = DEFINITIONAL_REPRESENTATION('',(#2514),#2518);
#2514 = CIRCLE('',#2515,10.);
#2515 = AXIS2_PLACEMENT_2D('',#2516,#2517);
#2516 = CARTESIAN_POINT('',(110.,160.));
#2517 = DIRECTION('',(0.,-1.));
#2518 = ( GEOMETRIC_REPRESENTATION_CONTEXT(2) 
PARAMETRIC_REPRESENTATION_CONTEXT() REPRESENTATION_CONTEXT('2D SPACE',''
  ) );
#2519 = PCURVE('',#2520,#2525);
#2520 = CYLINDRICAL_SURFACE('',#2521,10.);
#2521 = AXIS2_PLACEMENT_3D('',#2522,#2523,#2524);
#2522 = CARTESIAN_POINT('',(50.,75.,-85.));
#2523 = DIRECTION('',(0.,0.,1.));
#2524 = DIRECTION('',(1.,0.,-0.));
#2525 = DEFINITIONAL_REPRESENTATION('',(#2526),#2530);
#2526 = LINE('',#2527,#2528);
#2527 = CARTESIAN_POINT('',(-1.570796326795,16.));
#2528 = VECTOR('',#2529,1.);
#2529 = DIRECTION('',(1.,0.));
#2530 = ( GEOMETRIC_REPRESENTATION_CONTEXT(2) 
PARAMETRIC_REPRESENTATION_CONTEXT() REPRESENTATION_CONTEXT('2D SPACE',''
  ) );
#2531 = ORIENTED_EDGE('',*,*,#2532,.F.);
#2532 = EDGE_CURVE('',#2533,#2504,#2535,.T.);
#2533 = VERTEX_POINT('',#2534);
#2534 = CARTESIAN_POINT('',(-50.,85.,-69.));
#2535 = SURFACE_CURVE('',#2536,(#2540,#2547),.PCURVE_S1.);
#2536 = LINE('',#2537,#2538);
#2537 = CARTESIAN_POINT('',(-60.,85.,-69.));
#2538 = VECTOR('',#2539,1.);
#2539 = DIRECTION('',(1.,0.,0.));
#2540 = PCURVE('',#763,#2541);
#2541 = DEFINITIONAL_REPRESENTATION('',(#2542),#2546);
#2542 = LINE('',#2543,#2544);
#2543 = CARTESIAN_POINT('',(0.,170.));
#2544 = VECTOR('',#2545,1.);
#2545 = DIRECTION('',(1.,0.));
#2546 = ( GEOMETRIC_REPRESENTATION_CONTEXT(2) 
PARAMETRIC_REPRESENTATION_CONTEXT() REPRESENTATION_CONTEXT('2D SPACE',''
  ) );
#2547 = PCURVE('',#2548,#2553);
#2548 = PLANE('',#2549);
#2549 = AXIS2_PLACEMENT_3D('',#2550,#2551,#2552);
#2550 = CARTESIAN_POINT('',(-60.,85.,-85.));
#2551 = DIRECTION('',(0.,1.,0.));
#2552 = DIRECTION('',(0.,0.,1.));
#2553 = DEFINITIONAL_REPRESENTATION('',(#2554),#2558);
#2554 = LINE('',#2555,#2556);
#2555 = CARTESIAN_POINT('',(16.,0.));
#2556 = VECTOR('',#2557,1.);
#2557 = DIRECTION('',(0.,1.));
#2558 = ( GEOMETRIC_REPRESENTATION_CONTEXT(2) 
PARAMETRIC_REPRESENTATION_CONTEXT() REPRESENTATION_CONTEXT('2D SPACE',''
  ) );
#2559 = ORIENTED_EDGE('',*,*,#2560,.F.);
#2560 = EDGE_CURVE('',#2358,#2533,#2561,.T.);
#2561 = SURFACE_CURVE('',#2562,(#2567,#2578),.PCURVE_S1.);
#2562 = CIRCLE('',#2563,10.);
#2563 = AXIS2_PLACEMENT_3D('',#2564,#2565,#2566);
#2564 = CARTESIAN_POINT('',(-50.,75.,-69.));
#2565 = DIRECTION('',(-0.,-0.,-1.));
#2566 = DIRECTION('',(0.,-1.,0.));
#2567 = PCURVE('',#763,#2568);
#2568 = DEFINITIONAL_REPRESENTATION('',(#2569),#2577);
#2569 = ( BOUNDED_CURVE() B_SPLINE_CURVE(2,(#2570,#2571,#2572,#2573,
#2574,#2575,#2576),.UNSPECIFIED.,.T.,.F.) B_SPLINE_CURVE_WITH_KNOTS((1,2
    ,2,2,2,1),(-2.094395102393,0.,2.094395102393,4.188790204786,
6.28318530718,8.377580409573),.UNSPECIFIED.) CURVE() 
GEOMETRIC_REPRESENTATION_ITEM() RATIONAL_B_SPLINE_CURVE((1.,0.5,1.,0.5,
1.,0.5,1.)) REPRESENTATION_ITEM('') );
#2570 = CARTESIAN_POINT('',(10.,150.));
#2571 = CARTESIAN_POINT('',(-7.320508075689,150.));
#2572 = CARTESIAN_POINT('',(1.339745962156,165.));
#2573 = CARTESIAN_POINT('',(10.,180.));
#2574 = CARTESIAN_POINT('',(18.660254037844,165.));
#2575 = CARTESIAN_POINT('',(27.320508075689,150.));
#2576 = CARTESIAN_POINT('',(10.,150.));
#2577 = ( GEOMETRIC_REPRESENTATION_CONTEXT(2) 
PARAMETRIC_REPRESENTATION_CONTEXT() REPRESENTATION_CONTEXT('2D SPACE',''
  ) );
#2578 = PCURVE('',#2579,#2584);
#2579 = CYLINDRICAL_SURFACE('',#2580,10.);
#2580 = AXIS2_PLACEMENT_3D('',#2581,#2582,#2583);
#2581 = CARTESIAN_POINT('',(-50.,75.,-85.));
#2582 = DIRECTION('',(0.,0.,1.));
#2583 = DIRECTION('',(-1.,-0.,0.));
#2584 = DEFINITIONAL_REPRESENTATION('',(#2585),#2589);
#2585 = LINE('',#2586,#2587);
#2586 = CARTESIAN_POINT('',(1.570796326795,16.));
#2587 = VECTOR('',#2588,1.);
#2588 = DIRECTION('',(-1.,0.));
#2589 = ( GEOMETRIC_REPRESENTATION_CONTEXT(2) 
PARAMETRIC_REPRESENTATION_CONTEXT() REPRESENTATION_CONTEXT('2D SPACE',''
  ) );
#2590 = FACE_BOUND('',#2591,.T.);
#2591 = EDGE_LOOP('',(#2592,#2593,#2594,#2595,#2596,#2624,#2652,#2675,
    #2703,#2729,#2730,#2758));
#2592 = ORIENTED_EDGE('',*,*,#1138,.F.);
#2593 = ORIENTED_EDGE('',*,*,#2296,.T.);
#2594 = ORIENTED_EDGE('',*,*,#2325,.T.);
#2595 = ORIENTED_EDGE('',*,*,#747,.T.);
#2596 = ORIENTED_EDGE('',*,*,#2597,.T.);
#2597 = EDGE_CURVE('',#675,#2598,#2600,.T.);
#2598 = VERTEX_POINT('',#2599);
#2599 = CARTESIAN_POINT('',(-28.,68.,-69.));
#2600 = SURFACE_CURVE('',#2601,(#2606,#2617),.PCURVE_S1.);
#2601 = CIRCLE('',#2602,12.);
#2602 = AXIS2_PLACEMENT_3D('',#2603,#2604,#2605);
#2603 = CARTESIAN_POINT('',(-40.,68.,-69.));
#2604 = DIRECTION('',(0.,0.,-1.));
#2605 = DIRECTION('',(1.,0.,0.));
#2606 = PCURVE('',#763,#2607);
#2607 = DEFINITIONAL_REPRESENTATION('',(#2608),#2616);
#2608 = ( BOUNDED_CURVE() B_SPLINE_CURVE(2,(#2609,#2610,#2611,#2612,
#2613,#2614,#2615),.UNSPECIFIED.,.T.,.F.) B_SPLINE_CURVE_WITH_KNOTS((1,2
    ,2,2,2,1),(-2.094395102393,0.,2.094395102393,4.188790204786,
6.28318530718,8.377580409573),.UNSPECIFIED.) CURVE() 
GEOMETRIC_REPRESENTATION_ITEM() RATIONAL_B_SPLINE_CURVE((1.,0.5,1.,0.5,
1.,0.5,1.)) REPRESENTATION_ITEM('') );
#2609 = CARTESIAN_POINT('',(32.,153.));
#2610 = CARTESIAN_POINT('',(32.,132.21539030917));
#2611 = CARTESIAN_POINT('',(14.,142.60769515458));
#2612 = CARTESIAN_POINT('',(-4.,153.));
#2613 = CARTESIAN_POINT('',(14.,163.39230484541));
#2614 = CARTESIAN_POINT('',(32.,173.78460969082));
#2615 = CARTESIAN_POINT('',(32.,153.));
#2616 = ( GEOMETRIC_REPRESENTATION_CONTEXT(2) 
PARAMETRIC_REPRESENTATION_CONTEXT() REPRESENTATION_CONTEXT('2D SPACE',''
  ) );
#2617 = PCURVE('',#720,#2618);
#2618 = DEFINITIONAL_REPRESENTATION('',(#2619),#2623);
#2619 = LINE('',#2620,#2621);
#2620 = CARTESIAN_POINT('',(-6.28318530718,-1.));
#2621 = VECTOR('',#2622,1.);
#2622 = DIRECTION('',(1.,-0.));
#2623 = ( GEOMETRIC_REPRESENTATION_CONTEXT(2) 
PARAMETRIC_REPRESENTATION_CONTEXT() REPRESENTATION_CONTEXT('2D SPACE',''
  ) );
#2624 = ORIENTED_EDGE('',*,*,#2625,.T.);
#2625 = EDGE_CURVE('',#2598,#2626,#2628,.T.);
#2626 = VERTEX_POINT('',#2627);
#2627 = CARTESIAN_POINT('',(-31.57067224456,59.459131566906,-69.));
#2628 = SURFACE_CURVE('',#2629,(#2634,#2645),.PCURVE_S1.);
#2629 = CIRCLE('',#2630,12.);
#2630 = AXIS2_PLACEMENT_3D('',#2631,#2632,#2633);
#2631 = CARTESIAN_POINT('',(-40.,68.,-69.));
#2632 = DIRECTION('',(0.,0.,-1.));
#2633 = DIRECTION('',(1.,0.,0.));
#2634 = PCURVE('',#763,#2635);
#2635 = DEFINITIONAL_REPRESENTATION('',(#2636),#2644);
#2636 = ( BOUNDED_CURVE() B_SPLINE_CURVE(2,(#2637,#2638,#2639,#2640,
#2641,#2642,#2643),.UNSPECIFIED.,.T.,.F.) B_SPLINE_CURVE_WITH_KNOTS((1,2
    ,2,2,2,1),(-2.094395102393,0.,2.094395102393,4.188790204786,
6.28318530718,8.377580409573),.UNSPECIFIED.) CURVE() 
GEOMETRIC_REPRESENTATION_ITEM() RATIONAL_B_SPLINE_CURVE((1.,0.5,1.,0.5,
1.,0.5,1.)) REPRESENTATION_ITEM('') );
#2637 = CARTESIAN_POINT('',(32.,153.));
#2638 = CARTESIAN_POINT('',(32.,132.21539030917));
#2639 = CARTESIAN_POINT('',(14.,142.60769515458));
#2640 = CARTESIAN_POINT('',(-4.,153.));
#2641 = CARTESIAN_POINT('',(14.,163.39230484541));
#2642 = CARTESIAN_POINT('',(32.,173.78460969082));
#2643 = CARTESIAN_POINT('',(32.,153.));
#2644 = ( GEOMETRIC_REPRESENTATION_CONTEXT(2) 
PARAMETRIC_REPRESENTATION_CONTEXT() REPRESENTATION_CONTEXT('2D SPACE',''
  ) );
#2645 = PCURVE('',#720,#2646);
#2646 = DEFINITIONAL_REPRESENTATION('',(#2647),#2651);
#2647 = LINE('',#2648,#2649);
#2648 = CARTESIAN_POINT('',(-6.28318530718,-1.));
#2649 = VECTOR('',#2650,1.);
#2650 = DIRECTION('',(1.,-0.));
#2651 = ( GEOMETRIC_REPRESENTATION_CONTEXT(2) 
PARAMETRIC_REPRESENTATION_CONTEXT() REPRESENTATION_CONTEXT('2D SPACE',''
  ) );
#2652 = ORIENTED_EDGE('',*,*,#2653,.T.);
#2653 = EDGE_CURVE('',#2626,#2654,#2656,.T.);
#2654 = VERTEX_POINT('',#2655);
#2655 = CARTESIAN_POINT('',(31.570672244563,59.459131566906,-69.));
#2656 = SURFACE_CURVE('',#2657,(#2661,#2668),.PCURVE_S1.);
#2657 = LINE('',#2658,#2659);
#2658 = CARTESIAN_POINT('',(-40.,59.459131566906,-69.));
#2659 = VECTOR('',#2660,1.);
#2660 = DIRECTION('',(1.,0.,0.));
#2661 = PCURVE('',#763,#2662);
#2662 = DEFINITIONAL_REPRESENTATION('',(#2663),#2667);
#2663 = LINE('',#2664,#2665);
#2664 = CARTESIAN_POINT('',(20.,144.4591315669));
#2665 = VECTOR('',#2666,1.);
#2666 = DIRECTION('',(1.,0.));
#2667 = ( GEOMETRIC_REPRESENTATION_CONTEXT(2) 
PARAMETRIC_REPRESENTATION_CONTEXT() REPRESENTATION_CONTEXT('2D SPACE',''
  ) );
#2668 = PCURVE('',#631,#2669);
#2669 = DEFINITIONAL_REPRESENTATION('',(#2670),#2674);
#2670 = LINE('',#2671,#2672);
#2671 = CARTESIAN_POINT('',(-0.,0.));
#2672 = VECTOR('',#2673,1.);
#2673 = DIRECTION('',(-0.,1.));
#2674 = ( GEOMETRIC_REPRESENTATION_CONTEXT(2) 
PARAMETRIC_REPRESENTATION_CONTEXT() REPRESENTATION_CONTEXT('2D SPACE',''
  ) );
#2675 = ORIENTED_EDGE('',*,*,#2676,.T.);
#2676 = EDGE_CURVE('',#2654,#2677,#2679,.T.);
#2677 = VERTEX_POINT('',#2678);
#2678 = CARTESIAN_POINT('',(52.,68.,-69.));
#2679 = SURFACE_CURVE('',#2680,(#2685,#2696),.PCURVE_S1.);
#2680 = CIRCLE('',#2681,12.);
#2681 = AXIS2_PLACEMENT_3D('',#2682,#2683,#2684);
#2682 = CARTESIAN_POINT('',(40.,68.,-69.));
#2683 = DIRECTION('',(0.,0.,-1.));
#2684 = DIRECTION('',(1.,0.,0.));
#2685 = PCURVE('',#763,#2686);
#2686 = DEFINITIONAL_REPRESENTATION('',(#2687),#2695);
#2687 = ( BOUNDED_CURVE() B_SPLINE_CURVE(2,(#2688,#2689,#2690,#2691,
#2692,#2693,#2694),.UNSPECIFIED.,.T.,.F.) B_SPLINE_CURVE_WITH_KNOTS((1,2
    ,2,2,2,1),(-2.094395102393,0.,2.094395102393,4.188790204786,
6.28318530718,8.377580409573),.UNSPECIFIED.) CURVE() 
GEOMETRIC_REPRESENTATION_ITEM() RATIONAL_B_SPLINE_CURVE((1.,0.5,1.,0.5,
1.,0.5,1.)) REPRESENTATION_ITEM('') );
#2688 = CARTESIAN_POINT('',(112.,153.));
#2689 = CARTESIAN_POINT('',(112.,132.21539030917));
#2690 = CARTESIAN_POINT('',(94.,142.60769515458));
#2691 = CARTESIAN_POINT('',(76.,153.));
#2692 = CARTESIAN_POINT('',(94.,163.39230484541));
#2693 = CARTESIAN_POINT('',(112.,173.78460969082));
#2694 = CARTESIAN_POINT('',(112.,153.));
#2695 = ( GEOMETRIC_REPRESENTATION_CONTEXT(2) 
PARAMETRIC_REPRESENTATION_CONTEXT() REPRESENTATION_CONTEXT('2D SPACE',''
  ) );
#2696 = PCURVE('',#1457,#2697);
#2697 = DEFINITIONAL_REPRESENTATION('',(#2698),#2702);
#2698 = LINE('',#2699,#2700);
#2699 = CARTESIAN_POINT('',(-6.28318530718,-1.));
#2700 = VECTOR('',#2701,1.);
#2701 = DIRECTION('',(1.,-0.));
#2702 = ( GEOMETRIC_REPRESENTATION_CONTEXT(2) 
PARAMETRIC_REPRESENTATION_CONTEXT() REPRESENTATION_CONTEXT('2D SPACE',''
  ) );
#2703 = ORIENTED_EDGE('',*,*,#2704,.T.);
#2704 = EDGE_CURVE('',#2677,#1414,#2705,.T.);
#2705 = SURFACE_CURVE('',#2706,(#2711,#2722),.PCURVE_S1.);
#2706 = CIRCLE('',#2707,12.);
#2707 = AXIS2_PLACEMENT_3D('',#2708,#2709,#2710);
#2708 = CARTESIAN_POINT('',(40.,68.,-69.));
#2709 = DIRECTION('',(0.,0.,-1.));
#2710 = DIRECTION('',(1.,0.,0.));
#2711 = PCURVE('',#763,#2712);
#2712 = DEFINITIONAL_REPRESENTATION('',(#2713),#2721);
#2713 = ( BOUNDED_CURVE() B_SPLINE_CURVE(2,(#2714,#2715,#2716,#2717,
#2718,#2719,#2720),.UNSPECIFIED.,.T.,.F.) B_SPLINE_CURVE_WITH_KNOTS((1,2
    ,2,2,2,1),(-2.094395102393,0.,2.094395102393,4.188790204786,
6.28318530718,8.377580409573),.UNSPECIFIED.) CURVE() 
GEOMETRIC_REPRESENTATION_ITEM() RATIONAL_B_SPLINE_CURVE((1.,0.5,1.,0.5,
1.,0.5,1.)) REPRESENTATION_ITEM('') );
#2714 = CARTESIAN_POINT('',(112.,153.));
#2715 = CARTESIAN_POINT('',(112.,132.21539030917));
#2716 = CARTESIAN_POINT('',(94.,142.60769515458));
#2717 = CARTESIAN_POINT('',(76.,153.));
#2718 = CARTESIAN_POINT('',(94.,163.39230484541));
#2719 = CARTESIAN_POINT('',(112.,173.78460969082));
#2720 = CARTESIAN_POINT('',(112.,153.));
#2721 = ( GEOMETRIC_REPRESENTATION_CONTEXT(2) 
PARAMETRIC_REPRESENTATION_CONTEXT() REPRESENTATION_CONTEXT('2D SPACE',''
  ) );
#2722 = PCURVE('',#1457,#2723);
#2723 = DEFINITIONAL_REPRESENTATION('',(#2724),#2728);
#2724 = LINE('',#2725,#2726);
#2725 = CARTESIAN_POINT('',(-6.28318530718,-1.));
#2726 = VECTOR('',#2727,1.);
#2727 = DIRECTION('',(1.,-0.));
#2728 = ( GEOMETRIC_REPRESENTATION_CONTEXT(2) 
PARAMETRIC_REPRESENTATION_CONTEXT() REPRESENTATION_CONTEXT('2D SPACE',''
  ) );
#2729 = ORIENTED_EDGE('',*,*,#1483,.F.);
#2730 = ORIENTED_EDGE('',*,*,#2731,.T.);
#2731 = EDGE_CURVE('',#1484,#2732,#2734,.T.);
#2732 = VERTEX_POINT('',#2733);
#2733 = CARTESIAN_POINT('',(52.,-68.,-69.));
#2734 = SURFACE_CURVE('',#2735,(#2740,#2751),.PCURVE_S1.);
#2735 = CIRCLE('',#2736,12.);
#2736 = AXIS2_PLACEMENT_3D('',#2737,#2738,#2739);
#2737 = CARTESIAN_POINT('',(40.,-68.,-69.));
#2738 = DIRECTION('',(0.,0.,-1.));
#2739 = DIRECTION('',(1.,0.,0.));
#2740 = PCURVE('',#763,#2741);
#2741 = DEFINITIONAL_REPRESENTATION('',(#2742),#2750);
#2742 = ( BOUNDED_CURVE() B_SPLINE_CURVE(2,(#2743,#2744,#2745,#2746,
#2747,#2748,#2749),.UNSPECIFIED.,.T.,.F.) B_SPLINE_CURVE_WITH_KNOTS((1,2
    ,2,2,2,1),(-2.094395102393,0.,2.094395102393,4.188790204786,
6.28318530718,8.377580409573),.UNSPECIFIED.) CURVE() 
GEOMETRIC_REPRESENTATION_ITEM() RATIONAL_B_SPLINE_CURVE((1.,0.5,1.,0.5,
1.,0.5,1.)) REPRESENTATION_ITEM('') );
#2743 = CARTESIAN_POINT('',(112.,17.));
#2744 = CARTESIAN_POINT('',(112.,-3.784609690827));
#2745 = CARTESIAN_POINT('',(94.,6.607695154587));
#2746 = CARTESIAN_POINT('',(76.,17.));
#2747 = CARTESIAN_POINT('',(94.,27.392304845413));
#2748 = CARTESIAN_POINT('',(112.,37.784609690827));
#2749 = CARTESIAN_POINT('',(112.,17.));
#2750 = ( GEOMETRIC_REPRESENTATION_CONTEXT(2) 
PARAMETRIC_REPRESENTATION_CONTEXT() REPRESENTATION_CONTEXT('2D SPACE',''
  ) );
#2751 = PCURVE('',#1115,#2752);
#2752 = DEFINITIONAL_REPRESENTATION('',(#2753),#2757);
#2753 = LINE('',#2754,#2755);
#2754 = CARTESIAN_POINT('',(-6.28318530718,-1.));
#2755 = VECTOR('',#2756,1.);
#2756 = DIRECTION('',(1.,-0.));
#2757 = ( GEOMETRIC_REPRESENTATION_CONTEXT(2) 
PARAMETRIC_REPRESENTATION_CONTEXT() REPRESENTATION_CONTEXT('2D SPACE',''
  ) );
#2758 = ORIENTED_EDGE('',*,*,#2759,.T.);
#2759 = EDGE_CURVE('',#2732,#1078,#2760,.T.);
#2760 = SURFACE_CURVE('',#2761,(#2766,#2777),.PCURVE_S1.);
#2761 = CIRCLE('',#2762,12.);
#2762 = AXIS2_PLACEMENT_3D('',#2763,#2764,#2765);
#2763 = CARTESIAN_POINT('',(40.,-68.,-69.));
#2764 = DIRECTION('',(0.,0.,-1.));
#2765 = DIRECTION('',(1.,0.,0.));
#2766 = PCURVE('',#763,#2767);
#2767 = DEFINITIONAL_REPRESENTATION('',(#2768),#2776);
#2768 = ( BOUNDED_CURVE() B_SPLINE_CURVE(2,(#2769,#2770,#2771,#2772,
#2773,#2774,#2775),.UNSPECIFIED.,.T.,.F.) B_SPLINE_CURVE_WITH_KNOTS((1,2
    ,2,2,2,1),(-2.094395102393,0.,2.094395102393,4.188790204786,
6.28318530718,8.377580409573),.UNSPECIFIED.) CURVE() 
GEOMETRIC_REPRESENTATION_ITEM() RATIONAL_B_SPLINE_CURVE((1.,0.5,1.,0.5,
1.,0.5,1.)) REPRESENTATION_ITEM('') );
#2769 = CARTESIAN_POINT('',(112.,17.));
#2770 = CARTESIAN_POINT('',(112.,-3.784609690827));
#2771 = CARTESIAN_POINT('',(94.,6.607695154587));
#2772 = CARTESIAN_POINT('',(76.,17.));
#2773 = CARTESIAN_POINT('',(94.,27.392304845413));
#2774 = CARTESIAN_POINT('',(112.,37.784609690827));
#2775 = CARTESIAN_POINT('',(112.,17.));
#2776 = ( GEOMETRIC_REPRESENTATION_CONTEXT(2) 
PARAMETRIC_REPRESENTATION_CONTEXT() REPRESENTATION_CONTEXT('2D SPACE',''
  ) );
#2777 = PCURVE('',#1115,#2778);
#2778 = DEFINITIONAL_REPRESENTATION('',(#2779),#2783);
#2779 = LINE('',#2780,#2781);
#2780 = CARTESIAN_POINT('',(-6.28318530718,-1.));
#2781 = VECTOR('',#2782,1.);
#2782 = DIRECTION('',(1.,-0.));
#2783 = ( GEOMETRIC_REPRESENTATION_CONTEXT(2) 
PARAMETRIC_REPRESENTATION_CONTEXT() REPRESENTATION_CONTEXT('2D SPACE',''
  ) );
#2784 = ADVANCED_FACE('',(#2785),#720,.F.);
#2785 = FACE_BOUND('',#2786,.T.);
#2786 = EDGE_LOOP('',(#2787,#2816,#2837,#2838,#2839,#2863,#2917,#2918));
#2787 = ORIENTED_EDGE('',*,*,#2788,.F.);
#2788 = EDGE_CURVE('',#2789,#2789,#2791,.T.);
#2789 = VERTEX_POINT('',#2790);
#2790 = CARTESIAN_POINT('',(-28.,68.,-70.));
#2791 = SURFACE_CURVE('',#2792,(#2797,#2804),.PCURVE_S1.);
#2792 = CIRCLE('',#2793,12.);
#2793 = AXIS2_PLACEMENT_3D('',#2794,#2795,#2796);
#2794 = CARTESIAN_POINT('',(-40.,68.,-70.));
#2795 = DIRECTION('',(0.,0.,1.));
#2796 = DIRECTION('',(1.,0.,0.));
#2797 = PCURVE('',#720,#2798);
#2798 = DEFINITIONAL_REPRESENTATION('',(#2799),#2803);
#2799 = LINE('',#2800,#2801);
#2800 = CARTESIAN_POINT('',(-0.,0.));
#2801 = VECTOR('',#2802,1.);
#2802 = DIRECTION('',(-1.,0.));
#2803 = ( GEOMETRIC_REPRESENTATION_CONTEXT(2) 
PARAMETRIC_REPRESENTATION_CONTEXT() REPRESENTATION_CONTEXT('2D SPACE',''
  ) );
#2804 = PCURVE('',#2805,#2810);
#2805 = PLANE('',#2806);
#2806 = AXIS2_PLACEMENT_3D('',#2807,#2808,#2809);
#2807 = CARTESIAN_POINT('',(-40.,68.,-70.));
#2808 = DIRECTION('',(0.,0.,1.));
#2809 = DIRECTION('',(1.,0.,-0.));
#2810 = DEFINITIONAL_REPRESENTATION('',(#2811),#2815);
#2811 = CIRCLE('',#2812,12.);
#2812 = AXIS2_PLACEMENT_2D('',#2813,#2814);
#2813 = CARTESIAN_POINT('',(7.105427357601E-15,0.));
#2814 = DIRECTION('',(1.,0.));
#2815 = ( GEOMETRIC_REPRESENTATION_CONTEXT(2) 
PARAMETRIC_REPRESENTATION_CONTEXT() REPRESENTATION_CONTEXT('2D SPACE',''
  ) );
#2816 = ORIENTED_EDGE('',*,*,#2817,.T.);
#2817 = EDGE_CURVE('',#2789,#2598,#2818,.T.);
#2818 = SEAM_CURVE('',#2819,(#2823,#2830),.PCURVE_S1.);
#2819 = LINE('',#2820,#2821);
#2820 = CARTESIAN_POINT('',(-28.,68.,-70.));
#2821 = VECTOR('',#2822,1.);
#2822 = DIRECTION('',(0.,0.,1.));
#2823 = PCURVE('',#720,#2824);
#2824 = DEFINITIONAL_REPRESENTATION('',(#2825),#2829);
#2825 = LINE('',#2826,#2827);
#2826 = CARTESIAN_POINT('',(-6.28318530718,0.));
#2827 = VECTOR('',#2828,1.);
#2828 = DIRECTION('',(-0.,-1.));
#2829 = ( GEOMETRIC_REPRESENTATION_CONTEXT(2) 
PARAMETRIC_REPRESENTATION_CONTEXT() REPRESENTATION_CONTEXT('2D SPACE',''
  ) );
#2830 = PCURVE('',#720,#2831);
#2831 = DEFINITIONAL_REPRESENTATION('',(#2832),#2836);
#2832 = LINE('',#2833,#2834);
#2833 = CARTESIAN_POINT('',(-0.,0.));
#2834 = VECTOR('',#2835,1.);
#2835 = DIRECTION('',(-0.,-1.));
#2836 = ( GEOMETRIC_REPRESENTATION_CONTEXT(2) 
PARAMETRIC_REPRESENTATION_CONTEXT() REPRESENTATION_CONTEXT('2D SPACE',''
  ) );
#2837 = ORIENTED_EDGE('',*,*,#2597,.F.);
#2838 = ORIENTED_EDGE('',*,*,#674,.T.);
#2839 = ORIENTED_EDGE('',*,*,#2840,.T.);
#2840 = EDGE_CURVE('',#649,#2841,#2843,.T.);
#2841 = VERTEX_POINT('',#2842);
#2842 = CARTESIAN_POINT('',(-36.71239360476,56.459131566906,-68.));
#2843 = SURFACE_CURVE('',#2844,(#2849,#2856),.PCURVE_S1.);
#2844 = CIRCLE('',#2845,12.);
#2845 = AXIS2_PLACEMENT_3D('',#2846,#2847,#2848);
#2846 = CARTESIAN_POINT('',(-40.,68.,-68.));
#2847 = DIRECTION('',(0.,0.,1.));
#2848 = DIRECTION('',(1.,0.,0.));
#2849 = PCURVE('',#720,#2850);
#2850 = DEFINITIONAL_REPRESENTATION('',(#2851),#2855);
#2851 = LINE('',#2852,#2853);
#2852 = CARTESIAN_POINT('',(-0.,-2.));
#2853 = VECTOR('',#2854,1.);
#2854 = DIRECTION('',(-1.,0.));
#2855 = ( GEOMETRIC_REPRESENTATION_CONTEXT(2) 
PARAMETRIC_REPRESENTATION_CONTEXT() REPRESENTATION_CONTEXT('2D SPACE',''
  ) );
#2856 = PCURVE('',#663,#2857);
#2857 = DEFINITIONAL_REPRESENTATION('',(#2858),#2862);
#2858 = CIRCLE('',#2859,12.);
#2859 = AXIS2_PLACEMENT_2D('',#2860,#2861);
#2860 = CARTESIAN_POINT('',(7.105427357601E-15,0.));
#2861 = DIRECTION('',(1.,0.));
#2862 = ( GEOMETRIC_REPRESENTATION_CONTEXT(2) 
PARAMETRIC_REPRESENTATION_CONTEXT() REPRESENTATION_CONTEXT('2D SPACE',''
  ) );
#2863 = ORIENTED_EDGE('',*,*,#2864,.T.);
#2864 = EDGE_CURVE('',#2841,#2626,#2865,.T.);
#2865 = SURFACE_CURVE('',#2866,(#2881,#2899),.PCURVE_S1.);
#2866 = B_SPLINE_CURVE_WITH_KNOTS('',7,(#2867,#2868,#2869,#2870,#2871,
    #2872,#2873,#2874,#2875,#2876,#2877,#2878,#2879,#2880),
  .UNSPECIFIED.,.F.,.F.,(8,6,8),(0.,0.207188071998,1.),.UNSPECIFIED.);
#2867 = CARTESIAN_POINT('',(-36.71239641309,56.459130766906,-67.9999994)
  );
#2868 = CARTESIAN_POINT('',(-36.54980456578,56.505447688934,
    -68.03473710599));
#2869 = CARTESIAN_POINT('',(-36.38785269329,56.554471590074,
    -68.07052740346));
#2870 = CARTESIAN_POINT('',(-36.22653629964,56.606211535339,
    -68.10720692227));
#2871 = CARTESIAN_POINT('',(-36.06585315737,56.660680801792,
    -68.14461177111));
#2872 = CARTESIAN_POINT('',(-35.90580330743,56.717896878541,
    -68.18257753743));
#2873 = CARTESIAN_POINT('',(-35.74638905931,56.777881466741,
    -68.2209392875));
#2874 = CARTESIAN_POINT('',(-34.98006082978,57.080886423783,
    -68.40720618257));
#2875 = CARTESIAN_POINT('',(-34.38533255108,57.360664700488,
    -68.55741550113));
#2876 = CARTESIAN_POINT('',(-33.79827323394,57.682677291193,
    -68.70207258774));
#2877 = CARTESIAN_POINT('',(-33.21873680208,58.05096622566,
    -68.83249498211));
#2878 = CARTESIAN_POINT('',(-32.64978184305,58.468982463401,
    -68.9368991084));
#2879 = CARTESIAN_POINT('',(-32.09758908314,58.939096073205,-69.));
#2880 = CARTESIAN_POINT('',(-31.57067224456,59.459131566906,-69.));
#2881 = PCURVE('',#720,#2882);
#2882 = DEFINITIONAL_REPRESENTATION('',(#2883),#2898);
#2883 = B_SPLINE_CURVE_WITH_KNOTS('',7,(#2884,#2885,#2886,#2887,#2888,
    #2889,#2890,#2891,#2892,#2893,#2894,#2895,#2896,#2897),
  .UNSPECIFIED.,.F.,.F.,(8,6,8),(0.,0.207188071998,1.),.UNSPECIFIED.);
#2884 = CARTESIAN_POINT('',(-4.98990438652,-2.0000006));
#2885 = CARTESIAN_POINT('',(-5.003992740181,-1.965262894005));
#2886 = CARTESIAN_POINT('',(-5.018091624228,-1.929472596538));
#2887 = CARTESIAN_POINT('',(-5.032206127288,-1.892793077723));
#2888 = CARTESIAN_POINT('',(-5.046341340173,-1.855388228886));
#2889 = CARTESIAN_POINT('',(-5.060502355882,-1.817422462563));
#2890 = CARTESIAN_POINT('',(-5.074694269603,-1.779060712494));
#2891 = CARTESIAN_POINT('',(-5.143365737849,-1.592793817423));
#2892 = CARTESIAN_POINT('',(-5.198027482177,-1.442584498869));
#2893 = CARTESIAN_POINT('',(-5.253651410946,-1.297927412256));
#2894 = CARTESIAN_POINT('',(-5.310650992066,-1.167505017889));
#2895 = CARTESIAN_POINT('',(-5.369250649146,-1.063100891597));
#2896 = CARTESIAN_POINT('',(-5.42952090862,-1.));
#2897 = CARTESIAN_POINT('',(-5.491214498997,-1.));
#2898 = ( GEOMETRIC_REPRESENTATION_CONTEXT(2) 
PARAMETRIC_REPRESENTATION_CONTEXT() REPRESENTATION_CONTEXT('2D SPACE',''
  ) );
#2899 = PCURVE('',#631,#2900);
#2900 = DEFINITIONAL_REPRESENTATION('',(#2901),#2916);
#2901 = B_SPLINE_CURVE_WITH_KNOTS('',7,(#2902,#2903,#2904,#2905,#2906,
    #2907,#2908,#2909,#2910,#2911,#2912,#2913,#2914,#2915),
  .UNSPECIFIED.,.F.,.F.,(8,6,8),(0.,0.207188071998,1.),.UNSPECIFIED.);
#2902 = CARTESIAN_POINT('',(-0.643501308793,3.287603586905));
#2903 = CARTESIAN_POINT('',(-0.631922076549,3.450195434211));
#2904 = CARTESIAN_POINT('',(-0.619783326061,3.612147306707));
#2905 = CARTESIAN_POINT('',(-0.607100891764,3.773463700351));
#2906 = CARTESIAN_POINT('',(-0.593888625447,3.93414684263));
#2907 = CARTESIAN_POINT('',(-0.58015839625,4.094196692562));
#2908 = CARTESIAN_POINT('',(-0.565920090663,4.253610940688));
#2909 = CARTESIAN_POINT('',(-0.494784344321,5.019939170213));
#2910 = CARTESIAN_POINT('',(-0.431383439099,5.614667448913));
#2911 = CARTESIAN_POINT('',(-0.361070028025,6.201726766053));
#2912 = CARTESIAN_POINT('',(-0.283465049698,6.78126319792));
#2913 = CARTESIAN_POINT('',(-0.19803107422,7.350218156945));
#2914 = CARTESIAN_POINT('',(-0.10400709874,7.902410916858));
#2915 = CARTESIAN_POINT('',(0.,8.429327755437));
#2916 = ( GEOMETRIC_REPRESENTATION_CONTEXT(2) 
PARAMETRIC_REPRESENTATION_CONTEXT() REPRESENTATION_CONTEXT('2D SPACE',''
  ) );
#2917 = ORIENTED_EDGE('',*,*,#2625,.F.);
#2918 = ORIENTED_EDGE('',*,*,#2817,.F.);
#2919 = ADVANCED_FACE('',(#2920),#663,.F.);
#2920 = FACE_BOUND('',#2921,.F.);
#2921 = EDGE_LOOP('',(#2922,#2923,#2924));
#2922 = ORIENTED_EDGE('',*,*,#648,.F.);
#2923 = ORIENTED_EDGE('',*,*,#2840,.T.);
#2924 = ORIENTED_EDGE('',*,*,#2925,.F.);
#2925 = EDGE_CURVE('',#610,#2841,#2926,.T.);
#2926 = SURFACE_CURVE('',#2927,(#2931,#2937),.PCURVE_S1.);
#2927 = LINE('',#2928,#2929);
#2928 = CARTESIAN_POINT('',(-40.,56.459131566906,-68.));
#2929 = VECTOR('',#2930,1.);
#2930 = DIRECTION('',(1.,0.,0.));
#2931 = PCURVE('',#663,#2932);
#2932 = DEFINITIONAL_REPRESENTATION('',(#2933),#2936);
#2933 = B_SPLINE_CURVE_WITH_KNOTS('',1,(#2934,#2935),.UNSPECIFIED.,.F.,
  .F.,(2,2),(-5.0000006,14.4),.PIECEWISE_BEZIER_KNOTS.);
#2934 = CARTESIAN_POINT('',(-5.0000006,-11.54086843309));
#2935 = CARTESIAN_POINT('',(14.4,-11.54086843309));
#2936 = ( GEOMETRIC_REPRESENTATION_CONTEXT(2) 
PARAMETRIC_REPRESENTATION_CONTEXT() REPRESENTATION_CONTEXT('2D SPACE',''
  ) );
#2937 = PCURVE('',#631,#2938);
#2938 = DEFINITIONAL_REPRESENTATION('',(#2939),#2942);
#2939 = B_SPLINE_CURVE_WITH_KNOTS('',1,(#2940,#2941),.UNSPECIFIED.,.F.,
  .F.,(2,2),(-5.0000006,14.4),.PIECEWISE_BEZIER_KNOTS.);
#2940 = CARTESIAN_POINT('',(-0.643501108793,-5.0000006));
#2941 = CARTESIAN_POINT('',(-0.643501108793,14.4));
#2942 = ( GEOMETRIC_REPRESENTATION_CONTEXT(2) 
PARAMETRIC_REPRESENTATION_CONTEXT() REPRESENTATION_CONTEXT('2D SPACE',''
  ) );
#2943 = ADVANCED_FACE('',(#2944),#631,.F.);
#2944 = FACE_BOUND('',#2945,.T.);
#2945 = EDGE_LOOP('',(#2946,#2947,#2948,#2949,#2950,#2971,#3025,#3026));
#2946 = ORIENTED_EDGE('',*,*,#2925,.F.);
#2947 = ORIENTED_EDGE('',*,*,#609,.T.);
#2948 = ORIENTED_EDGE('',*,*,#1861,.T.);
#2949 = ORIENTED_EDGE('',*,*,#1353,.F.);
#2950 = ORIENTED_EDGE('',*,*,#2951,.F.);
#2951 = EDGE_CURVE('',#2952,#1354,#2954,.T.);
#2952 = VERTEX_POINT('',#2953);
#2953 = CARTESIAN_POINT('',(36.712393604762,56.459131566906,-68.));
#2954 = SURFACE_CURVE('',#2955,(#2959,#2965),.PCURVE_S1.);
#2955 = LINE('',#2956,#2957);
#2956 = CARTESIAN_POINT('',(-40.,56.459131566906,-68.));
#2957 = VECTOR('',#2958,1.);
#2958 = DIRECTION('',(1.,0.,0.));
#2959 = PCURVE('',#631,#2960);
#2960 = DEFINITIONAL_REPRESENTATION('',(#2961),#2964);
#2961 = B_SPLINE_CURVE_WITH_KNOTS('',1,(#2962,#2963),.UNSPECIFIED.,.F.,
  .F.,(2,2),(65.6,85.0000006),.PIECEWISE_BEZIER_KNOTS.);
#2962 = CARTESIAN_POINT('',(-0.643501108793,65.6));
#2963 = CARTESIAN_POINT('',(-0.643501108793,85.0000006));
#2964 = ( GEOMETRIC_REPRESENTATION_CONTEXT(2) 
PARAMETRIC_REPRESENTATION_CONTEXT() REPRESENTATION_CONTEXT('2D SPACE',''
  ) );
#2965 = PCURVE('',#1402,#2966);
#2966 = DEFINITIONAL_REPRESENTATION('',(#2967),#2970);
#2967 = B_SPLINE_CURVE_WITH_KNOTS('',1,(#2968,#2969),.UNSPECIFIED.,.F.,
  .F.,(2,2),(65.6,85.0000006),.PIECEWISE_BEZIER_KNOTS.);
#2968 = CARTESIAN_POINT('',(-14.4,-11.54086843309));
#2969 = CARTESIAN_POINT('',(5.0000006,-11.54086843309));
#2970 = ( GEOMETRIC_REPRESENTATION_CONTEXT(2) 
PARAMETRIC_REPRESENTATION_CONTEXT() REPRESENTATION_CONTEXT('2D SPACE',''
  ) );
#2971 = ORIENTED_EDGE('',*,*,#2972,.F.);
#2972 = EDGE_CURVE('',#2654,#2952,#2973,.T.);
#2973 = SURFACE_CURVE('',#2974,(#2989,#3007),.PCURVE_S1.);
#2974 = B_SPLINE_CURVE_WITH_KNOTS('',7,(#2975,#2976,#2977,#2978,#2979,
    #2980,#2981,#2982,#2983,#2984,#2985,#2986,#2987,#2988),
  .UNSPECIFIED.,.F.,.F.,(8,6,8),(0.,0.792295494256,1.),.UNSPECIFIED.);
#2975 = CARTESIAN_POINT('',(31.570672244563,59.459131566906,-69.));
#2976 = CARTESIAN_POINT('',(32.097243422104,58.939437220034,-69.));
#2977 = CARTESIAN_POINT('',(32.649058983968,58.469597697418,
    -68.93698187542));
#2978 = CARTESIAN_POINT('',(33.217621650412,58.051785280644,
    -68.83269970072));
#2979 = CARTESIAN_POINT('',(33.796761104754,57.683638019684,
    -68.70241295859));
#2980 = CARTESIAN_POINT('',(34.383420780567,57.361713151822,
    -68.55788659742));
#2981 = CARTESIAN_POINT('',(34.977740848859,57.081977684498,
    -68.40779206024));
#2982 = CARTESIAN_POINT('',(35.744015357788,56.77877492176,
    -68.2215105516));
#2983 = CARTESIAN_POINT('',(35.903817348385,56.71860701959,
    -68.18304867585));
#2984 = CARTESIAN_POINT('',(36.064258067837,56.661221624381,
    -68.14498311863));
#2985 = CARTESIAN_POINT('',(36.225335209713,56.606596824449,
    -68.10748004018));
#2986 = CARTESIAN_POINT('',(36.38704875475,56.554714967272,
    -68.07070507542));
#2987 = CARTESIAN_POINT('',(36.549400970853,56.505562659491,
    -68.03482333394));
#2988 = CARTESIAN_POINT('',(36.712396413095,56.459130766906,-67.9999994)
  );
#2989 = PCURVE('',#631,#2990);
#2990 = DEFINITIONAL_REPRESENTATION('',(#2991),#3006);
#2991 = B_SPLINE_CURVE_WITH_KNOTS('',7,(#2992,#2993,#2994,#2995,#2996,
    #2997,#2998,#2999,#3000,#3001,#3002,#3003,#3004,#3005),
  .UNSPECIFIED.,.F.,.F.,(8,6,8),(0.,0.792295494256,1.),.UNSPECIFIED.);
#2992 = CARTESIAN_POINT('',(0.,71.570672244563));
#2993 = CARTESIAN_POINT('',(-0.103938869374,72.097243422104));
#2994 = CARTESIAN_POINT('',(-0.197908037462,72.649058983968));
#2995 = CARTESIAN_POINT('',(-0.283297620072,73.217621650412));
#2996 = CARTESIAN_POINT('',(-0.360867585208,73.796761104754));
#2997 = CARTESIAN_POINT('',(-0.431154494632,74.383420780567));
#2998 = CARTESIAN_POINT('',(-0.494537047941,74.977740848859));
#2999 = CARTESIAN_POINT('',(-0.56570802961,75.744015357788));
#3000 = CARTESIAN_POINT('',(-0.579987991822,75.903817348385));
#3001 = CARTESIAN_POINT('',(-0.593757446072,76.064258067837));
#3002 = CARTESIAN_POINT('',(-0.607006451683,76.225335209713));
#3003 = CARTESIAN_POINT('',(-0.619723063903,76.38704875475));
#3004 = CARTESIAN_POINT('',(-0.631893333906,76.549400970853));
#3005 = CARTESIAN_POINT('',(-0.643501308793,76.712396413095));
#3006 = ( GEOMETRIC_REPRESENTATION_CONTEXT(2) 
PARAMETRIC_REPRESENTATION_CONTEXT() REPRESENTATION_CONTEXT('2D SPACE',''
  ) );
#3007 = PCURVE('',#1457,#3008);
#3008 = DEFINITIONAL_REPRESENTATION('',(#3009),#3024);
#3009 = B_SPLINE_CURVE_WITH_KNOTS('',7,(#3010,#3011,#3012,#3013,#3014,
    #3015,#3016,#3017,#3018,#3019,#3020,#3021,#3022,#3023),
  .UNSPECIFIED.,.F.,.F.,(8,6,8),(0.,0.792295494256,1.),.UNSPECIFIED.);
#3010 = CARTESIAN_POINT('',(-3.933563461772,-1.));
#3011 = CARTESIAN_POINT('',(-3.995216580734,-1.));
#3012 = CARTESIAN_POINT('',(-4.055448421904,-1.063018124572));
#3013 = CARTESIAN_POINT('',(-4.11401212921,-1.167300299272));
#3014 = CARTESIAN_POINT('',(-4.170977833649,-1.297587041402));
#3015 = CARTESIAN_POINT('',(-4.226569344425,-1.442113402572));
#3016 = CARTESIAN_POINT('',(-4.281198995441,-1.592207939759));
#3017 = CARTESIAN_POINT('',(-4.349872363761,-1.778489448398));
#3018 = CARTESIAN_POINT('',(-4.364099884782,-1.816951324144));
#3019 = CARTESIAN_POINT('',(-4.378296298444,-1.855016881369));
#3020 = CARTESIAN_POINT('',(-4.392466741587,-1.892519959818));
#3021 = CARTESIAN_POINT('',(-4.406616348247,-1.929294924574));
#3022 = CARTESIAN_POINT('',(-4.420750249658,-1.965176666052));
#3023 = CARTESIAN_POINT('',(-4.434873574249,-2.0000006));
#3024 = ( GEOMETRIC_REPRESENTATION_CONTEXT(2) 
PARAMETRIC_REPRESENTATION_CONTEXT() REPRESENTATION_CONTEXT('2D SPACE',''
  ) );
#3025 = ORIENTED_EDGE('',*,*,#2653,.F.);
#3026 = ORIENTED_EDGE('',*,*,#2864,.F.);
#3027 = ADVANCED_FACE('',(#3028),#943,.T.);
#3028 = FACE_BOUND('',#3029,.T.);
#3029 = EDGE_LOOP('',(#3030,#3031,#3032,#3033,#3057));
#3030 = ORIENTED_EDGE('',*,*,#2075,.T.);
#3031 = ORIENTED_EDGE('',*,*,#2152,.T.);
#3032 = ORIENTED_EDGE('',*,*,#927,.F.);
#3033 = ORIENTED_EDGE('',*,*,#3034,.F.);
#3034 = EDGE_CURVE('',#3035,#882,#3037,.T.);
#3035 = VERTEX_POINT('',#3036);
#3036 = CARTESIAN_POINT('',(-34.,41.640183428642,-19.54725361858));
#3037 = SURFACE_CURVE('',#3038,(#3043,#3050),.PCURVE_S1.);
#3038 = CIRCLE('',#3039,46.);
#3039 = AXIS2_PLACEMENT_3D('',#3040,#3041,#3042);
#3040 = CARTESIAN_POINT('',(-34.,0.,0.));
#3041 = DIRECTION('',(1.,0.,0.));
#3042 = DIRECTION('',(0.,0.850417604215,-0.52610825734));
#3043 = PCURVE('',#943,#3044);
#3044 = DEFINITIONAL_REPRESENTATION('',(#3045),#3049);
#3045 = CIRCLE('',#3046,46.);
#3046 = AXIS2_PLACEMENT_2D('',#3047,#3048);
#3047 = CARTESIAN_POINT('',(-9.372203282004E-16,-3.182406126637E-15));
#3048 = DIRECTION('',(-0.52610825734,-0.850417604215));
#3049 = ( GEOMETRIC_REPRESENTATION_CONTEXT(2) 
PARAMETRIC_REPRESENTATION_CONTEXT() REPRESENTATION_CONTEXT('2D SPACE',''
  ) );
#3050 = PCURVE('',#909,#3051);
#3051 = DEFINITIONAL_REPRESENTATION('',(#3052),#3056);
#3052 = LINE('',#3053,#3054);
#3053 = CARTESIAN_POINT('',(-5.729167526711,0.));
#3054 = VECTOR('',#3055,1.);
#3055 = DIRECTION('',(-1.,0.));
#3056 = ( GEOMETRIC_REPRESENTATION_CONTEXT(2) 
PARAMETRIC_REPRESENTATION_CONTEXT() REPRESENTATION_CONTEXT('2D SPACE',''
  ) );
#3057 = ORIENTED_EDGE('',*,*,#3058,.F.);
#3058 = EDGE_CURVE('',#2076,#3035,#3059,.T.);
#3059 = SURFACE_CURVE('',#3060,(#3064,#3071),.PCURVE_S1.);
#3060 = LINE('',#3061,#3062);
#3061 = CARTESIAN_POINT('',(-34.,46.690047311919,-32.94881546266));
#3062 = VECTOR('',#3063,1.);
#3063 = DIRECTION('',(0.,-0.352609234174,0.935770659924));
#3064 = PCURVE('',#943,#3065);
#3065 = DEFINITIONAL_REPRESENTATION('',(#3066),#3070);
#3066 = LINE('',#3067,#3068);
#3067 = CARTESIAN_POINT('',(-32.94881546266,-46.69004731191));
#3068 = VECTOR('',#3069,1.);
#3069 = DIRECTION('',(0.935770659924,0.352609234174));
#3070 = ( GEOMETRIC_REPRESENTATION_CONTEXT(2) 
PARAMETRIC_REPRESENTATION_CONTEXT() REPRESENTATION_CONTEXT('2D SPACE',''
  ) );
#3071 = PCURVE('',#1979,#3072);
#3072 = DEFINITIONAL_REPRESENTATION('',(#3073),#3077);
#3073 = LINE('',#3074,#3075);
#3074 = CARTESIAN_POINT('',(-1.570796326795,0.));
#3075 = VECTOR('',#3076,1.);
#3076 = DIRECTION('',(-0.,1.));
#3077 = ( GEOMETRIC_REPRESENTATION_CONTEXT(2) 
PARAMETRIC_REPRESENTATION_CONTEXT() REPRESENTATION_CONTEXT('2D SPACE',''
  ) );
#3078 = ADVANCED_FACE('',(#3079,#3206),#909,.T.);
#3079 = FACE_BOUND('',#3080,.F.);
#3080 = EDGE_LOOP('',(#3081,#3082,#3120,#3143,#3181,#3203,#3204,#3205));
#3081 = ORIENTED_EDGE('',*,*,#3034,.F.);
#3082 = ORIENTED_EDGE('',*,*,#3083,.F.);
#3083 = EDGE_CURVE('',#3084,#3035,#3086,.T.);
#3084 = VERTEX_POINT('',#3085);
#3085 = CARTESIAN_POINT('',(-33.0686179158,40.0553023732,-22.6179740868)
  );
#3086 = SURFACE_CURVE('',#3087,(#3096,#3108),.PCURVE_S1.);
#3087 = B_SPLINE_CURVE_WITH_KNOTS('',7,(#3088,#3089,#3090,#3091,#3092,
    #3093,#3094,#3095),.UNSPECIFIED.,.F.,.F.,(8,8),(0.,1.),
  .PIECEWISE_BEZIER_KNOTS.);
#3088 = CARTESIAN_POINT('',(-33.0686179158,40.0553023732,-22.6179740868)
  );
#3089 = CARTESIAN_POINT('',(-33.34056180671,40.263753369613,
    -22.24881778398));
#3090 = CARTESIAN_POINT('',(-33.56706584363,40.487657136964,
    -21.84302480748));
#3091 = CARTESIAN_POINT('',(-33.74520255033,40.72043547977,
    -21.40913495827));
#3092 = CARTESIAN_POINT('',(-33.87534157665,40.956127461953,
    -20.95555538189));
#3093 = CARTESIAN_POINT('',(-33.95934240751,41.190079339157,
    -20.48988921229));
#3094 = CARTESIAN_POINT('',(-34.,41.418858336131,-20.01872739332));
#3095 = CARTESIAN_POINT('',(-34.,41.640183428642,-19.54725361858));
#3096 = PCURVE('',#909,#3097);
#3097 = DEFINITIONAL_REPRESENTATION('',(#3098),#3107);
#3098 = B_SPLINE_CURVE_WITH_KNOTS('',7,(#3099,#3100,#3101,#3102,#3103,
    #3104,#3105,#3106),.UNSPECIFIED.,.F.,.F.,(8,8),(0.,1.),
  .PIECEWISE_BEZIER_KNOTS.);
#3099 = CARTESIAN_POINT('',(-5.769149960951,-0.931382084191));
#3100 = CARTESIAN_POINT('',(-5.778366126626,-0.659438193287));
#3101 = CARTESIAN_POINT('',(-5.788440989945,-0.432934156368));
#3102 = CARTESIAN_POINT('',(-5.799143856,-0.25479744967));
#3103 = CARTESIAN_POINT('',(-5.810254224397,-0.12465842335));
#3104 = CARTESIAN_POINT('',(-5.821581525187,-4.065759248576E-02));
#3105 = CARTESIAN_POINT('',(-5.832966810474,0.));
#3106 = CARTESIAN_POINT('',(-5.844289377666,0.));
#3107 = ( GEOMETRIC_REPRESENTATION_CONTEXT(2) 
PARAMETRIC_REPRESENTATION_CONTEXT() REPRESENTATION_CONTEXT('2D SPACE',''
  ) );
#3108 = PCURVE('',#1979,#3109);
#3109 = DEFINITIONAL_REPRESENTATION('',(#3110),#3119);
#3110 = B_SPLINE_CURVE_WITH_KNOTS('',7,(#3111,#3112,#3113,#3114,#3115,
    #3116,#3117,#3118),.UNSPECIFIED.,.F.,.F.,(8,8),(0.,1.),
  .PIECEWISE_BEZIER_KNOTS.);
#3111 = CARTESIAN_POINT('',(-0.874393316753,12.006770583639));
#3112 = CARTESIAN_POINT('',(-0.980379222014,12.278714474543));
#3113 = CARTESIAN_POINT('',(-1.084328704095,12.57949292175));
#3114 = CARTESIAN_POINT('',(-1.185961573519,12.903435201944));
#3115 = CARTESIAN_POINT('',(-1.285295391899,13.244773498884));
#3116 = CARTESIAN_POINT('',(-1.382401730887,13.598037360925));
#3117 = CARTESIAN_POINT('',(-1.477457443164,13.95826695346));
#3118 = CARTESIAN_POINT('',(-1.570796326795,14.321417007419));
#3119 = ( GEOMETRIC_REPRESENTATION_CONTEXT(2) 
PARAMETRIC_REPRESENTATION_CONTEXT() REPRESENTATION_CONTEXT('2D SPACE',''
  ) );
#3120 = ORIENTED_EDGE('',*,*,#3121,.F.);
#3121 = EDGE_CURVE('',#3122,#3084,#3124,.T.);
#3122 = VERTEX_POINT('',#3123);
#3123 = CARTESIAN_POINT('',(33.068617915808,40.0553023732,-22.6179740868
    ));
#3124 = SURFACE_CURVE('',#3125,(#3129,#3136),.PCURVE_S1.);
#3125 = LINE('',#3126,#3127);
#3126 = CARTESIAN_POINT('',(34.,40.0553023732,-22.6179740868));
#3127 = VECTOR('',#3128,1.);
#3128 = DIRECTION('',(-1.,-0.,-0.));
#3129 = PCURVE('',#909,#3130);
#3130 = DEFINITIONAL_REPRESENTATION('',(#3131),#3135);
#3131 = LINE('',#3132,#3133);
#3132 = CARTESIAN_POINT('',(-5.769149960951,-68.));
#3133 = VECTOR('',#3134,1.);
#3134 = DIRECTION('',(-0.,1.));
#3135 = ( GEOMETRIC_REPRESENTATION_CONTEXT(2) 
PARAMETRIC_REPRESENTATION_CONTEXT() REPRESENTATION_CONTEXT('2D SPACE',''
  ) );
#3136 = PCURVE('',#1951,#3137);
#3137 = DEFINITIONAL_REPRESENTATION('',(#3138),#3142);
#3138 = LINE('',#3139,#3140);
#3139 = CARTESIAN_POINT('',(0.874393316753,0.));
#3140 = VECTOR('',#3141,1.);
#3141 = DIRECTION('',(0.,1.));
#3142 = ( GEOMETRIC_REPRESENTATION_CONTEXT(2) 
PARAMETRIC_REPRESENTATION_CONTEXT() REPRESENTATION_CONTEXT('2D SPACE',''
  ) );
#3143 = ORIENTED_EDGE('',*,*,#3144,.T.);
#3144 = EDGE_CURVE('',#3122,#3145,#3147,.T.);
#3145 = VERTEX_POINT('',#3146);
#3146 = CARTESIAN_POINT('',(34.,41.640183428642,-19.54725361858));
#3147 = SURFACE_CURVE('',#3148,(#3157,#3169),.PCURVE_S1.);
#3148 = B_SPLINE_CURVE_WITH_KNOTS('',7,(#3149,#3150,#3151,#3152,#3153,
    #3154,#3155,#3156),.UNSPECIFIED.,.F.,.F.,(8,8),(0.,1.),
  .PIECEWISE_BEZIER_KNOTS.);
#3149 = CARTESIAN_POINT('',(33.068617915808,40.0553023732,-22.6179740868
    ));
#3150 = CARTESIAN_POINT('',(33.340561806713,40.263753369613,
    -22.24881778398));
#3151 = CARTESIAN_POINT('',(33.567065843632,40.487657136964,
    -21.84302480748));
#3152 = CARTESIAN_POINT('',(33.74520255033,40.720435479771,
    -21.40913495827));
#3153 = CARTESIAN_POINT('',(33.875341576651,40.956127461953,
    -20.95555538189));
#3154 = CARTESIAN_POINT('',(33.959342407514,41.190079339157,
    -20.48988921229));
#3155 = CARTESIAN_POINT('',(34.,41.418858336131,-20.01872739332));
#3156 = CARTESIAN_POINT('',(34.,41.640183428642,-19.54725361858));
#3157 = PCURVE('',#909,#3158);
#3158 = DEFINITIONAL_REPRESENTATION('',(#3159),#3168);
#3159 = B_SPLINE_CURVE_WITH_KNOTS('',7,(#3160,#3161,#3162,#3163,#3164,
    #3165,#3166,#3167),.UNSPECIFIED.,.F.,.F.,(8,8),(0.,1.),
  .PIECEWISE_BEZIER_KNOTS.);
#3160 = CARTESIAN_POINT('',(-5.769149960951,-67.0686179158));
#3161 = CARTESIAN_POINT('',(-5.778366126626,-67.34056180671));
#3162 = CARTESIAN_POINT('',(-5.788440989945,-67.56706584363));
#3163 = CARTESIAN_POINT('',(-5.799143856,-67.74520255033));
#3164 = CARTESIAN_POINT('',(-5.810254224397,-67.87534157665));
#3165 = CARTESIAN_POINT('',(-5.821581525187,-67.95934240751));
#3166 = CARTESIAN_POINT('',(-5.832966810474,-68.));
#3167 = CARTESIAN_POINT('',(-5.844289377666,-68.));
#3168 = ( GEOMETRIC_REPRESENTATION_CONTEXT(2) 
PARAMETRIC_REPRESENTATION_CONTEXT() REPRESENTATION_CONTEXT('2D SPACE',''
  ) );
#3169 = PCURVE('',#1923,#3170);
#3170 = DEFINITIONAL_REPRESENTATION('',(#3171),#3180);
#3171 = B_SPLINE_CURVE_WITH_KNOTS('',7,(#3172,#3173,#3174,#3175,#3176,
    #3177,#3178,#3179),.UNSPECIFIED.,.F.,.F.,(8,8),(0.,1.),
  .PIECEWISE_BEZIER_KNOTS.);
#3172 = CARTESIAN_POINT('',(0.874393316753,12.006770583639));
#3173 = CARTESIAN_POINT('',(0.980379222014,12.278714474543));
#3174 = CARTESIAN_POINT('',(1.084328704095,12.57949292175));
#3175 = CARTESIAN_POINT('',(1.185961573519,12.903435201945));
#3176 = CARTESIAN_POINT('',(1.285295391899,13.244773498884));
#3177 = CARTESIAN_POINT('',(1.382401730887,13.598037360926));
#3178 = CARTESIAN_POINT('',(1.477457443164,13.95826695346));
#3179 = CARTESIAN_POINT('',(1.570796326795,14.321417007419));
#3180 = ( GEOMETRIC_REPRESENTATION_CONTEXT(2) 
PARAMETRIC_REPRESENTATION_CONTEXT() REPRESENTATION_CONTEXT('2D SPACE',''
  ) );
#3181 = ORIENTED_EDGE('',*,*,#3182,.T.);
#3182 = EDGE_CURVE('',#3145,#1577,#3183,.T.);
#3183 = SURFACE_CURVE('',#3184,(#3189,#3196),.PCURVE_S1.);
#3184 = CIRCLE('',#3185,46.);
#3185 = AXIS2_PLACEMENT_3D('',#3186,#3187,#3188);
#3186 = CARTESIAN_POINT('',(34.,0.,0.));
#3187 = DIRECTION('',(1.,0.,0.));
#3188 = DIRECTION('',(0.,0.850417604215,-0.52610825734));
#3189 = PCURVE('',#909,#3190);
#3190 = DEFINITIONAL_REPRESENTATION('',(#3191),#3195);
#3191 = LINE('',#3192,#3193);
#3192 = CARTESIAN_POINT('',(-5.729167526711,-68.));
#3193 = VECTOR('',#3194,1.);
#3194 = DIRECTION('',(-1.,0.));
#3195 = ( GEOMETRIC_REPRESENTATION_CONTEXT(2) 
PARAMETRIC_REPRESENTATION_CONTEXT() REPRESENTATION_CONTEXT('2D SPACE',''
  ) );
#3196 = PCURVE('',#1630,#3197);
#3197 = DEFINITIONAL_REPRESENTATION('',(#3198),#3202);
#3198 = CIRCLE('',#3199,46.);
#3199 = AXIS2_PLACEMENT_2D('',#3200,#3201);
#3200 = CARTESIAN_POINT('',(-9.372203282004E-16,-3.182406126637E-15));
#3201 = DIRECTION('',(-0.52610825734,-0.850417604215));
#3202 = ( GEOMETRIC_REPRESENTATION_CONTEXT(2) 
PARAMETRIC_REPRESENTATION_CONTEXT() REPRESENTATION_CONTEXT('2D SPACE',''
  ) );
#3203 = ORIENTED_EDGE('',*,*,#1576,.F.);
#3204 = ORIENTED_EDGE('',*,*,#1250,.T.);
#3205 = ORIENTED_EDGE('',*,*,#881,.T.);
#3206 = FACE_BOUND('',#3207,.F.);
#3207 = EDGE_LOOP('',(#3208));
#3208 = ORIENTED_EDGE('',*,*,#3209,.T.);
#3209 = EDGE_CURVE('',#3210,#3210,#3212,.T.);
#3210 = VERTEX_POINT('',#3211);
#3211 = CARTESIAN_POINT('',(11.,0.,46.));
#3212 = SURFACE_CURVE('',#3213,(#3321,#3432),.PCURVE_S1.);
#3213 = B_SPLINE_CURVE_WITH_KNOTS('',8,(#3214,#3215,#3216,#3217,#3218,
    #3219,#3220,#3221,#3222,#3223,#3224,#3225,#3226,#3227,#3228,#3229,
    #3230,#3231,#3232,#3233,#3234,#3235,#3236,#3237,#3238,#3239,#3240,
    #3241,#3242,#3243,#3244,#3245,#3246,#3247,#3248,#3249,#3250,#3251,
    #3252,#3253,#3254,#3255,#3256,#3257,#3258,#3259,#3260,#3261,#3262,
    #3263,#3264,#3265,#3266,#3267,#3268,#3269,#3270,#3271,#3272,#3273,
    #3274,#3275,#3276,#3277,#3278,#3279,#3280,#3281,#3282,#3283,#3284,
    #3285,#3286,#3287,#3288,#3289,#3290,#3291,#3292,#3293,#3294,#3295,
    #3296,#3297,#3298,#3299,#3300,#3301,#3302,#3303,#3304,#3305,#3306,
    #3307,#3308,#3309,#3310,#3311,#3312,#3313,#3314,#3315,#3316,#3317,
    #3318,#3319,#3320),.UNSPECIFIED.,.T.,.F.,(9,7,7,7,7,7,7,7,7,7,7,7,7,
    7,7,9),(0.,4.442863760275E-02,7.304134929002E-02,0.110885398307,
    0.142289010514,0.249266052466,0.358297765285,0.457473359944,
    0.542611587005,0.641787181663,0.749792903174,0.830717936943,
    0.889161806597,0.926989769508,0.955590318839,1.),.UNSPECIFIED.);
#3214 = CARTESIAN_POINT('',(11.,5.329070518201E-15,46.));
#3215 = CARTESIAN_POINT('',(11.,0.469063757686,46.));
#3216 = CARTESIAN_POINT('',(10.977140614806,0.93739721889,
    45.994533695006));
#3217 = CARTESIAN_POINT('',(10.931546767935,1.402733118268,
    45.983630646323));
#3218 = CARTESIAN_POINT('',(10.86369492909,1.862825173402,
    45.967465260972));
#3219 = CARTESIAN_POINT('',(10.774408860368,2.315478813938,
    45.946352677511));
#3220 = CARTESIAN_POINT('',(10.664857400157,2.758581514258,
    45.920735942747));
#3221 = CARTESIAN_POINT('',(10.536554284753,3.190132729686,
    45.891164479334));
#3222 = CARTESIAN_POINT('',(10.29785270671,3.877562348224,45.8370753398)
  );
#3223 = CARTESIAN_POINT('',(10.197241464828,4.141571988548,
    45.814483797069));
#3224 = CARTESIAN_POINT('',(10.089880432643,4.400121988654,
    45.790624877145));
#3225 = CARTESIAN_POINT('',(9.976126346543,4.65304798593,45.765636416005
    ));
#3226 = CARTESIAN_POINT('',(9.856338755104,4.900201590957,45.7396571452)
  );
#3227 = CARTESIAN_POINT('',(9.730880245496,5.141450354756,
    45.712825412527));
#3228 = CARTESIAN_POINT('',(9.60011666989,5.37667773605,45.685277902704)
  );
#3229 = CARTESIAN_POINT('',(9.284937323193,5.908804799777,
    45.619943360548));
#3230 = CARTESIAN_POINT('',(9.096784988754,6.201181060074,
    45.581712207463));
#3231 = CARTESIAN_POINT('',(8.900652535241,6.482934177968,
    45.542731848082));
#3232 = CARTESIAN_POINT('',(8.697185048533,6.754112264172,
    45.503261763175));
#3233 = CARTESIAN_POINT('',(8.486983409219,7.014785448734,
    45.463543826664));
#3234 = CARTESIAN_POINT('',(8.270607168124,7.265042118231,
    45.423802167297));
#3235 = CARTESIAN_POINT('',(8.048577421832,7.504985152957,
    45.384243030319));
#3236 = CARTESIAN_POINT('',(7.632847284683,7.925372680675,
    45.312535469785));
#3237 = CARTESIAN_POINT('',(7.440725918143,8.109024378249,
    45.280266419547));
#3238 = CARTESIAN_POINT('',(7.245265246826,8.285769650379,45.24835105431
    ));
#3239 = CARTESIAN_POINT('',(7.04669788859,8.455693918179,45.216885237698
    ));
#3240 = CARTESIAN_POINT('',(6.845239429975,8.618881663022,
    45.185957433024));
#3241 = CARTESIAN_POINT('',(6.641088435259,8.77541645922,45.155649005235
    ));
#3242 = CARTESIAN_POINT('',(6.434426455509,8.925381006715,
    45.126034522848));
#3243 = CARTESIAN_POINT('',(5.513426622765,9.557611602907,
    44.998895559623));
#3244 = CARTESIAN_POINT('',(4.77382673901,9.971331802353,44.909399589536
    ));
#3245 = CARTESIAN_POINT('',(4.01350926633,10.31278699584,44.831466671917
    ));
#3246 = CARTESIAN_POINT('',(3.237878760763,10.584349456807,
    44.767087254305));
#3247 = CARTESIAN_POINT('',(2.451305334875,10.787890270248,
    44.717629797425));
#3248 = CARTESIAN_POINT('',(1.65748987593,10.924694054917,
    44.683968053369));
#3249 = CARTESIAN_POINT('',(0.859754717505,10.99538159636,
    44.666560249618));
#3250 = CARTESIAN_POINT('',(-0.752547139265,11.004362532628,
    44.664348501311));
#3251 = CARTESIAN_POINT('',(-1.566012041701,10.940080777562,
    44.680178726497));
#3252 = CARTESIAN_POINT('',(-2.375760489106,10.807178899372,
    44.712937097165));
#3253 = CARTESIAN_POINT('',(-3.178291501421,10.605048734389,
    44.762173504339));
#3254 = CARTESIAN_POINT('',(-3.969716418619,10.332366870111,
    44.826992527845));
#3255 = CARTESIAN_POINT('',(-4.745442338626,9.987177637225,
    44.905969187505));
#3256 = CARTESIAN_POINT('',(-5.499773744904,9.566983773024,
    44.997010854899));
#3257 = CARTESIAN_POINT('',(-6.885466406886,8.615759606985,
    45.188298108303));
#3258 = CARTESIAN_POINT('',(-7.524382231135,8.096394593439,
    45.287326744538));
#3259 = CARTESIAN_POINT('',(-8.135336169738,7.508360639025,
    45.392026555404));
#3260 = CARTESIAN_POINT('',(-8.71022714998,6.849547785271,
    45.499408857797));
#3261 = CARTESIAN_POINT('',(-9.239486658236,6.118432695905,
    45.605662834905));
#3262 = CARTESIAN_POINT('',(-9.711895982054,5.314364029593,
    45.706095510073));
#3263 = CARTESIAN_POINT('',(-10.11427635577,4.438028498548,
    45.795234612496));
#3264 = CARTESIAN_POINT('',(-10.70273079298,2.680408168161,
    45.929058145559));
#3265 = CARTESIAN_POINT('',(-10.91146699091,1.817059763523,
    45.978273690675));
#3266 = CARTESIAN_POINT('',(-11.04246815039,0.917782565668,
    46.010129631504));
#3267 = CARTESIAN_POINT('',(-11.0870842664,-3.58966190106E-11,
    46.021181992598));
#3268 = CARTESIAN_POINT('',(-11.04246815039,-0.917782565613,
    46.010129631506));
#3269 = CARTESIAN_POINT('',(-10.9114669909,-1.817059763547,
    45.978273690674));
#3270 = CARTESIAN_POINT('',(-10.70273079298,-2.680408168156,
    45.929058145559));
#3271 = CARTESIAN_POINT('',(-10.11427635577,-4.438028498548,
    45.795234612496));
#3272 = CARTESIAN_POINT('',(-9.711895982054,-5.314364029592,
    45.706095510073));
#3273 = CARTESIAN_POINT('',(-9.239486658237,-6.118432695905,
    45.605662834905));
#3274 = CARTESIAN_POINT('',(-8.710227149979,-6.849547785271,
    45.499408857797));
#3275 = CARTESIAN_POINT('',(-8.135336169738,-7.508360639025,
    45.392026555404));
#3276 = CARTESIAN_POINT('',(-7.524382231137,-8.096394593438,
    45.287326744538));
#3277 = CARTESIAN_POINT('',(-6.885466406885,-8.615759606985,
    45.188298108303));
#3278 = CARTESIAN_POINT('',(-5.506602076932,-9.562296388427,
    44.997953468593));
#3279 = CARTESIAN_POINT('',(-4.759637547572,-9.979261799656,
    44.907683576956));
#3280 = CARTESIAN_POINT('',(-3.991616430036,-10.32259815849,
    44.829226111159));
#3281 = CARTESIAN_POINT('',(-3.208089690017,-10.59473898363,
    44.764622551865));
#3282 = CARTESIAN_POINT('',(-2.413538954089,-10.79759790405,
    44.715269494215));
#3283 = CARTESIAN_POINT('',(-1.61175806063,-10.93247979293,
    44.682051460081));
#3284 = CARTESIAN_POINT('',(-0.80615690525,-11.,44.665422868255));
#3285 = CARTESIAN_POINT('',(0.604026100362,-11.,44.665422868255));
#3286 = CARTESIAN_POINT('',(1.207930249073,-10.96209342651,
    44.674758355924));
#3287 = CARTESIAN_POINT('',(1.810240254997,-10.88630848993,
    44.693422249705));
#3288 = CARTESIAN_POINT('',(2.409467047379,-10.77245591189,
    44.721270352156));
#3289 = CARTESIAN_POINT('',(3.004033275222,-10.62014541973,
    44.758017071044));
#3290 = CARTESIAN_POINT('',(3.592201200362,-10.42879879631,
    44.803222855362));
#3291 = CARTESIAN_POINT('',(4.171999884226,-10.19765948528,
    44.856273346258));
#3292 = CARTESIAN_POINT('',(5.152191752323,-9.729461567218,
    44.959737636779));
#3293 = CARTESIAN_POINT('',(5.557681141494,-9.511883700901,
    45.00679006044));
#3294 = CARTESIAN_POINT('',(5.956855298537,-9.272670039135,
    45.057209541197));
#3295 = CARTESIAN_POINT('',(6.348829628372,-9.011361388539,
    45.110644821495));
#3296 = CARTESIAN_POINT('',(6.732573494845,-8.727451938906,
    45.166680659309));
#3297 = CARTESIAN_POINT('',(7.106884237481,-8.420406726195,
    45.224827128553));
#3298 = CARTESIAN_POINT('',(7.470361188232,-8.089679095514,
    45.284508919491));
#3299 = CARTESIAN_POINT('',(8.048577423026,-7.50498515175,
    45.384243030525));
#3300 = CARTESIAN_POINT('',(8.270607167555,-7.265042119125,
    45.423802167181));
#3301 = CARTESIAN_POINT('',(8.486983408085,-7.014785450057,
    45.463543826458));
#3302 = CARTESIAN_POINT('',(8.697185048433,-6.754112264005,
    45.503261763172));
#3303 = CARTESIAN_POINT('',(8.900652536265,-6.482934176462,
    45.542731848284));
#3304 = CARTESIAN_POINT('',(9.096784989424,-6.201181059345,
    45.581712207582));
#3305 = CARTESIAN_POINT('',(9.284937322241,-5.908804801384,
    45.619943360351));
#3306 = CARTESIAN_POINT('',(9.600116669893,-5.376677736045,
    45.685277902705));
#3307 = CARTESIAN_POINT('',(9.730880245497,-5.141450354754,
    45.712825412527));
#3308 = CARTESIAN_POINT('',(9.856338755102,-4.900201590959,45.7396571452
    ));
#3309 = CARTESIAN_POINT('',(9.976126346541,-4.653047985936,
    45.765636416005));
#3310 = CARTESIAN_POINT('',(10.089880432642,-4.400121988657,
    45.790624877145));
#3311 = CARTESIAN_POINT('',(10.197241464829,-4.141571988546,
    45.814483797069));
#3312 = CARTESIAN_POINT('',(10.297852706712,-3.877562348218,
    45.8370753398));
#3313 = CARTESIAN_POINT('',(10.536554051847,-3.190133400425,
    45.891164426558));
#3314 = CARTESIAN_POINT('',(10.664857257449,-2.758582125305,
    45.920735908727));
#3315 = CARTESIAN_POINT('',(10.774408930541,-2.315478822671,
    45.94635269296));
#3316 = CARTESIAN_POINT('',(10.863695173849,-1.862824297454,
    45.967465318606));
#3317 = CARTESIAN_POINT('',(10.931547050258,-1.402731396712,
    45.983630713718));
#3318 = CARTESIAN_POINT('',(10.977140784066,-0.937395066748,
    45.99453373555));
#3319 = CARTESIAN_POINT('',(11.,-0.469062018325,46.));
#3320 = CARTESIAN_POINT('',(11.,5.329070518201E-15,46.));
#3321 = PCURVE('',#909,#3322);
#3322 = DEFINITIONAL_REPRESENTATION('',(#3323),#3431);
#3323 = B_SPLINE_CURVE_WITH_KNOTS('',8,(#3324,#3325,#3326,#3327,#3328,
    #3329,#3330,#3331,#3332,#3333,#3334,#3335,#3336,#3337,#3338,#3339,
    #3340,#3341,#3342,#3343,#3344,#3345,#3346,#3347,#3348,#3349,#3350,
    #3351,#3352,#3353,#3354,#3355,#3356,#3357,#3358,#3359,#3360,#3361,
    #3362,#3363,#3364,#3365,#3366,#3367,#3368,#3369,#3370,#3371,#3372,
    #3373,#3374,#3375,#3376,#3377,#3378,#3379,#3380,#3381,#3382,#3383,
    #3384,#3385,#3386,#3387,#3388,#3389,#3390,#3391,#3392,#3393,#3394,
    #3395,#3396,#3397,#3398,#3399,#3400,#3401,#3402,#3403,#3404,#3405,
    #3406,#3407,#3408,#3409,#3410,#3411,#3412,#3413,#3414,#3415,#3416,
    #3417,#3418,#3419,#3420,#3421,#3422,#3423,#3424,#3425,#3426,#3427,
    #3428,#3429,#3430),.UNSPECIFIED.,.T.,.F.,(9,7,7,7,7,7,7,7,7,7,7,7,7,
    7,7,9),(0.,4.442863760275E-02,7.304134929002E-02,0.110885398307,
    0.142289010514,0.249266052466,0.358297765285,0.457473359944,
    0.542611587005,0.641787181663,0.749792903174,0.830717936943,
    0.889161806597,0.926989769508,0.955590318839,1.),.UNSPECIFIED.);
#3324 = CARTESIAN_POINT('',(-7.853981633974,-45.));
#3325 = CARTESIAN_POINT('',(-7.843784595764,-45.));
#3326 = CARTESIAN_POINT('',(-7.833603432569,-44.9771406148));
#3327 = CARTESIAN_POINT('',(-7.823485821764,-44.93154676793));
#3328 = CARTESIAN_POINT('',(-7.813478992775,-44.86369492909));
#3329 = CARTESIAN_POINT('',(-7.803629244552,-44.77440886036));
#3330 = CARTESIAN_POINT('',(-7.793981422313,-44.66485740015));
#3331 = CARTESIAN_POINT('',(-7.784578353545,-44.53655428475));
#3332 = CARTESIAN_POINT('',(-7.769588042947,-44.29785270671));
#3333 = CARTESIAN_POINT('',(-7.763827863587,-44.19724146482));
#3334 = CARTESIAN_POINT('',(-7.758183535899,-44.08988043264));
#3335 = CARTESIAN_POINT('',(-7.752658598766,-43.97612634654));
#3336 = CARTESIAN_POINT('',(-7.747256295585,-43.8563387551));
#3337 = CARTESIAN_POINT('',(-7.741979570585,-43.73088024549));
#3338 = CARTESIAN_POINT('',(-7.736831065156,-43.60011666989));
#3339 = CARTESIAN_POINT('',(-7.725176218481,-43.28493732319));
#3340 = CARTESIAN_POINT('',(-7.718766302378,-43.09678498875));
#3341 = CARTESIAN_POINT('',(-7.712583173209,-42.90065253524));
#3342 = CARTESIAN_POINT('',(-7.706626162269,-42.69718504853));
#3343 = CARTESIAN_POINT('',(-7.700894187535,-42.48698340921));
#3344 = CARTESIAN_POINT('',(-7.69538581639,-42.27060716812));
#3345 = CARTESIAN_POINT('',(-7.690099328355,-42.04857742183));
#3346 = CARTESIAN_POINT('',(-7.680828471124,-41.63284728468));
#3347 = CARTESIAN_POINT('',(-7.67677493191,-41.44072591814));
#3348 = CARTESIAN_POINT('',(-7.672870574704,-41.24526524682));
#3349 = CARTESIAN_POINT('',(-7.669113839779,-41.04669788859));
#3350 = CARTESIAN_POINT('',(-7.665503188572,-40.84523942997));
#3351 = CARTESIAN_POINT('',(-7.66203709912,-40.64108843525));
#3352 = CARTESIAN_POINT('',(-7.658714061486,-40.4344264555));
#3353 = CARTESIAN_POINT('',(-7.644694768765,-39.51342662276));
#3354 = CARTESIAN_POINT('',(-7.635493803272,-38.77382673901));
#3355 = CARTESIAN_POINT('',(-7.627880605178,-38.01350926632));
#3356 = CARTESIAN_POINT('',(-7.621813654053,-37.23787876076));
#3357 = CARTESIAN_POINT('',(-7.617260130809,-36.45130533487));
#3358 = CARTESIAN_POINT('',(-7.614197424979,-35.65748987593));
#3359 = CARTESIAN_POINT('',(-7.61261482904,-34.8597547175));
#3360 = CARTESIAN_POINT('',(-7.612413757893,-33.24745286073));
#3361 = CARTESIAN_POINT('',(-7.61385293662,-32.43398795829));
#3362 = CARTESIAN_POINT('',(-7.61682858377,-31.62423951089));
#3363 = CARTESIAN_POINT('',(-7.621351180217,-30.82170849857));
#3364 = CARTESIAN_POINT('',(-7.627444020914,-30.03028358138));
#3365 = CARTESIAN_POINT('',(-7.635141387105,-29.25455766137));
#3366 = CARTESIAN_POINT('',(-7.64448694713,-28.50022625509));
#3367 = CARTESIAN_POINT('',(-7.665579709972,-27.11453359311));
#3368 = CARTESIAN_POINT('',(-7.677073087862,-26.47561776886));
#3369 = CARTESIAN_POINT('',(-7.690055792107,-25.86466383026));
#3370 = CARTESIAN_POINT('',(-7.704563488214,-25.28977285002));
#3371 = CARTESIAN_POINT('',(-7.720618779191,-24.76051334176));
#3372 = CARTESIAN_POINT('',(-7.738227223811,-24.28810401794));
#3373 = CARTESIAN_POINT('',(-7.757370126501,-23.88572364422));
#3374 = CARTESIAN_POINT('',(-7.7956898562,-23.29726920701));
#3375 = CARTESIAN_POINT('',(-7.814485357175,-23.08853300908));
#3376 = CARTESIAN_POINT('',(-7.834039482432,-22.95753184961));
#3377 = CARTESIAN_POINT('',(-7.853981633975,-22.91291573358));
#3378 = CARTESIAN_POINT('',(-7.873923785516,-22.95753184961));
#3379 = CARTESIAN_POINT('',(-7.893477910774,-23.08853300909));
#3380 = CARTESIAN_POINT('',(-7.912273411749,-23.29726920701));
#3381 = CARTESIAN_POINT('',(-7.950593141448,-23.88572364422));
#3382 = CARTESIAN_POINT('',(-7.969736044138,-24.28810401794));
#3383 = CARTESIAN_POINT('',(-7.987344488758,-24.76051334176));
#3384 = CARTESIAN_POINT('',(-8.003399779735,-25.28977285002));
#3385 = CARTESIAN_POINT('',(-8.017907475842,-25.86466383026));
#3386 = CARTESIAN_POINT('',(-8.030890180087,-26.47561776886));
#3387 = CARTESIAN_POINT('',(-8.042383557977,-27.11453359311));
#3388 = CARTESIAN_POINT('',(-8.063372381185,-28.49339792306));
#3389 = CARTESIAN_POINT('',(-8.072645827122,-29.24036245242));
#3390 = CARTESIAN_POINT('',(-8.080301421689,-30.00838356996));
#3391 = CARTESIAN_POINT('',(-8.086381733703,-30.79191030998));
#3392 = CARTESIAN_POINT('',(-8.090920319782,-31.58646104591));
#3393 = CARTESIAN_POINT('',(-8.093940151071,-32.38824193937));
#3394 = CARTESIAN_POINT('',(-8.095451838789,-33.19384309475));
#3395 = CARTESIAN_POINT('',(-8.095451838789,-34.60402610036));
#3396 = CARTESIAN_POINT('',(-8.094603159561,-35.20793024907));
#3397 = CARTESIAN_POINT('',(-8.092906437043,-35.81024025499));
#3398 = CARTESIAN_POINT('',(-8.090358419908,-36.40946704737));
#3399 = CARTESIAN_POINT('',(-8.086952356074,-37.00403327522));
#3400 = CARTESIAN_POINT('',(-8.082678251862,-37.59220120036));
#3401 = CARTESIAN_POINT('',(-8.077523003804,-38.17199988422));
#3402 = CARTESIAN_POINT('',(-8.067099229042,-39.15219175232));
#3403 = CARTESIAN_POINT('',(-8.062259993314,-39.55768114149));
#3404 = CARTESIAN_POINT('',(-8.056945558848,-39.95685529853));
#3405 = CARTESIAN_POINT('',(-8.051147599224,-40.34882962837));
#3406 = CARTESIAN_POINT('',(-8.044856922532,-40.73257349484));
#3407 = CARTESIAN_POINT('',(-8.038063795258,-41.10688423748));
#3408 = CARTESIAN_POINT('',(-8.030758266157,-41.47036118823));
#3409 = CARTESIAN_POINT('',(-8.017863939567,-42.04857742302));
#3410 = CARTESIAN_POINT('',(-8.012577451578,-42.27060716755));
#3411 = CARTESIAN_POINT('',(-8.007069080443,-42.48698340808));
#3412 = CARTESIAN_POINT('',(-8.001337105676,-42.69718504843));
#3413 = CARTESIAN_POINT('',(-7.995380094707,-42.90065253626));
#3414 = CARTESIAN_POINT('',(-7.989196965555,-43.09678498942));
#3415 = CARTESIAN_POINT('',(-7.982787049503,-43.28493732224));
#3416 = CARTESIAN_POINT('',(-7.971132202793,-43.60011666989));
#3417 = CARTESIAN_POINT('',(-7.965983697364,-43.73088024549));
#3418 = CARTESIAN_POINT('',(-7.960706972364,-43.8563387551));
#3419 = CARTESIAN_POINT('',(-7.955304669183,-43.97612634654));
#3420 = CARTESIAN_POINT('',(-7.94977973205,-44.08988043264));
#3421 = CARTESIAN_POINT('',(-7.944135404362,-44.19724146482));
#3422 = CARTESIAN_POINT('',(-7.938375225002,-44.29785270671));
#3423 = CARTESIAN_POINT('',(-7.92338492903,-44.53655405184));
#3424 = CARTESIAN_POINT('',(-7.913981858936,-44.66485725744));
#3425 = CARTESIAN_POINT('',(-7.904334023566,-44.77440893054));
#3426 = CARTESIAN_POINT('',(-7.894484256099,-44.86369517384));
#3427 = CARTESIAN_POINT('',(-7.884477408742,-44.93154705025));
#3428 = CARTESIAN_POINT('',(-7.874359788595,-44.97714078406));
#3429 = CARTESIAN_POINT('',(-7.864178634373,-45.));
#3430 = CARTESIAN_POINT('',(-7.853981633974,-45.));
#3431 = ( GEOMETRIC_REPRESENTATION_CONTEXT(2) 
PARAMETRIC_REPRESENTATION_CONTEXT() REPRESENTATION_CONTEXT('2D SPACE',''
  ) );
#3432 = PCURVE('',#3433,#3438);
#3433 = CYLINDRICAL_SURFACE('',#3434,11.);
#3434 = AXIS2_PLACEMENT_3D('',#3435,#3436,#3437);
#3435 = CARTESIAN_POINT('',(0.,0.,0.));
#3436 = DIRECTION('',(-0.,-0.,-1.));
#3437 = DIRECTION('',(1.,0.,0.));
#3438 = DEFINITIONAL_REPRESENTATION('',(#3439),#3547);
#3439 = B_SPLINE_CURVE_WITH_KNOTS('',8,(#3440,#3441,#3442,#3443,#3444,
    #3445,#3446,#3447,#3448,#3449,#3450,#3451,#3452,#3453,#3454,#3455,
    #3456,#3457,#3458,#3459,#3460,#3461,#3462,#3463,#3464,#3465,#3466,
    #3467,#3468,#3469,#3470,#3471,#3472,#3473,#3474,#3475,#3476,#3477,
    #3478,#3479,#3480,#3481,#3482,#3483,#3484,#3485,#3486,#3487,#3488,
    #3489,#3490,#3491,#3492,#3493,#3494,#3495,#3496,#3497,#3498,#3499,
    #3500,#3501,#3502,#3503,#3504,#3505,#3506,#3507,#3508,#3509,#3510,
    #3511,#3512,#3513,#3514,#3515,#3516,#3517,#3518,#3519,#3520,#3521,
    #3522,#3523,#3524,#3525,#3526,#3527,#3528,#3529,#3530,#3531,#3532,
    #3533,#3534,#3535,#3536,#3537,#3538,#3539,#3540,#3541,#3542,#3543,
    #3544,#3545,#3546),.UNSPECIFIED.,.F.,.F.,(9,7,7,7,7,7,7,7,7,7,7,7,7,
    7,7,9),(0.,4.442863760275E-02,7.304134929002E-02,0.110885398307,
    0.142289010514,0.249266052466,0.358297765285,0.457473359944,
    0.542611587005,0.641787181663,0.749792903174,0.830717936943,
    0.889161806597,0.926989769508,0.955590318839,1.),.UNSPECIFIED.);
#3440 = CARTESIAN_POINT('',(0.,-46.));
#3441 = CARTESIAN_POINT('',(-4.264215978962E-02,-46.));
#3442 = CARTESIAN_POINT('',(-8.521792600061E-02,-45.994533695));
#3443 = CARTESIAN_POINT('',(-0.127639353039,-45.98363064632));
#3444 = CARTESIAN_POINT('',(-0.169818809197,-45.96746526097));
#3445 = CARTESIAN_POINT('',(-0.211666090548,-45.94635267751));
#3446 = CARTESIAN_POINT('',(-0.253085475173,-45.92073594274));
#3447 = CARTESIAN_POINT('',(-0.293972717741,-45.89116447933));
#3448 = CARTESIAN_POINT('',(-0.36012667815,-45.8370753398));
#3449 = CARTESIAN_POINT('',(-0.385799840508,-45.81448379706));
#3450 = CARTESIAN_POINT('',(-0.41123192548,-45.79062487714));
#3451 = CARTESIAN_POINT('',(-0.436422635475,-45.765636416));
#3452 = CARTESIAN_POINT('',(-0.461370916083,-45.7396571452));
#3453 = CARTESIAN_POINT('',(-0.486074950831,-45.71282541252));
#3454 = CARTESIAN_POINT('',(-0.51053215594,-45.6852779027));
#3455 = CARTESIAN_POINT('',(-0.566756120165,-45.61994336054));
#3456 = CARTESIAN_POINT('',(-0.598342196184,-45.58171220746));
#3457 = CARTESIAN_POINT('',(-0.629517010572,-45.54273184808));
#3458 = CARTESIAN_POINT('',(-0.660298869551,-45.50326176317));
#3459 = CARTESIAN_POINT('',(-0.690704967951,-45.46354382666));
#3460 = CARTESIAN_POINT('',(-0.720751579051,-45.42380216729));
#3461 = CARTESIAN_POINT('',(-0.750454244401,-45.38424303031));
#3462 = CARTESIAN_POINT('',(-0.804202757384,-45.31253546978));
#3463 = CARTESIAN_POINT('',(-0.828354961992,-45.28026641954));
#3464 = CARTESIAN_POINT('',(-0.852296254651,-45.24835105431));
#3465 = CARTESIAN_POINT('',(-0.876037677559,-45.21688523769));
#3466 = CARTESIAN_POINT('',(-0.899589842645,-45.18595743302));
#3467 = CARTESIAN_POINT('',(-0.922963136263,-45.15564900523));
#3468 = CARTESIAN_POINT('',(-0.946167923891,-45.12603452284));
#3469 = CARTESIAN_POINT('',(-1.047724251895,-44.99889555962));
#3470 = CARTESIAN_POINT('',(-1.124442511958,-44.90939958953));
#3471 = CARTESIAN_POINT('',(-1.1997327791,-44.83146667191));
#3472 = CARTESIAN_POINT('',(-1.273908672464,-44.7670872543));
#3473 = CARTESIAN_POINT('',(-1.347263452169,-44.71762979742));
#3474 = CARTESIAN_POINT('',(-1.420079639063,-44.68396805336));
#3475 = CARTESIAN_POINT('',(-1.492635652083,-44.66656024961));
#3476 = CARTESIAN_POINT('',(-1.63921082205,-44.66434850131));
#3477 = CARTESIAN_POINT('',(-1.713128439068,-44.68017872649));
#3478 = CARTESIAN_POINT('',(-1.787290734401,-44.71293709716));
#3479 = CARTESIAN_POINT('',(-1.861991069582,-44.76217350433));
#3480 = CARTESIAN_POINT('',(-1.937527029058,-44.82699252784));
#3481 = CARTESIAN_POINT('',(-2.01420748593,-44.9059691875));
#3482 = CARTESIAN_POINT('',(-2.092362933298,-44.99701085489));
#3483 = CARTESIAN_POINT('',(-2.245159767227,-45.1882981083));
#3484 = CARTESIAN_POINT('',(-2.319767102553,-45.28732674453));
#3485 = CARTESIAN_POINT('',(-2.396399738964,-45.3920265554));
#3486 = CARTESIAN_POINT('',(-2.47526869089,-45.49940885779));
#3487 = CARTESIAN_POINT('',(-2.556609890389,-45.6056628349));
#3488 = CARTESIAN_POINT('',(-2.640695106332,-45.70609551007));
#3489 = CARTESIAN_POINT('',(-2.727853974607,-45.79523461249));
#3490 = CARTESIAN_POINT('',(-2.896355092892,-45.92905814555));
#3491 = CARTESIAN_POINT('',(-2.97680536023,-45.97827369067));
#3492 = CARTESIAN_POINT('',(-3.05882759732,-46.0101296315));
#3493 = CARTESIAN_POINT('',(-3.141592653592,-46.02118199259));
#3494 = CARTESIAN_POINT('',(-3.224357709857,-46.0101296315));
#3495 = CARTESIAN_POINT('',(-3.306379946951,-45.97827369067));
#3496 = CARTESIAN_POINT('',(-3.386830214287,-45.92905814555));
#3497 = CARTESIAN_POINT('',(-3.555331332572,-45.79523461249));
#3498 = CARTESIAN_POINT('',(-3.642490200848,-45.70609551007));
#3499 = CARTESIAN_POINT('',(-3.72657541679,-45.6056628349));
#3500 = CARTESIAN_POINT('',(-3.80791661629,-45.49940885779));
#3501 = CARTESIAN_POINT('',(-3.886785568216,-45.3920265554));
#3502 = CARTESIAN_POINT('',(-3.963418204627,-45.28732674453));
#3503 = CARTESIAN_POINT('',(-4.038025539953,-45.1882981083));
#3504 = CARTESIAN_POINT('',(-4.190069430936,-44.99795346859));
#3505 = CARTESIAN_POINT('',(-4.267506631906,-44.90768357695));
#3506 = CARTESIAN_POINT('',(-4.343492468103,-44.82922611115));
#3507 = CARTESIAN_POINT('',(-4.418348756623,-44.76462255186));
#3508 = CARTESIAN_POINT('',(-4.492376447764,-44.71526949421));
#3509 = CARTESIAN_POINT('',(-4.565865557223,-44.68205146008));
#3510 = CARTESIAN_POINT('',(-4.639101988998,-44.66542286825));
#3511 = CARTESIAN_POINT('',(-4.767300444054,-44.66542286825));
#3512 = CARTESIAN_POINT('',(-4.822200884537,-44.67475835592));
#3513 = CARTESIAN_POINT('',(-4.877208484847,-44.6934222497));
#3514 = CARTESIAN_POINT('',(-4.932440198065,-44.72127035215));
#3515 = CARTESIAN_POINT('',(-4.988012892769,-44.75801707104));
#3516 = CARTESIAN_POINT('',(-5.044045806378,-44.80322285536));
#3517 = CARTESIAN_POINT('',(-5.100664306406,-44.85627334625));
#3518 = CARTESIAN_POINT('',(-5.199416244927,-44.95973763677));
#3519 = CARTESIAN_POINT('',(-5.241204320186,-45.00679006044));
#3520 = CARTESIAN_POINT('',(-5.283430638508,-45.05720954119));
#3521 = CARTESIAN_POINT('',(-5.326156804179,-45.11064482149));
#3522 = CARTESIAN_POINT('',(-5.36944564456,-45.1666806593));
#3523 = CARTESIAN_POINT('',(-5.413362281981,-45.22482712855));
#3524 = CARTESIAN_POINT('',(-5.457975205645,-45.28450891949));
#3525 = CARTESIAN_POINT('',(-5.532731062933,-45.38424303052));
#3526 = CARTESIAN_POINT('',(-5.562433728032,-45.42380216718));
#3527 = CARTESIAN_POINT('',(-5.592480339069,-45.46354382645));
#3528 = CARTESIAN_POINT('',(-5.622886437636,-45.50326176317));
#3529 = CARTESIAN_POINT('',(-5.653668296774,-45.54273184828));
#3530 = CARTESIAN_POINT('',(-5.684843111086,-45.58171220758));
#3531 = CARTESIAN_POINT('',(-5.716429186845,-45.61994336035));
#3532 = CARTESIAN_POINT('',(-5.77265315124,-45.6852779027));
#3533 = CARTESIAN_POINT('',(-5.797110356349,-45.71282541252));
#3534 = CARTESIAN_POINT('',(-5.821814391096,-45.7396571452));
#3535 = CARTESIAN_POINT('',(-5.846762671704,-45.765636416));
#3536 = CARTESIAN_POINT('',(-5.871953381699,-45.79062487714));
#3537 = CARTESIAN_POINT('',(-5.897385466672,-45.81448379706));
#3538 = CARTESIAN_POINT('',(-5.92305862903,-45.8370753398));
#3539 = CARTESIAN_POINT('',(-5.98921252489,-45.89116442655));
#3540 = CARTESIAN_POINT('',(-6.030099775271,-45.92073590872));
#3541 = CARTESIAN_POINT('',(-6.071519217499,-45.94635269296));
#3542 = CARTESIAN_POINT('',(-6.113366580062,-45.9674653186));
#3543 = CARTESIAN_POINT('',(-6.15554611196,-45.98363071371));
#3544 = CARTESIAN_POINT('',(-6.197967576826,-45.99453373555));
#3545 = CARTESIAN_POINT('',(-6.240543305514,-46.));
#3546 = CARTESIAN_POINT('',(-6.28318530718,-46.));
#3547 = ( GEOMETRIC_REPRESENTATION_CONTEXT(2) 
PARAMETRIC_REPRESENTATION_CONTEXT() REPRESENTATION_CONTEXT('2D SPACE',''
  ) );
#3548 = ADVANCED_FACE('',(#3549),#1115,.F.);
#3549 = FACE_BOUND('',#3550,.T.);
#3550 = EDGE_LOOP('',(#3551,#3580,#3601,#3602,#3603,#3625,#3626,#3627));
#3551 = ORIENTED_EDGE('',*,*,#3552,.F.);
#3552 = EDGE_CURVE('',#3553,#3553,#3555,.T.);
#3553 = VERTEX_POINT('',#3554);
#3554 = CARTESIAN_POINT('',(52.,-68.,-70.));
#3555 = SURFACE_CURVE('',#3556,(#3561,#3568),.PCURVE_S1.);
#3556 = CIRCLE('',#3557,12.);
#3557 = AXIS2_PLACEMENT_3D('',#3558,#3559,#3560);
#3558 = CARTESIAN_POINT('',(40.,-68.,-70.));
#3559 = DIRECTION('',(0.,0.,1.));
#3560 = DIRECTION('',(1.,0.,0.));
#3561 = PCURVE('',#1115,#3562);
#3562 = DEFINITIONAL_REPRESENTATION('',(#3563),#3567);
#3563 = LINE('',#3564,#3565);
#3564 = CARTESIAN_POINT('',(-0.,0.));
#3565 = VECTOR('',#3566,1.);
#3566 = DIRECTION('',(-1.,0.));
#3567 = ( GEOMETRIC_REPRESENTATION_CONTEXT(2) 
PARAMETRIC_REPRESENTATION_CONTEXT() REPRESENTATION_CONTEXT('2D SPACE',''
  ) );
#3568 = PCURVE('',#3569,#3574);
#3569 = PLANE('',#3570);
#3570 = AXIS2_PLACEMENT_3D('',#3571,#3572,#3573);
#3571 = CARTESIAN_POINT('',(40.,-68.,-70.));
#3572 = DIRECTION('',(0.,0.,1.));
#3573 = DIRECTION('',(1.,0.,-0.));
#3574 = DEFINITIONAL_REPRESENTATION('',(#3575),#3579);
#3575 = CIRCLE('',#3576,12.);
#3576 = AXIS2_PLACEMENT_2D('',#3577,#3578);
#3577 = CARTESIAN_POINT('',(0.,0.));
#3578 = DIRECTION('',(1.,0.));
#3579 = ( GEOMETRIC_REPRESENTATION_CONTEXT(2) 
PARAMETRIC_REPRESENTATION_CONTEXT() REPRESENTATION_CONTEXT('2D SPACE',''
  ) );
#3580 = ORIENTED_EDGE('',*,*,#3581,.T.);
#3581 = EDGE_CURVE('',#3553,#2732,#3582,.T.);
#3582 = SEAM_CURVE('',#3583,(#3587,#3594),.PCURVE_S1.);
#3583 = LINE('',#3584,#3585);
#3584 = CARTESIAN_POINT('',(52.,-68.,-70.));
#3585 = VECTOR('',#3586,1.);
#3586 = DIRECTION('',(0.,0.,1.));
#3587 = PCURVE('',#1115,#3588);
#3588 = DEFINITIONAL_REPRESENTATION('',(#3589),#3593);
#3589 = LINE('',#3590,#3591);
#3590 = CARTESIAN_POINT('',(-6.28318530718,0.));
#3591 = VECTOR('',#3592,1.);
#3592 = DIRECTION('',(-0.,-1.));
#3593 = ( GEOMETRIC_REPRESENTATION_CONTEXT(2) 
PARAMETRIC_REPRESENTATION_CONTEXT() REPRESENTATION_CONTEXT('2D SPACE',''
  ) );
#3594 = PCURVE('',#1115,#3595);
#3595 = DEFINITIONAL_REPRESENTATION('',(#3596),#3600);
#3596 = LINE('',#3597,#3598);
#3597 = CARTESIAN_POINT('',(-0.,0.));
#3598 = VECTOR('',#3599,1.);
#3599 = DIRECTION('',(-0.,-1.));
#3600 = ( GEOMETRIC_REPRESENTATION_CONTEXT(2) 
PARAMETRIC_REPRESENTATION_CONTEXT() REPRESENTATION_CONTEXT('2D SPACE',''
  ) );
#3601 = ORIENTED_EDGE('',*,*,#2731,.F.);
#3602 = ORIENTED_EDGE('',*,*,#1506,.T.);
#3603 = ORIENTED_EDGE('',*,*,#3604,.T.);
#3604 = EDGE_CURVE('',#1277,#1052,#3605,.T.);
#3605 = SURFACE_CURVE('',#3606,(#3611,#3618),.PCURVE_S1.);
#3606 = CIRCLE('',#3607,12.);
#3607 = AXIS2_PLACEMENT_3D('',#3608,#3609,#3610);
#3608 = CARTESIAN_POINT('',(40.,-68.,-68.));
#3609 = DIRECTION('',(0.,0.,1.));
#3610 = DIRECTION('',(1.,0.,0.));
#3611 = PCURVE('',#1115,#3612);
#3612 = DEFINITIONAL_REPRESENTATION('',(#3613),#3617);
#3613 = LINE('',#3614,#3615);
#3614 = CARTESIAN_POINT('',(-0.,-2.));
#3615 = VECTOR('',#3616,1.);
#3616 = DIRECTION('',(-1.,0.));
#3617 = ( GEOMETRIC_REPRESENTATION_CONTEXT(2) 
PARAMETRIC_REPRESENTATION_CONTEXT() REPRESENTATION_CONTEXT('2D SPACE',''
  ) );
#3618 = PCURVE('',#1066,#3619);
#3619 = DEFINITIONAL_REPRESENTATION('',(#3620),#3624);
#3620 = CIRCLE('',#3621,12.);
#3621 = AXIS2_PLACEMENT_2D('',#3622,#3623);
#3622 = CARTESIAN_POINT('',(0.,0.));
#3623 = DIRECTION('',(1.,0.));
#3624 = ( GEOMETRIC_REPRESENTATION_CONTEXT(2) 
PARAMETRIC_REPRESENTATION_CONTEXT() REPRESENTATION_CONTEXT('2D SPACE',''
  ) );
#3625 = ORIENTED_EDGE('',*,*,#1077,.T.);
#3626 = ORIENTED_EDGE('',*,*,#2759,.F.);
#3627 = ORIENTED_EDGE('',*,*,#3581,.F.);
#3628 = ADVANCED_FACE('',(#3629),#1066,.F.);
#3629 = FACE_BOUND('',#3630,.F.);
#3630 = EDGE_LOOP('',(#3631,#3632,#3633));
#3631 = ORIENTED_EDGE('',*,*,#1276,.T.);
#3632 = ORIENTED_EDGE('',*,*,#3604,.T.);
#3633 = ORIENTED_EDGE('',*,*,#1051,.T.);
#3634 = ADVANCED_FACE('',(#3635),#1457,.F.);
#3635 = FACE_BOUND('',#3636,.T.);
#3636 = EDGE_LOOP('',(#3637,#3666,#3687,#3688,#3689,#3711,#3712,#3713));
#3637 = ORIENTED_EDGE('',*,*,#3638,.F.);
#3638 = EDGE_CURVE('',#3639,#3639,#3641,.T.);
#3639 = VERTEX_POINT('',#3640);
#3640 = CARTESIAN_POINT('',(52.,68.,-70.));
#3641 = SURFACE_CURVE('',#3642,(#3647,#3654),.PCURVE_S1.);
#3642 = CIRCLE('',#3643,12.);
#3643 = AXIS2_PLACEMENT_3D('',#3644,#3645,#3646);
#3644 = CARTESIAN_POINT('',(40.,68.,-70.));
#3645 = DIRECTION('',(0.,0.,1.));
#3646 = DIRECTION('',(1.,0.,0.));
#3647 = PCURVE('',#1457,#3648);
#3648 = DEFINITIONAL_REPRESENTATION('',(#3649),#3653);
#3649 = LINE('',#3650,#3651);
#3650 = CARTESIAN_POINT('',(-0.,0.));
#3651 = VECTOR('',#3652,1.);
#3652 = DIRECTION('',(-1.,0.));
#3653 = ( GEOMETRIC_REPRESENTATION_CONTEXT(2) 
PARAMETRIC_REPRESENTATION_CONTEXT() REPRESENTATION_CONTEXT('2D SPACE',''
  ) );
#3654 = PCURVE('',#3655,#3660);
#3655 = PLANE('',#3656);
#3656 = AXIS2_PLACEMENT_3D('',#3657,#3658,#3659);
#3657 = CARTESIAN_POINT('',(40.,68.,-70.));
#3658 = DIRECTION('',(0.,0.,1.));
#3659 = DIRECTION('',(1.,0.,-0.));
#3660 = DEFINITIONAL_REPRESENTATION('',(#3661),#3665);
#3661 = CIRCLE('',#3662,12.);
#3662 = AXIS2_PLACEMENT_2D('',#3663,#3664);
#3663 = CARTESIAN_POINT('',(0.,0.));
#3664 = DIRECTION('',(1.,0.));
#3665 = ( GEOMETRIC_REPRESENTATION_CONTEXT(2) 
PARAMETRIC_REPRESENTATION_CONTEXT() REPRESENTATION_CONTEXT('2D SPACE',''
  ) );
#3666 = ORIENTED_EDGE('',*,*,#3667,.T.);
#3667 = EDGE_CURVE('',#3639,#2677,#3668,.T.);
#3668 = SEAM_CURVE('',#3669,(#3673,#3680),.PCURVE_S1.);
#3669 = LINE('',#3670,#3671);
#3670 = CARTESIAN_POINT('',(52.,68.,-70.));
#3671 = VECTOR('',#3672,1.);
#3672 = DIRECTION('',(0.,0.,1.));
#3673 = PCURVE('',#1457,#3674);
#3674 = DEFINITIONAL_REPRESENTATION('',(#3675),#3679);
#3675 = LINE('',#3676,#3677);
#3676 = CARTESIAN_POINT('',(-6.28318530718,0.));
#3677 = VECTOR('',#3678,1.);
#3678 = DIRECTION('',(-0.,-1.));
#3679 = ( GEOMETRIC_REPRESENTATION_CONTEXT(2) 
PARAMETRIC_REPRESENTATION_CONTEXT() REPRESENTATION_CONTEXT('2D SPACE',''
  ) );
#3680 = PCURVE('',#1457,#3681);
#3681 = DEFINITIONAL_REPRESENTATION('',(#3682),#3686);
#3682 = LINE('',#3683,#3684);
#3683 = CARTESIAN_POINT('',(-0.,0.));
#3684 = VECTOR('',#3685,1.);
#3685 = DIRECTION('',(-0.,-1.));
#3686 = ( GEOMETRIC_REPRESENTATION_CONTEXT(2) 
PARAMETRIC_REPRESENTATION_CONTEXT() REPRESENTATION_CONTEXT('2D SPACE',''
  ) );
#3687 = ORIENTED_EDGE('',*,*,#2676,.F.);
#3688 = ORIENTED_EDGE('',*,*,#2972,.T.);
#3689 = ORIENTED_EDGE('',*,*,#3690,.T.);
#3690 = EDGE_CURVE('',#2952,#1388,#3691,.T.);
#3691 = SURFACE_CURVE('',#3692,(#3697,#3704),.PCURVE_S1.);
#3692 = CIRCLE('',#3693,12.);
#3693 = AXIS2_PLACEMENT_3D('',#3694,#3695,#3696);
#3694 = CARTESIAN_POINT('',(40.,68.,-68.));
#3695 = DIRECTION('',(0.,0.,1.));
#3696 = DIRECTION('',(1.,0.,0.));
#3697 = PCURVE('',#1457,#3698);
#3698 = DEFINITIONAL_REPRESENTATION('',(#3699),#3703);
#3699 = LINE('',#3700,#3701);
#3700 = CARTESIAN_POINT('',(-0.,-2.));
#3701 = VECTOR('',#3702,1.);
#3702 = DIRECTION('',(-1.,0.));
#3703 = ( GEOMETRIC_REPRESENTATION_CONTEXT(2) 
PARAMETRIC_REPRESENTATION_CONTEXT() REPRESENTATION_CONTEXT('2D SPACE',''
  ) );
#3704 = PCURVE('',#1402,#3705);
#3705 = DEFINITIONAL_REPRESENTATION('',(#3706),#3710);
#3706 = CIRCLE('',#3707,12.);
#3707 = AXIS2_PLACEMENT_2D('',#3708,#3709);
#3708 = CARTESIAN_POINT('',(0.,0.));
#3709 = DIRECTION('',(1.,0.));
#3710 = ( GEOMETRIC_REPRESENTATION_CONTEXT(2) 
PARAMETRIC_REPRESENTATION_CONTEXT() REPRESENTATION_CONTEXT('2D SPACE',''
  ) );
#3711 = ORIENTED_EDGE('',*,*,#1413,.T.);
#3712 = ORIENTED_EDGE('',*,*,#2704,.F.);
#3713 = ORIENTED_EDGE('',*,*,#3667,.F.);
#3714 = ADVANCED_FACE('',(#3715),#1402,.F.);
#3715 = FACE_BOUND('',#3716,.F.);
#3716 = EDGE_LOOP('',(#3717,#3718,#3719));
#3717 = ORIENTED_EDGE('',*,*,#2951,.F.);
#3718 = ORIENTED_EDGE('',*,*,#3690,.T.);
#3719 = ORIENTED_EDGE('',*,*,#1387,.T.);
#3720 = ADVANCED_FACE('',(#3721),#1630,.F.);
#3721 = FACE_BOUND('',#3722,.F.);
#3722 = EDGE_LOOP('',(#3723,#3749,#3771,#3772,#3773));
#3723 = ORIENTED_EDGE('',*,*,#3724,.T.);
#3724 = EDGE_CURVE('',#3725,#3727,#3729,.T.);
#3725 = VERTEX_POINT('',#3726);
#3726 = CARTESIAN_POINT('',(34.,45.767714727122,-30.50108667993));
#3727 = VERTEX_POINT('',#3728);
#3728 = CARTESIAN_POINT('',(34.,55.,0.));
#3729 = SURFACE_CURVE('',#3730,(#3735,#3742),.PCURVE_S1.);
#3730 = CIRCLE('',#3731,55.);
#3731 = AXIS2_PLACEMENT_3D('',#3732,#3733,#3734);
#3732 = CARTESIAN_POINT('',(34.,0.,0.));
#3733 = DIRECTION('',(1.,0.,0.));
#3734 = DIRECTION('',(0.,1.,0.));
#3735 = PCURVE('',#1630,#3736);
#3736 = DEFINITIONAL_REPRESENTATION('',(#3737),#3741);
#3737 = CIRCLE('',#3738,55.);
#3738 = AXIS2_PLACEMENT_2D('',#3739,#3740);
#3739 = CARTESIAN_POINT('',(-9.372203282004E-16,-3.182406126637E-15));
#3740 = DIRECTION('',(0.,-1.));
#3741 = ( GEOMETRIC_REPRESENTATION_CONTEXT(2) 
PARAMETRIC_REPRESENTATION_CONTEXT() REPRESENTATION_CONTEXT('2D SPACE',''
  ) );
#3742 = PCURVE('',#1668,#3743);
#3743 = DEFINITIONAL_REPRESENTATION('',(#3744),#3748);
#3744 = LINE('',#3745,#3746);
#3745 = CARTESIAN_POINT('',(-0.,0.));
#3746 = VECTOR('',#3747,1.);
#3747 = DIRECTION('',(-1.,0.));
#3748 = ( GEOMETRIC_REPRESENTATION_CONTEXT(2) 
PARAMETRIC_REPRESENTATION_CONTEXT() REPRESENTATION_CONTEXT('2D SPACE',''
  ) );
#3749 = ORIENTED_EDGE('',*,*,#3750,.T.);
#3750 = EDGE_CURVE('',#3727,#1615,#3751,.T.);
#3751 = SURFACE_CURVE('',#3752,(#3757,#3764),.PCURVE_S1.);
#3752 = CIRCLE('',#3753,55.);
#3753 = AXIS2_PLACEMENT_3D('',#3754,#3755,#3756);
#3754 = CARTESIAN_POINT('',(34.,0.,0.));
#3755 = DIRECTION('',(1.,0.,0.));
#3756 = DIRECTION('',(0.,1.,0.));
#3757 = PCURVE('',#1630,#3758);
#3758 = DEFINITIONAL_REPRESENTATION('',(#3759),#3763);
#3759 = CIRCLE('',#3760,55.);
#3760 = AXIS2_PLACEMENT_2D('',#3761,#3762);
#3761 = CARTESIAN_POINT('',(-9.372203282004E-16,-3.182406126637E-15));
#3762 = DIRECTION('',(0.,-1.));
#3763 = ( GEOMETRIC_REPRESENTATION_CONTEXT(2) 
PARAMETRIC_REPRESENTATION_CONTEXT() REPRESENTATION_CONTEXT('2D SPACE',''
  ) );
#3764 = PCURVE('',#1668,#3765);
#3765 = DEFINITIONAL_REPRESENTATION('',(#3766),#3770);
#3766 = LINE('',#3767,#3768);
#3767 = CARTESIAN_POINT('',(-0.,0.));
#3768 = VECTOR('',#3769,1.);
#3769 = DIRECTION('',(-1.,0.));
#3770 = ( GEOMETRIC_REPRESENTATION_CONTEXT(2) 
PARAMETRIC_REPRESENTATION_CONTEXT() REPRESENTATION_CONTEXT('2D SPACE',''
  ) );
#3771 = ORIENTED_EDGE('',*,*,#1614,.F.);
#3772 = ORIENTED_EDGE('',*,*,#3182,.F.);
#3773 = ORIENTED_EDGE('',*,*,#3774,.F.);
#3774 = EDGE_CURVE('',#3725,#3145,#3775,.T.);
#3775 = SURFACE_CURVE('',#3776,(#3780,#3787),.PCURVE_S1.);
#3776 = LINE('',#3777,#3778);
#3777 = CARTESIAN_POINT('',(34.,46.690047311919,-32.94881546266));
#3778 = VECTOR('',#3779,1.);
#3779 = DIRECTION('',(0.,-0.352609234174,0.935770659924));
#3780 = PCURVE('',#1630,#3781);
#3781 = DEFINITIONAL_REPRESENTATION('',(#3782),#3786);
#3782 = LINE('',#3783,#3784);
#3783 = CARTESIAN_POINT('',(-32.94881546266,-46.69004731191));
#3784 = VECTOR('',#3785,1.);
#3785 = DIRECTION('',(0.935770659924,0.352609234174));
#3786 = ( GEOMETRIC_REPRESENTATION_CONTEXT(2) 
PARAMETRIC_REPRESENTATION_CONTEXT() REPRESENTATION_CONTEXT('2D SPACE',''
  ) );
#3787 = PCURVE('',#1923,#3788);
#3788 = DEFINITIONAL_REPRESENTATION('',(#3789),#3793);
#3789 = LINE('',#3790,#3791);
#3790 = CARTESIAN_POINT('',(1.570796326795,0.));
#3791 = VECTOR('',#3792,1.);
#3792 = DIRECTION('',(0.,1.));
#3793 = ( GEOMETRIC_REPRESENTATION_CONTEXT(2) 
PARAMETRIC_REPRESENTATION_CONTEXT() REPRESENTATION_CONTEXT('2D SPACE',''
  ) );
#3794 = ADVANCED_FACE('',(#3795),#1668,.T.);
#3795 = FACE_BOUND('',#3796,.F.);
#3796 = EDGE_LOOP('',(#3797,#3798,#3821,#3848,#3849,#3850,#3888,#3909,
    #3910,#3911));
#3797 = ORIENTED_EDGE('',*,*,#3750,.F.);
#3798 = ORIENTED_EDGE('',*,*,#3799,.T.);
#3799 = EDGE_CURVE('',#3727,#3800,#3802,.T.);
#3800 = VERTEX_POINT('',#3801);
#3801 = CARTESIAN_POINT('',(46.,55.,0.));
#3802 = SEAM_CURVE('',#3803,(#3807,#3814),.PCURVE_S1.);
#3803 = LINE('',#3804,#3805);
#3804 = CARTESIAN_POINT('',(34.,55.,0.));
#3805 = VECTOR('',#3806,1.);
#3806 = DIRECTION('',(1.,0.,0.));
#3807 = PCURVE('',#1668,#3808);
#3808 = DEFINITIONAL_REPRESENTATION('',(#3809),#3813);
#3809 = LINE('',#3810,#3811);
#3810 = CARTESIAN_POINT('',(-0.,0.));
#3811 = VECTOR('',#3812,1.);
#3812 = DIRECTION('',(-0.,-1.));
#3813 = ( GEOMETRIC_REPRESENTATION_CONTEXT(2) 
PARAMETRIC_REPRESENTATION_CONTEXT() REPRESENTATION_CONTEXT('2D SPACE',''
  ) );
#3814 = PCURVE('',#1668,#3815);
#3815 = DEFINITIONAL_REPRESENTATION('',(#3816),#3820);
#3816 = LINE('',#3817,#3818);
#3817 = CARTESIAN_POINT('',(-6.28318530718,0.));
#3818 = VECTOR('',#3819,1.);
#3819 = DIRECTION('',(-0.,-1.));
#3820 = ( GEOMETRIC_REPRESENTATION_CONTEXT(2) 
PARAMETRIC_REPRESENTATION_CONTEXT() REPRESENTATION_CONTEXT('2D SPACE',''
  ) );
#3821 = ORIENTED_EDGE('',*,*,#3822,.T.);
#3822 = EDGE_CURVE('',#3800,#3800,#3823,.T.);
#3823 = SURFACE_CURVE('',#3824,(#3829,#3836),.PCURVE_S1.);
#3824 = CIRCLE('',#3825,55.);
#3825 = AXIS2_PLACEMENT_3D('',#3826,#3827,#3828);
#3826 = CARTESIAN_POINT('',(46.,0.,0.));
#3827 = DIRECTION('',(1.,0.,0.));
#3828 = DIRECTION('',(0.,1.,0.));
#3829 = PCURVE('',#1668,#3830);
#3830 = DEFINITIONAL_REPRESENTATION('',(#3831),#3835);
#3831 = LINE('',#3832,#3833);
#3832 = CARTESIAN_POINT('',(-0.,-12.));
#3833 = VECTOR('',#3834,1.);
#3834 = DIRECTION('',(-1.,0.));
#3835 = ( GEOMETRIC_REPRESENTATION_CONTEXT(2) 
PARAMETRIC_REPRESENTATION_CONTEXT() REPRESENTATION_CONTEXT('2D SPACE',''
  ) );
#3836 = PCURVE('',#3837,#3842);
#3837 = PLANE('',#3838);
#3838 = AXIS2_PLACEMENT_3D('',#3839,#3840,#3841);
#3839 = CARTESIAN_POINT('',(46.,-3.182406126637E-15,9.372203282004E-16)
  );
#3840 = DIRECTION('',(1.,0.,0.));
#3841 = DIRECTION('',(-0.,0.,1.));
#3842 = DEFINITIONAL_REPRESENTATION('',(#3843),#3847);
#3843 = CIRCLE('',#3844,55.);
#3844 = AXIS2_PLACEMENT_2D('',#3845,#3846);
#3845 = CARTESIAN_POINT('',(-9.372203282004E-16,-3.182406126637E-15));
#3846 = DIRECTION('',(0.,-1.));
#3847 = ( GEOMETRIC_REPRESENTATION_CONTEXT(2) 
PARAMETRIC_REPRESENTATION_CONTEXT() REPRESENTATION_CONTEXT('2D SPACE',''
  ) );
#3848 = ORIENTED_EDGE('',*,*,#3799,.F.);
#3849 = ORIENTED_EDGE('',*,*,#3724,.F.);
#3850 = ORIENTED_EDGE('',*,*,#3851,.F.);
#3851 = EDGE_CURVE('',#3852,#3725,#3854,.T.);
#3852 = VERTEX_POINT('',#3853);
#3853 = CARTESIAN_POINT('',(33.357346037698,44.255978299696,
    -32.65590887935));
#3854 = SURFACE_CURVE('',#3855,(#3864,#3876),.PCURVE_S1.);
#3855 = B_SPLINE_CURVE_WITH_KNOTS('',7,(#3856,#3857,#3858,#3859,#3860,
    #3861,#3862,#3863),.UNSPECIFIED.,.F.,.F.,(8,8),(0.,1.),
  .PIECEWISE_BEZIER_KNOTS.);
#3856 = CARTESIAN_POINT('',(33.357346037698,44.255978299696,
    -32.65590887935));
#3857 = CARTESIAN_POINT('',(33.538319334459,44.453640847607,
    -32.38803241438));
#3858 = CARTESIAN_POINT('',(33.692053288191,44.662628853603,
    -32.10084798559));
#3859 = CARTESIAN_POINT('',(33.815934027677,44.879756736378,
    -31.79771969021));
#3860 = CARTESIAN_POINT('',(33.908688210642,45.101787741742,
    -31.48231213135));
#3861 = CARTESIAN_POINT('',(33.969923001684,45.325651359388,
    -31.15843802291));
#3862 = CARTESIAN_POINT('',(34.,45.548498637719,-30.83002641734));
#3863 = CARTESIAN_POINT('',(34.,45.767714727122,-30.50108667993));
#3864 = PCURVE('',#1668,#3865);
#3865 = DEFINITIONAL_REPRESENTATION('',(#3866),#3875);
#3866 = B_SPLINE_CURVE_WITH_KNOTS('',7,(#3867,#3868,#3869,#3870,#3871,
    #3872,#3873,#3874),.UNSPECIFIED.,.F.,.F.,(8,8),(0.,1.),
  .PIECEWISE_BEZIER_KNOTS.);
#3867 = CARTESIAN_POINT('',(-5.6474817297,0.642653962302));
#3868 = CARTESIAN_POINT('',(-5.653534617361,0.461680665541));
#3869 = CARTESIAN_POINT('',(-5.659992244157,0.307946711809));
#3870 = CARTESIAN_POINT('',(-5.666771366059,0.184065972323));
#3871 = CARTESIAN_POINT('',(-5.67378400714,9.131178935774E-02));
#3872 = CARTESIAN_POINT('',(-5.68094198911,3.007699831564E-02));
#3873 = CARTESIAN_POINT('',(-5.688157768577,1.96631233308E-17));
#3874 = CARTESIAN_POINT('',(-5.695344925274,0.));
#3875 = ( GEOMETRIC_REPRESENTATION_CONTEXT(2) 
PARAMETRIC_REPRESENTATION_CONTEXT() REPRESENTATION_CONTEXT('2D SPACE',''
  ) );
#3876 = PCURVE('',#1923,#3877);
#3877 = DEFINITIONAL_REPRESENTATION('',(#3878),#3887);
#3878 = B_SPLINE_CURVE_WITH_KNOTS('',7,(#3879,#3880,#3881,#3882,#3883,
    #3884,#3885,#3886),.UNSPECIFIED.,.F.,.F.,(8,8),(0.,1.),
  .PIECEWISE_BEZIER_KNOTS.);
#3879 = CARTESIAN_POINT('',(0.996061548004,1.132368597083));
#3880 = CARTESIAN_POINT('',(1.079288753342,1.313341893843));
#3881 = CARTESIAN_POINT('',(1.162466426905,1.508389555551));
#3882 = CARTESIAN_POINT('',(1.245306827654,1.715486824096));
#3883 = CARTESIAN_POINT('',(1.327665480849,1.932345780832));
#3884 = CARTESIAN_POINT('',(1.409431733981,2.156481290237));
#3885 = CARTESIAN_POINT('',(1.490515533408,2.385221226956));
#3886 = CARTESIAN_POINT('',(1.570796326795,2.61573576471));
#3887 = ( GEOMETRIC_REPRESENTATION_CONTEXT(2) 
PARAMETRIC_REPRESENTATION_CONTEXT() REPRESENTATION_CONTEXT('2D SPACE',''
  ) );
#3888 = ORIENTED_EDGE('',*,*,#3889,.F.);
#3889 = EDGE_CURVE('',#1747,#3852,#3890,.T.);
#3890 = SURFACE_CURVE('',#3891,(#3895,#3902),.PCURVE_S1.);
#3891 = LINE('',#3892,#3893);
#3892 = CARTESIAN_POINT('',(40.,44.255978299696,-32.65590887935));
#3893 = VECTOR('',#3894,1.);
#3894 = DIRECTION('',(-1.,-0.,-0.));
#3895 = PCURVE('',#1668,#3896);
#3896 = DEFINITIONAL_REPRESENTATION('',(#3897),#3901);
#3897 = LINE('',#3898,#3899);
#3898 = CARTESIAN_POINT('',(-5.6474817297,-6.));
#3899 = VECTOR('',#3900,1.);
#3900 = DIRECTION('',(-0.,1.));
#3901 = ( GEOMETRIC_REPRESENTATION_CONTEXT(2) 
PARAMETRIC_REPRESENTATION_CONTEXT() REPRESENTATION_CONTEXT('2D SPACE',''
  ) );
#3902 = PCURVE('',#1767,#3903);
#3903 = DEFINITIONAL_REPRESENTATION('',(#3904),#3908);
#3904 = LINE('',#3905,#3906);
#3905 = CARTESIAN_POINT('',(0.996061548004,0.));
#3906 = VECTOR('',#3907,1.);
#3907 = DIRECTION('',(0.,1.));
#3908 = ( GEOMETRIC_REPRESENTATION_CONTEXT(2) 
PARAMETRIC_REPRESENTATION_CONTEXT() REPRESENTATION_CONTEXT('2D SPACE',''
  ) );
#3909 = ORIENTED_EDGE('',*,*,#1779,.T.);
#3910 = ORIENTED_EDGE('',*,*,#1833,.T.);
#3911 = ORIENTED_EDGE('',*,*,#1642,.T.);
#3912 = ADVANCED_FACE('',(#3913),#1767,.F.);
#3913 = FACE_BOUND('',#3914,.F.);
#3914 = EDGE_LOOP('',(#3915,#3916,#3917,#3949));
#3915 = ORIENTED_EDGE('',*,*,#1746,.T.);
#3916 = ORIENTED_EDGE('',*,*,#3889,.T.);
#3917 = ORIENTED_EDGE('',*,*,#3918,.F.);
#3918 = EDGE_CURVE('',#1885,#3852,#3919,.T.);
#3919 = SURFACE_CURVE('',#3920,(#3925,#3937),.PCURVE_S1.);
#3920 = ELLIPSE('',#3921,5.656854249492,4.);
#3921 = AXIS2_PLACEMENT_3D('',#3922,#3923,#3924);
#3922 = CARTESIAN_POINT('',(30.,47.47459490331,-35.03088407058));
#3923 = DIRECTION('',(-0.707106781187,-0.249332380594,0.661689779268));
#3924 = DIRECTION('',(-0.707106781187,0.249332380594,-0.661689779268));
#3925 = PCURVE('',#1767,#3926);
#3926 = DEFINITIONAL_REPRESENTATION('',(#3927),#3936);
#3927 = B_SPLINE_CURVE_WITH_KNOTS('',7,(#3928,#3929,#3930,#3931,#3932,
    #3933,#3934,#3935),.UNSPECIFIED.,.F.,.F.,(8,8),(1.570796326795,
    2.566857874799),.PIECEWISE_BEZIER_KNOTS.);
#3928 = CARTESIAN_POINT('',(0.,10.));
#3929 = CARTESIAN_POINT('',(0.142294506858,9.430821972569));
#3930 = CARTESIAN_POINT('',(0.284589013716,8.861644009737));
#3931 = CARTESIAN_POINT('',(0.426883520573,8.311289048623));
#3932 = CARTESIAN_POINT('',(0.569178027432,7.798582455593));
#3933 = CARTESIAN_POINT('',(0.711472534289,7.340786671685));
#3934 = CARTESIAN_POINT('',(0.853767041147,6.952066081963));
#3935 = CARTESIAN_POINT('',(0.996061548004,6.642653962302));
#3936 = ( GEOMETRIC_REPRESENTATION_CONTEXT(2) 
PARAMETRIC_REPRESENTATION_CONTEXT() REPRESENTATION_CONTEXT('2D SPACE',''
  ) );
#3937 = PCURVE('',#1923,#3938);
#3938 = DEFINITIONAL_REPRESENTATION('',(#3939),#3948);
#3939 = B_SPLINE_CURVE_WITH_KNOTS('',7,(#3940,#3941,#3942,#3943,#3944,
    #3945,#3946,#3947),.UNSPECIFIED.,.F.,.F.,(8,8),(1.570796326795,
    2.566857874799),.PIECEWISE_BEZIER_KNOTS.);
#3940 = CARTESIAN_POINT('',(0.,-2.224977440615));
#3941 = CARTESIAN_POINT('',(0.142294506858,-1.655799413184));
#3942 = CARTESIAN_POINT('',(0.284589013716,-1.086621450353));
#3943 = CARTESIAN_POINT('',(0.426883520573,-0.53626648924));
#3944 = CARTESIAN_POINT('',(0.569178027431,-2.355989620966E-02));
#3945 = CARTESIAN_POINT('',(0.711472534289,0.434235887699));
#3946 = CARTESIAN_POINT('',(0.853767041147,0.822956477421));
#3947 = CARTESIAN_POINT('',(0.996061548004,1.132368597083));
#3948 = ( GEOMETRIC_REPRESENTATION_CONTEXT(2) 
PARAMETRIC_REPRESENTATION_CONTEXT() REPRESENTATION_CONTEXT('2D SPACE',''
  ) );
#3949 = ORIENTED_EDGE('',*,*,#1884,.F.);
#3950 = ADVANCED_FACE('',(#3951),#1979,.F.);
#3951 = FACE_BOUND('',#3952,.T.);
#3952 = EDGE_LOOP('',(#3953,#3954,#3955,#3956,#3957,#3987));
#3953 = ORIENTED_EDGE('',*,*,#2015,.T.);
#3954 = ORIENTED_EDGE('',*,*,#2178,.T.);
#3955 = ORIENTED_EDGE('',*,*,#3058,.T.);
#3956 = ORIENTED_EDGE('',*,*,#3083,.F.);
#3957 = ORIENTED_EDGE('',*,*,#3958,.F.);
#3958 = EDGE_CURVE('',#1936,#3084,#3959,.T.);
#3959 = SURFACE_CURVE('',#3960,(#3965,#3976),.PCURVE_S1.);
#3960 = ELLIPSE('',#3961,5.656854249492,4.);
#3961 = AXIS2_PLACEMENT_3D('',#3962,#3963,#3964);
#3962 = CARTESIAN_POINT('',(-30.,43.538372144782,-24.58475444218));
#3963 = DIRECTION('',(-0.707106781187,0.249332380594,-0.661689779268));
#3964 = DIRECTION('',(-0.707106781187,-0.249332380594,0.661689779268));
#3965 = PCURVE('',#1979,#3966);
#3966 = DEFINITIONAL_REPRESENTATION('',(#3967),#3975);
#3967 = B_SPLINE_CURVE_WITH_KNOTS('',6,(#3968,#3969,#3970,#3971,#3972,
    #3973,#3974),.UNSPECIFIED.,.F.,.F.,(7,7),(4.712388980385,
    5.586782297138),.PIECEWISE_BEZIER_KNOTS.);
#3968 = CARTESIAN_POINT('',(1.110223024626E-16,8.93815266783));
#3969 = CARTESIAN_POINT('',(-0.145732219459,9.521081545666));
#3970 = CARTESIAN_POINT('',(-0.291464412031,10.104008681704));
#3971 = CARTESIAN_POINT('',(-0.437196661972,10.664662166511));
#3972 = CARTESIAN_POINT('',(-0.582928903998,11.180713225214));
#3973 = CARTESIAN_POINT('',(-0.728661097294,11.632843628991));
#3974 = CARTESIAN_POINT('',(-0.874393316753,12.006770583639));
#3975 = ( GEOMETRIC_REPRESENTATION_CONTEXT(2) 
PARAMETRIC_REPRESENTATION_CONTEXT() REPRESENTATION_CONTEXT('2D SPACE',''
  ) );
#3976 = PCURVE('',#1951,#3977);
#3977 = DEFINITIONAL_REPRESENTATION('',(#3978),#3986);
#3978 = B_SPLINE_CURVE_WITH_KNOTS('',6,(#3979,#3980,#3981,#3982,#3983,
    #3984,#3985),.UNSPECIFIED.,.F.,.F.,(7,7),(4.712388980385,
    5.586782297138),.PIECEWISE_BEZIER_KNOTS.);
#3979 = CARTESIAN_POINT('',(1.665334536938E-15,64.));
#3980 = CARTESIAN_POINT('',(0.145732219459,64.582928877836));
#3981 = CARTESIAN_POINT('',(0.291464412031,65.165856013875));
#3982 = CARTESIAN_POINT('',(0.437196661972,65.726509498678));
#3983 = CARTESIAN_POINT('',(0.582928903998,66.242560557383));
#3984 = CARTESIAN_POINT('',(0.728661097294,66.694690961161));
#3985 = CARTESIAN_POINT('',(0.874393316753,67.068617915808));
#3986 = ( GEOMETRIC_REPRESENTATION_CONTEXT(2) 
PARAMETRIC_REPRESENTATION_CONTEXT() REPRESENTATION_CONTEXT('2D SPACE',''
  ) );
#3987 = ORIENTED_EDGE('',*,*,#1963,.F.);
#3988 = ADVANCED_FACE('',(#3989),#1951,.F.);
#3989 = FACE_BOUND('',#3990,.F.);
#3990 = EDGE_LOOP('',(#3991,#4022,#4023,#4024));
#3991 = ORIENTED_EDGE('',*,*,#3992,.T.);
#3992 = EDGE_CURVE('',#1908,#3122,#3993,.T.);
#3993 = SURFACE_CURVE('',#3994,(#3999,#4010),.PCURVE_S1.);
#3994 = ELLIPSE('',#3995,5.656854249492,4.);
#3995 = AXIS2_PLACEMENT_3D('',#3996,#3997,#3998);
#3996 = CARTESIAN_POINT('',(30.,43.538372144782,-24.58475444218));
#3997 = DIRECTION('',(-0.707106781187,-0.249332380594,0.661689779268));
#3998 = DIRECTION('',(-0.707106781187,0.249332380594,-0.661689779268));
#3999 = PCURVE('',#1951,#4000);
#4000 = DEFINITIONAL_REPRESENTATION('',(#4001),#4009);
#4001 = B_SPLINE_CURVE_WITH_KNOTS('',6,(#4002,#4003,#4004,#4005,#4006,
    #4007,#4008),.UNSPECIFIED.,.F.,.F.,(7,7),(1.570796326795,
    2.445189643548),.PIECEWISE_BEZIER_KNOTS.);
#4002 = CARTESIAN_POINT('',(1.831867990632E-15,4.));
#4003 = CARTESIAN_POINT('',(0.145732219459,3.417071122164));
#4004 = CARTESIAN_POINT('',(0.291464412031,2.834143986126));
#4005 = CARTESIAN_POINT('',(0.437196661972,2.273490501319));
#4006 = CARTESIAN_POINT('',(0.582928903998,1.757439442616));
#4007 = CARTESIAN_POINT('',(0.728661097294,1.305309038839));
#4008 = CARTESIAN_POINT('',(0.874393316753,0.931382084192));
#4009 = ( GEOMETRIC_REPRESENTATION_CONTEXT(2) 
PARAMETRIC_REPRESENTATION_CONTEXT() REPRESENTATION_CONTEXT('2D SPACE',''
  ) );
#4010 = PCURVE('',#1923,#4011);
#4011 = DEFINITIONAL_REPRESENTATION('',(#4012),#4021);
#4012 = B_SPLINE_CURVE_WITH_KNOTS('',7,(#4013,#4014,#4015,#4016,#4017,
    #4018,#4019,#4020),.UNSPECIFIED.,.F.,.F.,(8,8),(1.570796326795,
    2.445189643548),.PIECEWISE_BEZIER_KNOTS.);
#4013 = CARTESIAN_POINT('',(0.,8.93815266783));
#4014 = CARTESIAN_POINT('',(0.124913330965,9.437805991689));
#4015 = CARTESIAN_POINT('',(0.24982666193,9.937459295343));
#4016 = CARTESIAN_POINT('',(0.374739992894,10.424378846427));
#4017 = CARTESIAN_POINT('',(0.499653323859,10.885830153429));
#4018 = CARTESIAN_POINT('',(0.624566654824,11.309892119444));
#4019 = CARTESIAN_POINT('',(0.749479985789,11.686261765369));
#4020 = CARTESIAN_POINT('',(0.874393316753,12.006770583639));
#4021 = ( GEOMETRIC_REPRESENTATION_CONTEXT(2) 
PARAMETRIC_REPRESENTATION_CONTEXT() REPRESENTATION_CONTEXT('2D SPACE',''
  ) );
#4022 = ORIENTED_EDGE('',*,*,#3121,.T.);
#4023 = ORIENTED_EDGE('',*,*,#3958,.F.);
#4024 = ORIENTED_EDGE('',*,*,#1935,.F.);
#4025 = ADVANCED_FACE('',(#4026),#1923,.F.);
#4026 = FACE_BOUND('',#4027,.F.);
#4027 = EDGE_LOOP('',(#4028,#4029,#4030,#4031,#4032,#4033));
#4028 = ORIENTED_EDGE('',*,*,#3992,.F.);
#4029 = ORIENTED_EDGE('',*,*,#1907,.F.);
#4030 = ORIENTED_EDGE('',*,*,#3918,.T.);
#4031 = ORIENTED_EDGE('',*,*,#3851,.T.);
#4032 = ORIENTED_EDGE('',*,*,#3774,.T.);
#4033 = ORIENTED_EDGE('',*,*,#3144,.F.);
#4034 = ADVANCED_FACE('',(#4035,#4038,#4069,#4100,#4135,#4166,#4197,
    #4228),#2139,.F.);
#4035 = FACE_BOUND('',#4036,.F.);
#4036 = EDGE_LOOP('',(#4037));
#4037 = ORIENTED_EDGE('',*,*,#2124,.T.);
#4038 = FACE_BOUND('',#4039,.F.);
#4039 = EDGE_LOOP('',(#4040));
#4040 = ORIENTED_EDGE('',*,*,#4041,.F.);
#4041 = EDGE_CURVE('',#4042,#4042,#4044,.T.);
#4042 = VERTEX_POINT('',#4043);
#4043 = CARTESIAN_POINT('',(-46.,39.773066958946,-21.));
#4044 = SURFACE_CURVE('',#4045,(#4050,#4057),.PCURVE_S1.);
#4045 = CIRCLE('',#4046,3.4);
#4046 = AXIS2_PLACEMENT_3D('',#4047,#4048,#4049);
#4047 = CARTESIAN_POINT('',(-46.,36.373066958946,-21.));
#4048 = DIRECTION('',(1.,0.,0.));
#4049 = DIRECTION('',(0.,1.,0.));
#4050 = PCURVE('',#2139,#4051);
#4051 = DEFINITIONAL_REPRESENTATION('',(#4052),#4056);
#4052 = CIRCLE('',#4053,3.4);
#4053 = AXIS2_PLACEMENT_2D('',#4054,#4055);
#4054 = CARTESIAN_POINT('',(-21.,-36.37306695894));
#4055 = DIRECTION('',(0.,-1.));
#4056 = ( GEOMETRIC_REPRESENTATION_CONTEXT(2) 
PARAMETRIC_REPRESENTATION_CONTEXT() REPRESENTATION_CONTEXT('2D SPACE',''
  ) );
#4057 = PCURVE('',#4058,#4063);
#4058 = CYLINDRICAL_SURFACE('',#4059,3.4);
#4059 = AXIS2_PLACEMENT_3D('',#4060,#4061,#4062);
#4060 = CARTESIAN_POINT('',(-46.,36.373066958946,-21.));
#4061 = DIRECTION('',(-1.,-0.,-0.));
#4062 = DIRECTION('',(0.,1.,0.));
#4063 = DEFINITIONAL_REPRESENTATION('',(#4064),#4068);
#4064 = LINE('',#4065,#4066);
#4065 = CARTESIAN_POINT('',(-0.,0.));
#4066 = VECTOR('',#4067,1.);
#4067 = DIRECTION('',(-1.,0.));
#4068 = ( GEOMETRIC_REPRESENTATION_CONTEXT(2) 
PARAMETRIC_REPRESENTATION_CONTEXT() REPRESENTATION_CONTEXT('2D SPACE',''
  ) );
#4069 = FACE_BOUND('',#4070,.F.);
#4070 = EDGE_LOOP('',(#4071));
#4071 = ORIENTED_EDGE('',*,*,#4072,.F.);
#4072 = EDGE_CURVE('',#4073,#4073,#4075,.T.);
#4073 = VERTEX_POINT('',#4074);
#4074 = CARTESIAN_POINT('',(-46.,39.773066958946,21.));
#4075 = SURFACE_CURVE('',#4076,(#4081,#4088),.PCURVE_S1.);
#4076 = CIRCLE('',#4077,3.4);
#4077 = AXIS2_PLACEMENT_3D('',#4078,#4079,#4080);
#4078 = CARTESIAN_POINT('',(-46.,36.373066958946,21.));
#4079 = DIRECTION('',(1.,0.,0.));
#4080 = DIRECTION('',(0.,1.,0.));
#4081 = PCURVE('',#2139,#4082);
#4082 = DEFINITIONAL_REPRESENTATION('',(#4083),#4087);
#4083 = CIRCLE('',#4084,3.4);
#4084 = AXIS2_PLACEMENT_2D('',#4085,#4086);
#4085 = CARTESIAN_POINT('',(21.,-36.37306695894));
#4086 = DIRECTION('',(0.,-1.));
#4087 = ( GEOMETRIC_REPRESENTATION_CONTEXT(2) 
PARAMETRIC_REPRESENTATION_CONTEXT() REPRESENTATION_CONTEXT('2D SPACE',''
  ) );
#4088 = PCURVE('',#4089,#4094);
#4089 = CYLINDRICAL_SURFACE('',#4090,3.4);
#4090 = AXIS2_PLACEMENT_3D('',#4091,#4092,#4093);
#4091 = CARTESIAN_POINT('',(-46.,36.373066958946,21.));
#4092 = DIRECTION('',(-1.,-0.,-0.));
#4093 = DIRECTION('',(0.,1.,0.));
#4094 = DEFINITIONAL_REPRESENTATION('',(#4095),#4099);
#4095 = LINE('',#4096,#4097);
#4096 = CARTESIAN_POINT('',(-0.,0.));
#4097 = VECTOR('',#4098,1.);
#4098 = DIRECTION('',(-1.,0.));
#4099 = ( GEOMETRIC_REPRESENTATION_CONTEXT(2) 
PARAMETRIC_REPRESENTATION_CONTEXT() REPRESENTATION_CONTEXT('2D SPACE',''
  ) );
#4100 = FACE_BOUND('',#4101,.F.);
#4101 = EDGE_LOOP('',(#4102));
#4102 = ORIENTED_EDGE('',*,*,#4103,.T.);
#4103 = EDGE_CURVE('',#4104,#4104,#4106,.T.);
#4104 = VERTEX_POINT('',#4105);
#4105 = CARTESIAN_POINT('',(-46.,31.,0.));
#4106 = SURFACE_CURVE('',#4107,(#4112,#4123),.PCURVE_S1.);
#4107 = CIRCLE('',#4108,31.);
#4108 = AXIS2_PLACEMENT_3D('',#4109,#4110,#4111);
#4109 = CARTESIAN_POINT('',(-46.,0.,0.));
#4110 = DIRECTION('',(-1.,0.,0.));
#4111 = DIRECTION('',(0.,1.,0.));
#4112 = PCURVE('',#2139,#4113);
#4113 = DEFINITIONAL_REPRESENTATION('',(#4114),#4122);
#4114 = ( BOUNDED_CURVE() B_SPLINE_CURVE(2,(#4115,#4116,#4117,#4118,
#4119,#4120,#4121),.UNSPECIFIED.,.T.,.F.) B_SPLINE_CURVE_WITH_KNOTS((1,2
    ,2,2,2,1),(-2.094395102393,0.,2.094395102393,4.188790204786,
6.28318530718,8.377580409573),.UNSPECIFIED.) CURVE() 
GEOMETRIC_REPRESENTATION_ITEM() RATIONAL_B_SPLINE_CURVE((1.,0.5,1.,0.5,
1.,0.5,1.)) REPRESENTATION_ITEM('') );
#4115 = CARTESIAN_POINT('',(-9.372203282004E-16,-31.));
#4116 = CARTESIAN_POINT('',(-53.69357503463,-31.));
#4117 = CARTESIAN_POINT('',(-26.84678751731,15.5));
#4118 = CARTESIAN_POINT('',(-8.530030482914E-15,62.));
#4119 = CARTESIAN_POINT('',(26.846787517318,15.5));
#4120 = CARTESIAN_POINT('',(53.693575034635,-31.));
#4121 = CARTESIAN_POINT('',(-9.372203282004E-16,-31.));
#4122 = ( GEOMETRIC_REPRESENTATION_CONTEXT(2) 
PARAMETRIC_REPRESENTATION_CONTEXT() REPRESENTATION_CONTEXT('2D SPACE',''
  ) );
#4123 = PCURVE('',#4124,#4129);
#4124 = CYLINDRICAL_SURFACE('',#4125,31.);
#4125 = AXIS2_PLACEMENT_3D('',#4126,#4127,#4128);
#4126 = CARTESIAN_POINT('',(-47.,0.,0.));
#4127 = DIRECTION('',(-1.,-0.,-0.));
#4128 = DIRECTION('',(0.,1.,0.));
#4129 = DEFINITIONAL_REPRESENTATION('',(#4130),#4134);
#4130 = LINE('',#4131,#4132);
#4131 = CARTESIAN_POINT('',(-6.28318530718,-1.));
#4132 = VECTOR('',#4133,1.);
#4133 = DIRECTION('',(1.,-0.));
#4134 = ( GEOMETRIC_REPRESENTATION_CONTEXT(2) 
PARAMETRIC_REPRESENTATION_CONTEXT() REPRESENTATION_CONTEXT('2D SPACE',''
  ) );
#4135 = FACE_BOUND('',#4136,.F.);
#4136 = EDGE_LOOP('',(#4137));
#4137 = ORIENTED_EDGE('',*,*,#4138,.F.);
#4138 = EDGE_CURVE('',#4139,#4139,#4141,.T.);
#4139 = VERTEX_POINT('',#4140);
#4140 = CARTESIAN_POINT('',(-46.,3.4,42.));
#4141 = SURFACE_CURVE('',#4142,(#4147,#4154),.PCURVE_S1.);
#4142 = CIRCLE('',#4143,3.4);
#4143 = AXIS2_PLACEMENT_3D('',#4144,#4145,#4146);
#4144 = CARTESIAN_POINT('',(-46.,2.571758278209E-15,42.));
#4145 = DIRECTION('',(1.,0.,0.));
#4146 = DIRECTION('',(0.,1.,0.));
#4147 = PCURVE('',#2139,#4148);
#4148 = DEFINITIONAL_REPRESENTATION('',(#4149),#4153);
#4149 = CIRCLE('',#4150,3.4);
#4150 = AXIS2_PLACEMENT_2D('',#4151,#4152);
#4151 = CARTESIAN_POINT('',(42.,-5.754164404847E-15));
#4152 = DIRECTION('',(0.,-1.));
#4153 = ( GEOMETRIC_REPRESENTATION_CONTEXT(2) 
PARAMETRIC_REPRESENTATION_CONTEXT() REPRESENTATION_CONTEXT('2D SPACE',''
  ) );
#4154 = PCURVE('',#4155,#4160);
#4155 = CYLINDRICAL_SURFACE('',#4156,3.4);
#4156 = AXIS2_PLACEMENT_3D('',#4157,#4158,#4159);
#4157 = CARTESIAN_POINT('',(-46.,2.571758278209E-15,42.));
#4158 = DIRECTION('',(-1.,-0.,-0.));
#4159 = DIRECTION('',(0.,1.,0.));
#4160 = DEFINITIONAL_REPRESENTATION('',(#4161),#4165);
#4161 = LINE('',#4162,#4163);
#4162 = CARTESIAN_POINT('',(-0.,0.));
#4163 = VECTOR('',#4164,1.);
#4164 = DIRECTION('',(-1.,0.));
#4165 = ( GEOMETRIC_REPRESENTATION_CONTEXT(2) 
PARAMETRIC_REPRESENTATION_CONTEXT() REPRESENTATION_CONTEXT('2D SPACE',''
  ) );
#4166 = FACE_BOUND('',#4167,.F.);
#4167 = EDGE_LOOP('',(#4168));
#4168 = ORIENTED_EDGE('',*,*,#4169,.F.);
#4169 = EDGE_CURVE('',#4170,#4170,#4172,.T.);
#4170 = VERTEX_POINT('',#4171);
#4171 = CARTESIAN_POINT('',(-46.,3.4,-42.));
#4172 = SURFACE_CURVE('',#4173,(#4178,#4185),.PCURVE_S1.);
#4173 = CIRCLE('',#4174,3.4);
#4174 = AXIS2_PLACEMENT_3D('',#4175,#4176,#4177);
#4175 = CARTESIAN_POINT('',(-46.,-7.715274834628E-15,-42.));
#4176 = DIRECTION('',(1.,0.,0.));
#4177 = DIRECTION('',(0.,1.,0.));
#4178 = PCURVE('',#2139,#4179);
#4179 = DEFINITIONAL_REPRESENTATION('',(#4180),#4184);
#4180 = CIRCLE('',#4181,3.4);
#4181 = AXIS2_PLACEMENT_2D('',#4182,#4183);
#4182 = CARTESIAN_POINT('',(-42.,4.532868707991E-15));
#4183 = DIRECTION('',(0.,-1.));
#4184 = ( GEOMETRIC_REPRESENTATION_CONTEXT(2) 
PARAMETRIC_REPRESENTATION_CONTEXT() REPRESENTATION_CONTEXT('2D SPACE',''
  ) );
#4185 = PCURVE('',#4186,#4191);
#4186 = CYLINDRICAL_SURFACE('',#4187,3.4);
#4187 = AXIS2_PLACEMENT_3D('',#4188,#4189,#4190);
#4188 = CARTESIAN_POINT('',(-46.,-7.715274834628E-15,-42.));
#4189 = DIRECTION('',(-1.,-0.,-0.));
#4190 = DIRECTION('',(0.,1.,0.));
#4191 = DEFINITIONAL_REPRESENTATION('',(#4192),#4196);
#4192 = LINE('',#4193,#4194);
#4193 = CARTESIAN_POINT('',(-0.,0.));
#4194 = VECTOR('',#4195,1.);
#4195 = DIRECTION('',(-1.,0.));
#4196 = ( GEOMETRIC_REPRESENTATION_CONTEXT(2) 
PARAMETRIC_REPRESENTATION_CONTEXT() REPRESENTATION_CONTEXT('2D SPACE',''
  ) );
#4197 = FACE_BOUND('',#4198,.F.);
#4198 = EDGE_LOOP('',(#4199));
#4199 = ORIENTED_EDGE('',*,*,#4200,.F.);
#4200 = EDGE_CURVE('',#4201,#4201,#4203,.T.);
#4201 = VERTEX_POINT('',#4202);
#4202 = CARTESIAN_POINT('',(-46.,-32.97306695894,-21.));
#4203 = SURFACE_CURVE('',#4204,(#4209,#4216),.PCURVE_S1.);
#4204 = CIRCLE('',#4205,3.4);
#4205 = AXIS2_PLACEMENT_3D('',#4206,#4207,#4208);
#4206 = CARTESIAN_POINT('',(-46.,-36.37306695894,-21.));
#4207 = DIRECTION('',(1.,0.,0.));
#4208 = DIRECTION('',(0.,1.,0.));
#4209 = PCURVE('',#2139,#4210);
#4210 = DEFINITIONAL_REPRESENTATION('',(#4211),#4215);
#4211 = CIRCLE('',#4212,3.4);
#4212 = AXIS2_PLACEMENT_2D('',#4213,#4214);
#4213 = CARTESIAN_POINT('',(-21.,36.373066958946));
#4214 = DIRECTION('',(0.,-1.));
#4215 = ( GEOMETRIC_REPRESENTATION_CONTEXT(2) 
PARAMETRIC_REPRESENTATION_CONTEXT() REPRESENTATION_CONTEXT('2D SPACE',''
  ) );
#4216 = PCURVE('',#4217,#4222);
#4217 = CYLINDRICAL_SURFACE('',#4218,3.4);
#4218 = AXIS2_PLACEMENT_3D('',#4219,#4220,#4221);
#4219 = CARTESIAN_POINT('',(-46.,-36.37306695894,-21.));
#4220 = DIRECTION('',(-1.,-0.,-0.));
#4221 = DIRECTION('',(0.,1.,0.));
#4222 = DEFINITIONAL_REPRESENTATION('',(#4223),#4227);
#4223 = LINE('',#4224,#4225);
#4224 = CARTESIAN_POINT('',(-0.,0.));
#4225 = VECTOR('',#4226,1.);
#4226 = DIRECTION('',(-1.,0.));
#4227 = ( GEOMETRIC_REPRESENTATION_CONTEXT(2) 
PARAMETRIC_REPRESENTATION_CONTEXT() REPRESENTATION_CONTEXT('2D SPACE',''
  ) );
#4228 = FACE_BOUND('',#4229,.F.);
#4229 = EDGE_LOOP('',(#4230));
#4230 = ORIENTED_EDGE('',*,*,#4231,.F.);
#4231 = EDGE_CURVE('',#4232,#4232,#4234,.T.);
#4232 = VERTEX_POINT('',#4233);
#4233 = CARTESIAN_POINT('',(-46.,-32.97306695894,21.));
#4234 = SURFACE_CURVE('',#4235,(#4240,#4247),.PCURVE_S1.);
#4235 = CIRCLE('',#4236,3.4);
#4236 = AXIS2_PLACEMENT_3D('',#4237,#4238,#4239);
#4237 = CARTESIAN_POINT('',(-46.,-36.37306695894,21.));
#4238 = DIRECTION('',(1.,0.,0.));
#4239 = DIRECTION('',(0.,1.,0.));
#4240 = PCURVE('',#2139,#4241);
#4241 = DEFINITIONAL_REPRESENTATION('',(#4242),#4246);
#4242 = CIRCLE('',#4243,3.4);
#4243 = AXIS2_PLACEMENT_2D('',#4244,#4245);
#4244 = CARTESIAN_POINT('',(21.,36.373066958946));
#4245 = DIRECTION('',(0.,-1.));
#4246 = ( GEOMETRIC_REPRESENTATION_CONTEXT(2) 
PARAMETRIC_REPRESENTATION_CONTEXT() REPRESENTATION_CONTEXT('2D SPACE',''
  ) );
#4247 = PCURVE('',#4248,#4253);
#4248 = CYLINDRICAL_SURFACE('',#4249,3.4);
#4249 = AXIS2_PLACEMENT_3D('',#4250,#4251,#4252);
#4250 = CARTESIAN_POINT('',(-46.,-36.37306695894,21.));
#4251 = DIRECTION('',(-1.,-0.,-0.));
#4252 = DIRECTION('',(0.,1.,0.));
#4253 = DEFINITIONAL_REPRESENTATION('',(#4254),#4258);
#4254 = LINE('',#4255,#4256);
#4255 = CARTESIAN_POINT('',(-0.,0.));
#4256 = VECTOR('',#4257,1.);
#4257 = DIRECTION('',(-1.,0.));
#4258 = ( GEOMETRIC_REPRESENTATION_CONTEXT(2) 
PARAMETRIC_REPRESENTATION_CONTEXT() REPRESENTATION_CONTEXT('2D SPACE',''
  ) );
#4259 = ADVANCED_FACE('',(#4260,#4263),#2261,.T.);
#4260 = FACE_BOUND('',#4261,.T.);
#4261 = EDGE_LOOP('',(#4262));
#4262 = ORIENTED_EDGE('',*,*,#2244,.T.);
#4263 = FACE_BOUND('',#4264,.T.);
#4264 = EDGE_LOOP('',(#4265));
#4265 = ORIENTED_EDGE('',*,*,#4266,.T.);
#4266 = EDGE_CURVE('',#4267,#4267,#4269,.T.);
#4267 = VERTEX_POINT('',#4268);
#4268 = CARTESIAN_POINT('',(-33.,-68.,-70.));
#4269 = SURFACE_CURVE('',#4270,(#4275,#4286),.PCURVE_S1.);
#4270 = CIRCLE('',#4271,7.);
#4271 = AXIS2_PLACEMENT_3D('',#4272,#4273,#4274);
#4272 = CARTESIAN_POINT('',(-40.,-68.,-70.));
#4273 = DIRECTION('',(0.,0.,-1.));
#4274 = DIRECTION('',(1.,0.,0.));
#4275 = PCURVE('',#2261,#4276);
#4276 = DEFINITIONAL_REPRESENTATION('',(#4277),#4285);
#4277 = ( BOUNDED_CURVE() B_SPLINE_CURVE(2,(#4278,#4279,#4280,#4281,
#4282,#4283,#4284),.UNSPECIFIED.,.T.,.F.) B_SPLINE_CURVE_WITH_KNOTS((1,2
    ,2,2,2,1),(-2.094395102393,0.,2.094395102393,4.188790204786,
6.28318530718,8.377580409573),.UNSPECIFIED.) CURVE() 
GEOMETRIC_REPRESENTATION_ITEM() RATIONAL_B_SPLINE_CURVE((1.,0.5,1.,0.5,
1.,0.5,1.)) REPRESENTATION_ITEM('') );
#4278 = CARTESIAN_POINT('',(7.,0.));
#4279 = CARTESIAN_POINT('',(7.,-12.12435565298));
#4280 = CARTESIAN_POINT('',(-3.5,-6.062177826491));
#4281 = CARTESIAN_POINT('',(-14.,-1.714505518806E-15));
#4282 = CARTESIAN_POINT('',(-3.5,6.062177826491));
#4283 = CARTESIAN_POINT('',(7.,12.124355652982));
#4284 = CARTESIAN_POINT('',(7.,0.));
#4285 = ( GEOMETRIC_REPRESENTATION_CONTEXT(2) 
PARAMETRIC_REPRESENTATION_CONTEXT() REPRESENTATION_CONTEXT('2D SPACE',''
  ) );
#4286 = PCURVE('',#4287,#4292);
#4287 = CYLINDRICAL_SURFACE('',#4288,7.);
#4288 = AXIS2_PLACEMENT_3D('',#4289,#4290,#4291);
#4289 = CARTESIAN_POINT('',(-40.,-68.,-86.));
#4290 = DIRECTION('',(-0.,-0.,-1.));
#4291 = DIRECTION('',(1.,0.,0.));
#4292 = DEFINITIONAL_REPRESENTATION('',(#4293),#4297);
#4293 = LINE('',#4294,#4295);
#4294 = CARTESIAN_POINT('',(-6.28318530718,-16.));
#4295 = VECTOR('',#4296,1.);
#4296 = DIRECTION('',(1.,-0.));
#4297 = ( GEOMETRIC_REPRESENTATION_CONTEXT(2) 
PARAMETRIC_REPRESENTATION_CONTEXT() REPRESENTATION_CONTEXT('2D SPACE',''
  ) );
#4298 = ADVANCED_FACE('',(#4299),#2373,.F.);
#4299 = FACE_BOUND('',#4300,.F.);
#4300 = EDGE_LOOP('',(#4301,#4302,#4325,#4353));
#4301 = ORIENTED_EDGE('',*,*,#2355,.F.);
#4302 = ORIENTED_EDGE('',*,*,#4303,.F.);
#4303 = EDGE_CURVE('',#4304,#2356,#4306,.T.);
#4304 = VERTEX_POINT('',#4305);
#4305 = CARTESIAN_POINT('',(-60.,-75.,-85.));
#4306 = SURFACE_CURVE('',#4307,(#4311,#4318),.PCURVE_S1.);
#4307 = LINE('',#4308,#4309);
#4308 = CARTESIAN_POINT('',(-60.,-75.,-85.));
#4309 = VECTOR('',#4310,1.);
#4310 = DIRECTION('',(0.,0.,1.));
#4311 = PCURVE('',#2373,#4312);
#4312 = DEFINITIONAL_REPRESENTATION('',(#4313),#4317);
#4313 = LINE('',#4314,#4315);
#4314 = CARTESIAN_POINT('',(0.,-10.));
#4315 = VECTOR('',#4316,1.);
#4316 = DIRECTION('',(1.,0.));
#4317 = ( GEOMETRIC_REPRESENTATION_CONTEXT(2) 
PARAMETRIC_REPRESENTATION_CONTEXT() REPRESENTATION_CONTEXT('2D SPACE',''
  ) );
#4318 = PCURVE('',#2402,#4319);
#4319 = DEFINITIONAL_REPRESENTATION('',(#4320),#4324);
#4320 = LINE('',#4321,#4322);
#4321 = CARTESIAN_POINT('',(0.,0.));
#4322 = VECTOR('',#4323,1.);
#4323 = DIRECTION('',(0.,1.));
#4324 = ( GEOMETRIC_REPRESENTATION_CONTEXT(2) 
PARAMETRIC_REPRESENTATION_CONTEXT() REPRESENTATION_CONTEXT('2D SPACE',''
  ) );
#4325 = ORIENTED_EDGE('',*,*,#4326,.T.);
#4326 = EDGE_CURVE('',#4304,#4327,#4329,.T.);
#4327 = VERTEX_POINT('',#4328);
#4328 = CARTESIAN_POINT('',(-60.,75.,-85.));
#4329 = SURFACE_CURVE('',#4330,(#4334,#4341),.PCURVE_S1.);
#4330 = LINE('',#4331,#4332);
#4331 = CARTESIAN_POINT('',(-60.,-85.,-85.));
#4332 = VECTOR('',#4333,1.);
#4333 = DIRECTION('',(0.,1.,0.));
#4334 = PCURVE('',#2373,#4335);
#4335 = DEFINITIONAL_REPRESENTATION('',(#4336),#4340);
#4336 = LINE('',#4337,#4338);
#4337 = CARTESIAN_POINT('',(0.,0.));
#4338 = VECTOR('',#4339,1.);
#4339 = DIRECTION('',(0.,-1.));
#4340 = ( GEOMETRIC_REPRESENTATION_CONTEXT(2) 
PARAMETRIC_REPRESENTATION_CONTEXT() REPRESENTATION_CONTEXT('2D SPACE',''
  ) );
#4341 = PCURVE('',#4342,#4347);
#4342 = PLANE('',#4343);
#4343 = AXIS2_PLACEMENT_3D('',#4344,#4345,#4346);
#4344 = CARTESIAN_POINT('',(-60.,-85.,-85.));
#4345 = DIRECTION('',(0.,0.,1.));
#4346 = DIRECTION('',(1.,0.,0.));
#4347 = DEFINITIONAL_REPRESENTATION('',(#4348),#4352);
#4348 = LINE('',#4349,#4350);
#4349 = CARTESIAN_POINT('',(0.,0.));
#4350 = VECTOR('',#4351,1.);
#4351 = DIRECTION('',(0.,1.));
#4352 = ( GEOMETRIC_REPRESENTATION_CONTEXT(2) 
PARAMETRIC_REPRESENTATION_CONTEXT() REPRESENTATION_CONTEXT('2D SPACE',''
  ) );
#4353 = ORIENTED_EDGE('',*,*,#4354,.T.);
#4354 = EDGE_CURVE('',#4327,#2358,#4355,.T.);
#4355 = SURFACE_CURVE('',#4356,(#4360,#4367),.PCURVE_S1.);
#4356 = LINE('',#4357,#4358);
#4357 = CARTESIAN_POINT('',(-60.,75.,-85.));
#4358 = VECTOR('',#4359,1.);
#4359 = DIRECTION('',(0.,0.,1.));
#4360 = PCURVE('',#2373,#4361);
#4361 = DEFINITIONAL_REPRESENTATION('',(#4362),#4366);
#4362 = LINE('',#4363,#4364);
#4363 = CARTESIAN_POINT('',(0.,-160.));
#4364 = VECTOR('',#4365,1.);
#4365 = DIRECTION('',(1.,0.));
#4366 = ( GEOMETRIC_REPRESENTATION_CONTEXT(2) 
PARAMETRIC_REPRESENTATION_CONTEXT() REPRESENTATION_CONTEXT('2D SPACE',''
  ) );
#4367 = PCURVE('',#2579,#4368);
#4368 = DEFINITIONAL_REPRESENTATION('',(#4369),#4373);
#4369 = LINE('',#4370,#4371);
#4370 = CARTESIAN_POINT('',(-0.,0.));
#4371 = VECTOR('',#4372,1.);
#4372 = DIRECTION('',(-0.,1.));
#4373 = ( GEOMETRIC_REPRESENTATION_CONTEXT(2) 
PARAMETRIC_REPRESENTATION_CONTEXT() REPRESENTATION_CONTEXT('2D SPACE',''
  ) );
#4374 = ADVANCED_FACE('',(#4375),#2402,.T.);
#4375 = FACE_BOUND('',#4376,.T.);
#4376 = EDGE_LOOP('',(#4377,#4401,#4422,#4423));
#4377 = ORIENTED_EDGE('',*,*,#4378,.T.);
#4378 = EDGE_CURVE('',#4304,#4379,#4381,.T.);
#4379 = VERTEX_POINT('',#4380);
#4380 = CARTESIAN_POINT('',(-50.,-85.,-85.));
#4381 = SURFACE_CURVE('',#4382,(#4387,#4394),.PCURVE_S1.);
#4382 = CIRCLE('',#4383,10.);
#4383 = AXIS2_PLACEMENT_3D('',#4384,#4385,#4386);
#4384 = CARTESIAN_POINT('',(-50.,-75.,-85.));
#4385 = DIRECTION('',(0.,0.,1.));
#4386 = DIRECTION('',(0.,-1.,0.));
#4387 = PCURVE('',#2402,#4388);
#4388 = DEFINITIONAL_REPRESENTATION('',(#4389),#4393);
#4389 = LINE('',#4390,#4391);
#4390 = CARTESIAN_POINT('',(-4.712388980385,0.));
#4391 = VECTOR('',#4392,1.);
#4392 = DIRECTION('',(1.,0.));
#4393 = ( GEOMETRIC_REPRESENTATION_CONTEXT(2) 
PARAMETRIC_REPRESENTATION_CONTEXT() REPRESENTATION_CONTEXT('2D SPACE',''
  ) );
#4394 = PCURVE('',#4342,#4395);
#4395 = DEFINITIONAL_REPRESENTATION('',(#4396),#4400);
#4396 = CIRCLE('',#4397,10.);
#4397 = AXIS2_PLACEMENT_2D('',#4398,#4399);
#4398 = CARTESIAN_POINT('',(10.,10.));
#4399 = DIRECTION('',(0.,-1.));
#4400 = ( GEOMETRIC_REPRESENTATION_CONTEXT(2) 
PARAMETRIC_REPRESENTATION_CONTEXT() REPRESENTATION_CONTEXT('2D SPACE',''
  ) );
#4401 = ORIENTED_EDGE('',*,*,#4402,.T.);
#4402 = EDGE_CURVE('',#4379,#2386,#4403,.T.);
#4403 = SURFACE_CURVE('',#4404,(#4408,#4415),.PCURVE_S1.);
#4404 = LINE('',#4405,#4406);
#4405 = CARTESIAN_POINT('',(-50.,-85.,-85.));
#4406 = VECTOR('',#4407,1.);
#4407 = DIRECTION('',(0.,0.,1.));
#4408 = PCURVE('',#2402,#4409);
#4409 = DEFINITIONAL_REPRESENTATION('',(#4410),#4414);
#4410 = LINE('',#4411,#4412);
#4411 = CARTESIAN_POINT('',(1.570796326795,0.));
#4412 = VECTOR('',#4413,1.);
#4413 = DIRECTION('',(0.,1.));
#4414 = ( GEOMETRIC_REPRESENTATION_CONTEXT(2) 
PARAMETRIC_REPRESENTATION_CONTEXT() REPRESENTATION_CONTEXT('2D SPACE',''
  ) );
#4415 = PCURVE('',#2430,#4416);
#4416 = DEFINITIONAL_REPRESENTATION('',(#4417),#4421);
#4417 = LINE('',#4418,#4419);
#4418 = CARTESIAN_POINT('',(0.,10.));
#4419 = VECTOR('',#4420,1.);
#4420 = DIRECTION('',(1.,0.));
#4421 = ( GEOMETRIC_REPRESENTATION_CONTEXT(2) 
PARAMETRIC_REPRESENTATION_CONTEXT() REPRESENTATION_CONTEXT('2D SPACE',''
  ) );
#4422 = ORIENTED_EDGE('',*,*,#2385,.F.);
#4423 = ORIENTED_EDGE('',*,*,#4303,.F.);
#4424 = ADVANCED_FACE('',(#4425),#2579,.T.);
#4425 = FACE_BOUND('',#4426,.F.);
#4426 = EDGE_LOOP('',(#4427,#4455,#4476,#4477));
#4427 = ORIENTED_EDGE('',*,*,#4428,.T.);
#4428 = EDGE_CURVE('',#4327,#4429,#4431,.T.);
#4429 = VERTEX_POINT('',#4430);
#4430 = CARTESIAN_POINT('',(-50.,85.,-85.));
#4431 = SURFACE_CURVE('',#4432,(#4437,#4444),.PCURVE_S1.);
#4432 = CIRCLE('',#4433,10.);
#4433 = AXIS2_PLACEMENT_3D('',#4434,#4435,#4436);
#4434 = CARTESIAN_POINT('',(-50.,75.,-85.));
#4435 = DIRECTION('',(-0.,-0.,-1.));
#4436 = DIRECTION('',(0.,-1.,0.));
#4437 = PCURVE('',#2579,#4438);
#4438 = DEFINITIONAL_REPRESENTATION('',(#4439),#4443);
#4439 = LINE('',#4440,#4441);
#4440 = CARTESIAN_POINT('',(1.570796326795,-0.));
#4441 = VECTOR('',#4442,1.);
#4442 = DIRECTION('',(-1.,0.));
#4443 = ( GEOMETRIC_REPRESENTATION_CONTEXT(2) 
PARAMETRIC_REPRESENTATION_CONTEXT() REPRESENTATION_CONTEXT('2D SPACE',''
  ) );
#4444 = PCURVE('',#4342,#4445);
#4445 = DEFINITIONAL_REPRESENTATION('',(#4446),#4454);
#4446 = ( BOUNDED_CURVE() B_SPLINE_CURVE(2,(#4447,#4448,#4449,#4450,
#4451,#4452,#4453),.UNSPECIFIED.,.T.,.F.) B_SPLINE_CURVE_WITH_KNOTS((1,2
    ,2,2,2,1),(-2.094395102393,0.,2.094395102393,4.188790204786,
6.28318530718,8.377580409573),.UNSPECIFIED.) CURVE() 
GEOMETRIC_REPRESENTATION_ITEM() RATIONAL_B_SPLINE_CURVE((1.,0.5,1.,0.5,
1.,0.5,1.)) REPRESENTATION_ITEM('') );
#4447 = CARTESIAN_POINT('',(10.,150.));
#4448 = CARTESIAN_POINT('',(-7.320508075689,150.));
#4449 = CARTESIAN_POINT('',(1.339745962156,165.));
#4450 = CARTESIAN_POINT('',(10.,180.));
#4451 = CARTESIAN_POINT('',(18.660254037844,165.));
#4452 = CARTESIAN_POINT('',(27.320508075689,150.));
#4453 = CARTESIAN_POINT('',(10.,150.));
#4454 = ( GEOMETRIC_REPRESENTATION_CONTEXT(2) 
PARAMETRIC_REPRESENTATION_CONTEXT() REPRESENTATION_CONTEXT('2D SPACE',''
  ) );
#4455 = ORIENTED_EDGE('',*,*,#4456,.T.);
#4456 = EDGE_CURVE('',#4429,#2533,#4457,.T.);
#4457 = SURFACE_CURVE('',#4458,(#4462,#4469),.PCURVE_S1.);
#4458 = LINE('',#4459,#4460);
#4459 = CARTESIAN_POINT('',(-50.,85.,-85.));
#4460 = VECTOR('',#4461,1.);
#4461 = DIRECTION('',(0.,0.,1.));
#4462 = PCURVE('',#2579,#4463);
#4463 = DEFINITIONAL_REPRESENTATION('',(#4464),#4468);
#4464 = LINE('',#4465,#4466);
#4465 = CARTESIAN_POINT('',(-1.570796326795,0.));
#4466 = VECTOR('',#4467,1.);
#4467 = DIRECTION('',(-0.,1.));
#4468 = ( GEOMETRIC_REPRESENTATION_CONTEXT(2) 
PARAMETRIC_REPRESENTATION_CONTEXT() REPRESENTATION_CONTEXT('2D SPACE',''
  ) );
#4469 = PCURVE('',#2548,#4470);
#4470 = DEFINITIONAL_REPRESENTATION('',(#4471),#4475);
#4471 = LINE('',#4472,#4473);
#4472 = CARTESIAN_POINT('',(0.,10.));
#4473 = VECTOR('',#4474,1.);
#4474 = DIRECTION('',(1.,0.));
#4475 = ( GEOMETRIC_REPRESENTATION_CONTEXT(2) 
PARAMETRIC_REPRESENTATION_CONTEXT() REPRESENTATION_CONTEXT('2D SPACE',''
  ) );
#4476 = ORIENTED_EDGE('',*,*,#2560,.F.);
#4477 = ORIENTED_EDGE('',*,*,#4354,.F.);
#4478 = ADVANCED_FACE('',(#4479),#2430,.F.);
#4479 = FACE_BOUND('',#4480,.F.);
#4480 = EDGE_LOOP('',(#4481,#4504,#4505,#4506));
#4481 = ORIENTED_EDGE('',*,*,#4482,.F.);
#4482 = EDGE_CURVE('',#4379,#4483,#4485,.T.);
#4483 = VERTEX_POINT('',#4484);
#4484 = CARTESIAN_POINT('',(50.,-85.,-85.));
#4485 = SURFACE_CURVE('',#4486,(#4490,#4497),.PCURVE_S1.);
#4486 = LINE('',#4487,#4488);
#4487 = CARTESIAN_POINT('',(-60.,-85.,-85.));
#4488 = VECTOR('',#4489,1.);
#4489 = DIRECTION('',(1.,0.,0.));
#4490 = PCURVE('',#2430,#4491);
#4491 = DEFINITIONAL_REPRESENTATION('',(#4492),#4496);
#4492 = LINE('',#4493,#4494);
#4493 = CARTESIAN_POINT('',(0.,0.));
#4494 = VECTOR('',#4495,1.);
#4495 = DIRECTION('',(0.,1.));
#4496 = ( GEOMETRIC_REPRESENTATION_CONTEXT(2) 
PARAMETRIC_REPRESENTATION_CONTEXT() REPRESENTATION_CONTEXT('2D SPACE',''
  ) );
#4497 = PCURVE('',#4342,#4498);
#4498 = DEFINITIONAL_REPRESENTATION('',(#4499),#4503);
#4499 = LINE('',#4500,#4501);
#4500 = CARTESIAN_POINT('',(0.,0.));
#4501 = VECTOR('',#4502,1.);
#4502 = DIRECTION('',(1.,0.));
#4503 = ( GEOMETRIC_REPRESENTATION_CONTEXT(2) 
PARAMETRIC_REPRESENTATION_CONTEXT() REPRESENTATION_CONTEXT('2D SPACE',''
  ) );
#4504 = ORIENTED_EDGE('',*,*,#4402,.T.);
#4505 = ORIENTED_EDGE('',*,*,#2414,.T.);
#4506 = ORIENTED_EDGE('',*,*,#4507,.F.);
#4507 = EDGE_CURVE('',#4483,#2415,#4508,.T.);
#4508 = SURFACE_CURVE('',#4509,(#4513,#4520),.PCURVE_S1.);
#4509 = LINE('',#4510,#4511);
#4510 = CARTESIAN_POINT('',(50.,-85.,-85.));
#4511 = VECTOR('',#4512,1.);
#4512 = DIRECTION('',(0.,0.,1.));
#4513 = PCURVE('',#2430,#4514);
#4514 = DEFINITIONAL_REPRESENTATION('',(#4515),#4519);
#4515 = LINE('',#4516,#4517);
#4516 = CARTESIAN_POINT('',(0.,110.));
#4517 = VECTOR('',#4518,1.);
#4518 = DIRECTION('',(1.,0.));
#4519 = ( GEOMETRIC_REPRESENTATION_CONTEXT(2) 
PARAMETRIC_REPRESENTATION_CONTEXT() REPRESENTATION_CONTEXT('2D SPACE',''
  ) );
#4520 = PCURVE('',#2463,#4521);
#4521 = DEFINITIONAL_REPRESENTATION('',(#4522),#4526);
#4522 = LINE('',#4523,#4524);
#4523 = CARTESIAN_POINT('',(-1.570796326795,0.));
#4524 = VECTOR('',#4525,1.);
#4525 = DIRECTION('',(-0.,1.));
#4526 = ( GEOMETRIC_REPRESENTATION_CONTEXT(2) 
PARAMETRIC_REPRESENTATION_CONTEXT() REPRESENTATION_CONTEXT('2D SPACE',''
  ) );
#4527 = ADVANCED_FACE('',(#4528),#2548,.T.);
#4528 = FACE_BOUND('',#4529,.T.);
#4529 = EDGE_LOOP('',(#4530,#4553,#4554,#4555));
#4530 = ORIENTED_EDGE('',*,*,#4531,.F.);
#4531 = EDGE_CURVE('',#4429,#4532,#4534,.T.);
#4532 = VERTEX_POINT('',#4533);
#4533 = CARTESIAN_POINT('',(50.,85.,-85.));
#4534 = SURFACE_CURVE('',#4535,(#4539,#4546),.PCURVE_S1.);
#4535 = LINE('',#4536,#4537);
#4536 = CARTESIAN_POINT('',(-60.,85.,-85.));
#4537 = VECTOR('',#4538,1.);
#4538 = DIRECTION('',(1.,0.,0.));
#4539 = PCURVE('',#2548,#4540);
#4540 = DEFINITIONAL_REPRESENTATION('',(#4541),#4545);
#4541 = LINE('',#4542,#4543);
#4542 = CARTESIAN_POINT('',(0.,0.));
#4543 = VECTOR('',#4544,1.);
#4544 = DIRECTION('',(0.,1.));
#4545 = ( GEOMETRIC_REPRESENTATION_CONTEXT(2) 
PARAMETRIC_REPRESENTATION_CONTEXT() REPRESENTATION_CONTEXT('2D SPACE',''
  ) );
#4546 = PCURVE('',#4342,#4547);
#4547 = DEFINITIONAL_REPRESENTATION('',(#4548),#4552);
#4548 = LINE('',#4549,#4550);
#4549 = CARTESIAN_POINT('',(0.,170.));
#4550 = VECTOR('',#4551,1.);
#4551 = DIRECTION('',(1.,0.));
#4552 = ( GEOMETRIC_REPRESENTATION_CONTEXT(2) 
PARAMETRIC_REPRESENTATION_CONTEXT() REPRESENTATION_CONTEXT('2D SPACE',''
  ) );
#4553 = ORIENTED_EDGE('',*,*,#4456,.T.);
#4554 = ORIENTED_EDGE('',*,*,#2532,.T.);
#4555 = ORIENTED_EDGE('',*,*,#4556,.F.);
#4556 = EDGE_CURVE('',#4532,#2504,#4557,.T.);
#4557 = SURFACE_CURVE('',#4558,(#4562,#4569),.PCURVE_S1.);
#4558 = LINE('',#4559,#4560);
#4559 = CARTESIAN_POINT('',(50.,85.,-85.));
#4560 = VECTOR('',#4561,1.);
#4561 = DIRECTION('',(0.,0.,1.));
#4562 = PCURVE('',#2548,#4563);
#4563 = DEFINITIONAL_REPRESENTATION('',(#4564),#4568);
#4564 = LINE('',#4565,#4566);
#4565 = CARTESIAN_POINT('',(0.,110.));
#4566 = VECTOR('',#4567,1.);
#4567 = DIRECTION('',(1.,0.));
#4568 = ( GEOMETRIC_REPRESENTATION_CONTEXT(2) 
PARAMETRIC_REPRESENTATION_CONTEXT() REPRESENTATION_CONTEXT('2D SPACE',''
  ) );
#4569 = PCURVE('',#2520,#4570);
#4570 = DEFINITIONAL_REPRESENTATION('',(#4571),#4575);
#4571 = LINE('',#4572,#4573);
#4572 = CARTESIAN_POINT('',(1.570796326795,0.));
#4573 = VECTOR('',#4574,1.);
#4574 = DIRECTION('',(0.,1.));
#4575 = ( GEOMETRIC_REPRESENTATION_CONTEXT(2) 
PARAMETRIC_REPRESENTATION_CONTEXT() REPRESENTATION_CONTEXT('2D SPACE',''
  ) );
#4576 = ADVANCED_FACE('',(#4577),#2463,.T.);
#4577 = FACE_BOUND('',#4578,.F.);
#4578 = EDGE_LOOP('',(#4579,#4607,#4608,#4609));
#4579 = ORIENTED_EDGE('',*,*,#4580,.T.);
#4580 = EDGE_CURVE('',#4581,#4483,#4583,.T.);
#4581 = VERTEX_POINT('',#4582);
#4582 = CARTESIAN_POINT('',(60.,-75.,-85.));
#4583 = SURFACE_CURVE('',#4584,(#4589,#4596),.PCURVE_S1.);
#4584 = CIRCLE('',#4585,10.);
#4585 = AXIS2_PLACEMENT_3D('',#4586,#4587,#4588);
#4586 = CARTESIAN_POINT('',(50.,-75.,-85.));
#4587 = DIRECTION('',(-0.,-0.,-1.));
#4588 = DIRECTION('',(0.,-1.,0.));
#4589 = PCURVE('',#2463,#4590);
#4590 = DEFINITIONAL_REPRESENTATION('',(#4591),#4595);
#4591 = LINE('',#4592,#4593);
#4592 = CARTESIAN_POINT('',(4.712388980385,-0.));
#4593 = VECTOR('',#4594,1.);
#4594 = DIRECTION('',(-1.,0.));
#4595 = ( GEOMETRIC_REPRESENTATION_CONTEXT(2) 
PARAMETRIC_REPRESENTATION_CONTEXT() REPRESENTATION_CONTEXT('2D SPACE',''
  ) );
#4596 = PCURVE('',#4342,#4597);
#4597 = DEFINITIONAL_REPRESENTATION('',(#4598),#4606);
#4598 = ( BOUNDED_CURVE() B_SPLINE_CURVE(2,(#4599,#4600,#4601,#4602,
#4603,#4604,#4605),.UNSPECIFIED.,.T.,.F.) B_SPLINE_CURVE_WITH_KNOTS((1,2
    ,2,2,2,1),(-2.094395102393,0.,2.094395102393,4.188790204786,
6.28318530718,8.377580409573),.UNSPECIFIED.) CURVE() 
GEOMETRIC_REPRESENTATION_ITEM() RATIONAL_B_SPLINE_CURVE((1.,0.5,1.,0.5,
1.,0.5,1.)) REPRESENTATION_ITEM('') );
#4599 = CARTESIAN_POINT('',(110.,0.));
#4600 = CARTESIAN_POINT('',(92.679491924311,0.));
#4601 = CARTESIAN_POINT('',(101.33974596215,15.));
#4602 = CARTESIAN_POINT('',(110.,30.));
#4603 = CARTESIAN_POINT('',(118.66025403784,15.));
#4604 = CARTESIAN_POINT('',(127.32050807568,1.59872115546E-14));
#4605 = CARTESIAN_POINT('',(110.,0.));
#4606 = ( GEOMETRIC_REPRESENTATION_CONTEXT(2) 
PARAMETRIC_REPRESENTATION_CONTEXT() REPRESENTATION_CONTEXT('2D SPACE',''
  ) );
#4607 = ORIENTED_EDGE('',*,*,#4507,.T.);
#4608 = ORIENTED_EDGE('',*,*,#2442,.F.);
#4609 = ORIENTED_EDGE('',*,*,#4610,.F.);
#4610 = EDGE_CURVE('',#4581,#2443,#4611,.T.);
#4611 = SURFACE_CURVE('',#4612,(#4616,#4623),.PCURVE_S1.);
#4612 = LINE('',#4613,#4614);
#4613 = CARTESIAN_POINT('',(60.,-75.,-85.));
#4614 = VECTOR('',#4615,1.);
#4615 = DIRECTION('',(0.,0.,1.));
#4616 = PCURVE('',#2463,#4617);
#4617 = DEFINITIONAL_REPRESENTATION('',(#4618),#4622);
#4618 = LINE('',#4619,#4620);
#4619 = CARTESIAN_POINT('',(-0.,0.));
#4620 = VECTOR('',#4621,1.);
#4621 = DIRECTION('',(-0.,1.));
#4622 = ( GEOMETRIC_REPRESENTATION_CONTEXT(2) 
PARAMETRIC_REPRESENTATION_CONTEXT() REPRESENTATION_CONTEXT('2D SPACE',''
  ) );
#4623 = PCURVE('',#2491,#4624);
#4624 = DEFINITIONAL_REPRESENTATION('',(#4625),#4629);
#4625 = LINE('',#4626,#4627);
#4626 = CARTESIAN_POINT('',(0.,-10.));
#4627 = VECTOR('',#4628,1.);
#4628 = DIRECTION('',(1.,0.));
#4629 = ( GEOMETRIC_REPRESENTATION_CONTEXT(2) 
PARAMETRIC_REPRESENTATION_CONTEXT() REPRESENTATION_CONTEXT('2D SPACE',''
  ) );
#4630 = ADVANCED_FACE('',(#4631),#2520,.T.);
#4631 = FACE_BOUND('',#4632,.T.);
#4632 = EDGE_LOOP('',(#4633,#4657,#4658,#4659));
#4633 = ORIENTED_EDGE('',*,*,#4634,.T.);
#4634 = EDGE_CURVE('',#4635,#4532,#4637,.T.);
#4635 = VERTEX_POINT('',#4636);
#4636 = CARTESIAN_POINT('',(60.,75.,-85.));
#4637 = SURFACE_CURVE('',#4638,(#4643,#4650),.PCURVE_S1.);
#4638 = CIRCLE('',#4639,10.);
#4639 = AXIS2_PLACEMENT_3D('',#4640,#4641,#4642);
#4640 = CARTESIAN_POINT('',(50.,75.,-85.));
#4641 = DIRECTION('',(0.,0.,1.));
#4642 = DIRECTION('',(0.,-1.,0.));
#4643 = PCURVE('',#2520,#4644);
#4644 = DEFINITIONAL_REPRESENTATION('',(#4645),#4649);
#4645 = LINE('',#4646,#4647);
#4646 = CARTESIAN_POINT('',(-1.570796326795,0.));
#4647 = VECTOR('',#4648,1.);
#4648 = DIRECTION('',(1.,0.));
#4649 = ( GEOMETRIC_REPRESENTATION_CONTEXT(2) 
PARAMETRIC_REPRESENTATION_CONTEXT() REPRESENTATION_CONTEXT('2D SPACE',''
  ) );
#4650 = PCURVE('',#4342,#4651);
#4651 = DEFINITIONAL_REPRESENTATION('',(#4652),#4656);
#4652 = CIRCLE('',#4653,10.);
#4653 = AXIS2_PLACEMENT_2D('',#4654,#4655);
#4654 = CARTESIAN_POINT('',(110.,160.));
#4655 = DIRECTION('',(0.,-1.));
#4656 = ( GEOMETRIC_REPRESENTATION_CONTEXT(2) 
PARAMETRIC_REPRESENTATION_CONTEXT() REPRESENTATION_CONTEXT('2D SPACE',''
  ) );
#4657 = ORIENTED_EDGE('',*,*,#4556,.T.);
#4658 = ORIENTED_EDGE('',*,*,#2503,.F.);
#4659 = ORIENTED_EDGE('',*,*,#4660,.F.);
#4660 = EDGE_CURVE('',#4635,#2476,#4661,.T.);
#4661 = SURFACE_CURVE('',#4662,(#4666,#4673),.PCURVE_S1.);
#4662 = LINE('',#4663,#4664);
#4663 = CARTESIAN_POINT('',(60.,75.,-85.));
#4664 = VECTOR('',#4665,1.);
#4665 = DIRECTION('',(0.,0.,1.));
#4666 = PCURVE('',#2520,#4667);
#4667 = DEFINITIONAL_REPRESENTATION('',(#4668),#4672);
#4668 = LINE('',#4669,#4670);
#4669 = CARTESIAN_POINT('',(0.,0.));
#4670 = VECTOR('',#4671,1.);
#4671 = DIRECTION('',(0.,1.));
#4672 = ( GEOMETRIC_REPRESENTATION_CONTEXT(2) 
PARAMETRIC_REPRESENTATION_CONTEXT() REPRESENTATION_CONTEXT('2D SPACE',''
  ) );
#4673 = PCURVE('',#2491,#4674);
#4674 = DEFINITIONAL_REPRESENTATION('',(#4675),#4679);
#4675 = LINE('',#4676,#4677);
#4676 = CARTESIAN_POINT('',(0.,-160.));
#4677 = VECTOR('',#4678,1.);
#4678 = DIRECTION('',(1.,0.));
#4679 = ( GEOMETRIC_REPRESENTATION_CONTEXT(2) 
PARAMETRIC_REPRESENTATION_CONTEXT() REPRESENTATION_CONTEXT('2D SPACE',''
  ) );
#4680 = ADVANCED_FACE('',(#4681),#2491,.T.);
#4681 = FACE_BOUND('',#4682,.T.);
#4682 = EDGE_LOOP('',(#4683,#4684,#4685,#4706));
#4683 = ORIENTED_EDGE('',*,*,#2475,.F.);
#4684 = ORIENTED_EDGE('',*,*,#4610,.F.);
#4685 = ORIENTED_EDGE('',*,*,#4686,.T.);
#4686 = EDGE_CURVE('',#4581,#4635,#4687,.T.);
#4687 = SURFACE_CURVE('',#4688,(#4692,#4699),.PCURVE_S1.);
#4688 = LINE('',#4689,#4690);
#4689 = CARTESIAN_POINT('',(60.,-85.,-85.));
#4690 = VECTOR('',#4691,1.);
#4691 = DIRECTION('',(0.,1.,0.));
#4692 = PCURVE('',#2491,#4693);
#4693 = DEFINITIONAL_REPRESENTATION('',(#4694),#4698);
#4694 = LINE('',#4695,#4696);
#4695 = CARTESIAN_POINT('',(0.,0.));
#4696 = VECTOR('',#4697,1.);
#4697 = DIRECTION('',(0.,-1.));
#4698 = ( GEOMETRIC_REPRESENTATION_CONTEXT(2) 
PARAMETRIC_REPRESENTATION_CONTEXT() REPRESENTATION_CONTEXT('2D SPACE',''
  ) );
#4699 = PCURVE('',#4342,#4700);
#4700 = DEFINITIONAL_REPRESENTATION('',(#4701),#4705);
#4701 = LINE('',#4702,#4703);
#4702 = CARTESIAN_POINT('',(120.,0.));
#4703 = VECTOR('',#4704,1.);
#4704 = DIRECTION('',(0.,1.));
#4705 = ( GEOMETRIC_REPRESENTATION_CONTEXT(2) 
PARAMETRIC_REPRESENTATION_CONTEXT() REPRESENTATION_CONTEXT('2D SPACE',''
  ) );
#4706 = ORIENTED_EDGE('',*,*,#4660,.T.);
#4707 = ADVANCED_FACE('',(#4708,#4711),#2805,.T.);
#4708 = FACE_BOUND('',#4709,.T.);
#4709 = EDGE_LOOP('',(#4710));
#4710 = ORIENTED_EDGE('',*,*,#2788,.T.);
#4711 = FACE_BOUND('',#4712,.T.);
#4712 = EDGE_LOOP('',(#4713));
#4713 = ORIENTED_EDGE('',*,*,#4714,.T.);
#4714 = EDGE_CURVE('',#4715,#4715,#4717,.T.);
#4715 = VERTEX_POINT('',#4716);
#4716 = CARTESIAN_POINT('',(-33.,68.,-70.));
#4717 = SURFACE_CURVE('',#4718,(#4723,#4734),.PCURVE_S1.);
#4718 = CIRCLE('',#4719,7.);
#4719 = AXIS2_PLACEMENT_3D('',#4720,#4721,#4722);
#4720 = CARTESIAN_POINT('',(-40.,68.,-70.));
#4721 = DIRECTION('',(0.,0.,-1.));
#4722 = DIRECTION('',(1.,0.,0.));
#4723 = PCURVE('',#2805,#4724);
#4724 = DEFINITIONAL_REPRESENTATION('',(#4725),#4733);
#4725 = ( BOUNDED_CURVE() B_SPLINE_CURVE(2,(#4726,#4727,#4728,#4729,
#4730,#4731,#4732),.UNSPECIFIED.,.T.,.F.) B_SPLINE_CURVE_WITH_KNOTS((1,2
    ,2,2,2,1),(-2.094395102393,0.,2.094395102393,4.188790204786,
6.28318530718,8.377580409573),.UNSPECIFIED.) CURVE() 
GEOMETRIC_REPRESENTATION_ITEM() RATIONAL_B_SPLINE_CURVE((1.,0.5,1.,0.5,
1.,0.5,1.)) REPRESENTATION_ITEM('') );
#4726 = CARTESIAN_POINT('',(7.,0.));
#4727 = CARTESIAN_POINT('',(7.,-12.12435565298));
#4728 = CARTESIAN_POINT('',(-3.5,-6.062177826491));
#4729 = CARTESIAN_POINT('',(-14.,-1.714505518806E-15));
#4730 = CARTESIAN_POINT('',(-3.5,6.062177826491));
#4731 = CARTESIAN_POINT('',(7.,12.124355652982));
#4732 = CARTESIAN_POINT('',(7.,0.));
#4733 = ( GEOMETRIC_REPRESENTATION_CONTEXT(2) 
PARAMETRIC_REPRESENTATION_CONTEXT() REPRESENTATION_CONTEXT('2D SPACE',''
  ) );
#4734 = PCURVE('',#4735,#4740);
#4735 = CYLINDRICAL_SURFACE('',#4736,7.);
#4736 = AXIS2_PLACEMENT_3D('',#4737,#4738,#4739);
#4737 = CARTESIAN_POINT('',(-40.,68.,-86.));
#4738 = DIRECTION('',(-0.,-0.,-1.));
#4739 = DIRECTION('',(1.,0.,0.));
#4740 = DEFINITIONAL_REPRESENTATION('',(#4741),#4745);
#4741 = LINE('',#4742,#4743);
#4742 = CARTESIAN_POINT('',(-6.28318530718,-16.));
#4743 = VECTOR('',#4744,1.);
#4744 = DIRECTION('',(1.,-0.));
#4745 = ( GEOMETRIC_REPRESENTATION_CONTEXT(2) 
PARAMETRIC_REPRESENTATION_CONTEXT() REPRESENTATION_CONTEXT('2D SPACE',''
  ) );
#4746 = ADVANCED_FACE('',(#4747),#3433,.T.);
#4747 = FACE_BOUND('',#4748,.F.);
#4748 = EDGE_LOOP('',(#4749,#4750,#4773,#4800));
#4749 = ORIENTED_EDGE('',*,*,#3209,.F.);
#4750 = ORIENTED_EDGE('',*,*,#4751,.T.);
#4751 = EDGE_CURVE('',#3210,#4752,#4754,.T.);
#4752 = VERTEX_POINT('',#4753);
#4753 = CARTESIAN_POINT('',(11.,0.,56.));
#4754 = SEAM_CURVE('',#4755,(#4759,#4766),.PCURVE_S1.);
#4755 = LINE('',#4756,#4757);
#4756 = CARTESIAN_POINT('',(11.,0.,0.));
#4757 = VECTOR('',#4758,1.);
#4758 = DIRECTION('',(0.,0.,1.));
#4759 = PCURVE('',#3433,#4760);
#4760 = DEFINITIONAL_REPRESENTATION('',(#4761),#4765);
#4761 = LINE('',#4762,#4763);
#4762 = CARTESIAN_POINT('',(-6.28318530718,0.));
#4763 = VECTOR('',#4764,1.);
#4764 = DIRECTION('',(-0.,-1.));
#4765 = ( GEOMETRIC_REPRESENTATION_CONTEXT(2) 
PARAMETRIC_REPRESENTATION_CONTEXT() REPRESENTATION_CONTEXT('2D SPACE',''
  ) );
#4766 = PCURVE('',#3433,#4767);
#4767 = DEFINITIONAL_REPRESENTATION('',(#4768),#4772);
#4768 = LINE('',#4769,#4770);
#4769 = CARTESIAN_POINT('',(-0.,0.));
#4770 = VECTOR('',#4771,1.);
#4771 = DIRECTION('',(-0.,-1.));
#4772 = ( GEOMETRIC_REPRESENTATION_CONTEXT(2) 
PARAMETRIC_REPRESENTATION_CONTEXT() REPRESENTATION_CONTEXT('2D SPACE',''
  ) );
#4773 = ORIENTED_EDGE('',*,*,#4774,.T.);
#4774 = EDGE_CURVE('',#4752,#4752,#4775,.T.);
#4775 = SURFACE_CURVE('',#4776,(#4781,#4788),.PCURVE_S1.);
#4776 = CIRCLE('',#4777,11.);
#4777 = AXIS2_PLACEMENT_3D('',#4778,#4779,#4780);
#4778 = CARTESIAN_POINT('',(0.,0.,56.));
#4779 = DIRECTION('',(0.,0.,1.));
#4780 = DIRECTION('',(1.,0.,0.));
#4781 = PCURVE('',#3433,#4782);
#4782 = DEFINITIONAL_REPRESENTATION('',(#4783),#4787);
#4783 = LINE('',#4784,#4785);
#4784 = CARTESIAN_POINT('',(-0.,-56.));
#4785 = VECTOR('',#4786,1.);
#4786 = DIRECTION('',(-1.,0.));
#4787 = ( GEOMETRIC_REPRESENTATION_CONTEXT(2) 
PARAMETRIC_REPRESENTATION_CONTEXT() REPRESENTATION_CONTEXT('2D SPACE',''
  ) );
#4788 = PCURVE('',#4789,#4794);
#4789 = PLANE('',#4790);
#4790 = AXIS2_PLACEMENT_3D('',#4791,#4792,#4793);
#4791 = CARTESIAN_POINT('',(-7.458764359306E-16,-4.490371596874E-16,56.)
  );
#4792 = DIRECTION('',(0.,0.,1.));
#4793 = DIRECTION('',(1.,0.,-0.));
#4794 = DEFINITIONAL_REPRESENTATION('',(#4795),#4799);
#4795 = CIRCLE('',#4796,11.);
#4796 = AXIS2_PLACEMENT_2D('',#4797,#4798);
#4797 = CARTESIAN_POINT('',(7.458764359306E-16,4.490371596874E-16));
#4798 = DIRECTION('',(1.,0.));
#4799 = ( GEOMETRIC_REPRESENTATION_CONTEXT(2) 
PARAMETRIC_REPRESENTATION_CONTEXT() REPRESENTATION_CONTEXT('2D SPACE',''
  ) );
#4800 = ORIENTED_EDGE('',*,*,#4751,.F.);
#4801 = ADVANCED_FACE('',(#4802,#4805),#3569,.T.);
#4802 = FACE_BOUND('',#4803,.T.);
#4803 = EDGE_LOOP('',(#4804));
#4804 = ORIENTED_EDGE('',*,*,#3552,.T.);
#4805 = FACE_BOUND('',#4806,.T.);
#4806 = EDGE_LOOP('',(#4807));
#4807 = ORIENTED_EDGE('',*,*,#4808,.T.);
#4808 = EDGE_CURVE('',#4809,#4809,#4811,.T.);
#4809 = VERTEX_POINT('',#4810);
#4810 = CARTESIAN_POINT('',(47.,-68.,-70.));
#4811 = SURFACE_CURVE('',#4812,(#4817,#4828),.PCURVE_S1.);
#4812 = CIRCLE('',#4813,7.);
#4813 = AXIS2_PLACEMENT_3D('',#4814,#4815,#4816);
#4814 = CARTESIAN_POINT('',(40.,-68.,-70.));
#4815 = DIRECTION('',(0.,0.,-1.));
#4816 = DIRECTION('',(1.,0.,0.));
#4817 = PCURVE('',#3569,#4818);
#4818 = DEFINITIONAL_REPRESENTATION('',(#4819),#4827);
#4819 = ( BOUNDED_CURVE() B_SPLINE_CURVE(2,(#4820,#4821,#4822,#4823,
#4824,#4825,#4826),.UNSPECIFIED.,.T.,.F.) B_SPLINE_CURVE_WITH_KNOTS((1,2
    ,2,2,2,1),(-2.094395102393,0.,2.094395102393,4.188790204786,
6.28318530718,8.377580409573),.UNSPECIFIED.) CURVE() 
GEOMETRIC_REPRESENTATION_ITEM() RATIONAL_B_SPLINE_CURVE((1.,0.5,1.,0.5,
1.,0.5,1.)) REPRESENTATION_ITEM('') );
#4820 = CARTESIAN_POINT('',(7.,0.));
#4821 = CARTESIAN_POINT('',(7.,-12.12435565298));
#4822 = CARTESIAN_POINT('',(-3.5,-6.062177826491));
#4823 = CARTESIAN_POINT('',(-14.,-1.714505518806E-15));
#4824 = CARTESIAN_POINT('',(-3.5,6.062177826491));
#4825 = CARTESIAN_POINT('',(7.,12.124355652982));
#4826 = CARTESIAN_POINT('',(7.,0.));
#4827 = ( GEOMETRIC_REPRESENTATION_CONTEXT(2) 
PARAMETRIC_REPRESENTATION_CONTEXT() REPRESENTATION_CONTEXT('2D SPACE',''
  ) );
#4828 = PCURVE('',#4829,#4834);
#4829 = CYLINDRICAL_SURFACE('',#4830,7.);
#4830 = AXIS2_PLACEMENT_3D('',#4831,#4832,#4833);
#4831 = CARTESIAN_POINT('',(40.,-68.,-86.));
#4832 = DIRECTION('',(-0.,-0.,-1.));
#4833 = DIRECTION('',(1.,0.,0.));
#4834 = DEFINITIONAL_REPRESENTATION('',(#4835),#4839);
#4835 = LINE('',#4836,#4837);
#4836 = CARTESIAN_POINT('',(-6.28318530718,-16.));
#4837 = VECTOR('',#4838,1.);
#4838 = DIRECTION('',(1.,-0.));
#4839 = ( GEOMETRIC_REPRESENTATION_CONTEXT(2) 
PARAMETRIC_REPRESENTATION_CONTEXT() REPRESENTATION_CONTEXT('2D SPACE',''
  ) );
#4840 = ADVANCED_FACE('',(#4841,#4844),#3655,.T.);
#4841 = FACE_BOUND('',#4842,.T.);
#4842 = EDGE_LOOP('',(#4843));
#4843 = ORIENTED_EDGE('',*,*,#3638,.T.);
#4844 = FACE_BOUND('',#4845,.T.);
#4845 = EDGE_LOOP('',(#4846));
#4846 = ORIENTED_EDGE('',*,*,#4847,.T.);
#4847 = EDGE_CURVE('',#4848,#4848,#4850,.T.);
#4848 = VERTEX_POINT('',#4849);
#4849 = CARTESIAN_POINT('',(47.,68.,-70.));
#4850 = SURFACE_CURVE('',#4851,(#4856,#4867),.PCURVE_S1.);
#4851 = CIRCLE('',#4852,7.);
#4852 = AXIS2_PLACEMENT_3D('',#4853,#4854,#4855);
#4853 = CARTESIAN_POINT('',(40.,68.,-70.));
#4854 = DIRECTION('',(0.,0.,-1.));
#4855 = DIRECTION('',(1.,0.,0.));
#4856 = PCURVE('',#3655,#4857);
#4857 = DEFINITIONAL_REPRESENTATION('',(#4858),#4866);
#4858 = ( BOUNDED_CURVE() B_SPLINE_CURVE(2,(#4859,#4860,#4861,#4862,
#4863,#4864,#4865),.UNSPECIFIED.,.T.,.F.) B_SPLINE_CURVE_WITH_KNOTS((1,2
    ,2,2,2,1),(-2.094395102393,0.,2.094395102393,4.188790204786,
6.28318530718,8.377580409573),.UNSPECIFIED.) CURVE() 
GEOMETRIC_REPRESENTATION_ITEM() RATIONAL_B_SPLINE_CURVE((1.,0.5,1.,0.5,
1.,0.5,1.)) REPRESENTATION_ITEM('') );
#4859 = CARTESIAN_POINT('',(7.,0.));
#4860 = CARTESIAN_POINT('',(7.,-12.12435565298));
#4861 = CARTESIAN_POINT('',(-3.5,-6.062177826491));
#4862 = CARTESIAN_POINT('',(-14.,-1.714505518806E-15));
#4863 = CARTESIAN_POINT('',(-3.5,6.062177826491));
#4864 = CARTESIAN_POINT('',(7.,12.124355652982));
#4865 = CARTESIAN_POINT('',(7.,0.));
#4866 = ( GEOMETRIC_REPRESENTATION_CONTEXT(2) 
PARAMETRIC_REPRESENTATION_CONTEXT() REPRESENTATION_CONTEXT('2D SPACE',''
  ) );
#4867 = PCURVE('',#4868,#4873);
#4868 = CYLINDRICAL_SURFACE('',#4869,7.);
#4869 = AXIS2_PLACEMENT_3D('',#4870,#4871,#4872);
#4870 = CARTESIAN_POINT('',(40.,68.,-86.));
#4871 = DIRECTION('',(-0.,-0.,-1.));
#4872 = DIRECTION('',(1.,0.,0.));
#4873 = DEFINITIONAL_REPRESENTATION('',(#4874),#4878);
#4874 = LINE('',#4875,#4876);
#4875 = CARTESIAN_POINT('',(-6.28318530718,-16.));
#4876 = VECTOR('',#4877,1.);
#4877 = DIRECTION('',(1.,-0.));
#4878 = ( GEOMETRIC_REPRESENTATION_CONTEXT(2) 
PARAMETRIC_REPRESENTATION_CONTEXT() REPRESENTATION_CONTEXT('2D SPACE',''
  ) );
#4879 = ADVANCED_FACE('',(#4880,#4883,#4914,#4945,#4980,#5011,#5042,
    #5073),#3837,.T.);
#4880 = FACE_BOUND('',#4881,.T.);
#4881 = EDGE_LOOP('',(#4882));
#4882 = ORIENTED_EDGE('',*,*,#3822,.T.);
#4883 = FACE_BOUND('',#4884,.T.);
#4884 = EDGE_LOOP('',(#4885));
#4885 = ORIENTED_EDGE('',*,*,#4886,.F.);
#4886 = EDGE_CURVE('',#4887,#4887,#4889,.T.);
#4887 = VERTEX_POINT('',#4888);
#4888 = CARTESIAN_POINT('',(46.,39.773066958946,-21.));
#4889 = SURFACE_CURVE('',#4890,(#4895,#4902),.PCURVE_S1.);
#4890 = CIRCLE('',#4891,3.4);
#4891 = AXIS2_PLACEMENT_3D('',#4892,#4893,#4894);
#4892 = CARTESIAN_POINT('',(46.,36.373066958946,-21.));
#4893 = DIRECTION('',(1.,0.,0.));
#4894 = DIRECTION('',(0.,1.,0.));
#4895 = PCURVE('',#3837,#4896);
#4896 = DEFINITIONAL_REPRESENTATION('',(#4897),#4901);
#4897 = CIRCLE('',#4898,3.4);
#4898 = AXIS2_PLACEMENT_2D('',#4899,#4900);
#4899 = CARTESIAN_POINT('',(-21.,-36.37306695894));
#4900 = DIRECTION('',(0.,-1.));
#4901 = ( GEOMETRIC_REPRESENTATION_CONTEXT(2) 
PARAMETRIC_REPRESENTATION_CONTEXT() REPRESENTATION_CONTEXT('2D SPACE',''
  ) );
#4902 = PCURVE('',#4903,#4908);
#4903 = CYLINDRICAL_SURFACE('',#4904,3.4);
#4904 = AXIS2_PLACEMENT_3D('',#4905,#4906,#4907);
#4905 = CARTESIAN_POINT('',(30.,36.373066958946,-21.));
#4906 = DIRECTION('',(-1.,-0.,-0.));
#4907 = DIRECTION('',(0.,1.,0.));
#4908 = DEFINITIONAL_REPRESENTATION('',(#4909),#4913);
#4909 = LINE('',#4910,#4911);
#4910 = CARTESIAN_POINT('',(-0.,-16.));
#4911 = VECTOR('',#4912,1.);
#4912 = DIRECTION('',(-1.,0.));
#4913 = ( GEOMETRIC_REPRESENTATION_CONTEXT(2) 
PARAMETRIC_REPRESENTATION_CONTEXT() REPRESENTATION_CONTEXT('2D SPACE',''
  ) );
#4914 = FACE_BOUND('',#4915,.T.);
#4915 = EDGE_LOOP('',(#4916));
#4916 = ORIENTED_EDGE('',*,*,#4917,.F.);
#4917 = EDGE_CURVE('',#4918,#4918,#4920,.T.);
#4918 = VERTEX_POINT('',#4919);
#4919 = CARTESIAN_POINT('',(46.,39.773066958946,21.));
#4920 = SURFACE_CURVE('',#4921,(#4926,#4933),.PCURVE_S1.);
#4921 = CIRCLE('',#4922,3.4);
#4922 = AXIS2_PLACEMENT_3D('',#4923,#4924,#4925);
#4923 = CARTESIAN_POINT('',(46.,36.373066958946,21.));
#4924 = DIRECTION('',(1.,0.,0.));
#4925 = DIRECTION('',(0.,1.,0.));
#4926 = PCURVE('',#3837,#4927);
#4927 = DEFINITIONAL_REPRESENTATION('',(#4928),#4932);
#4928 = CIRCLE('',#4929,3.4);
#4929 = AXIS2_PLACEMENT_2D('',#4930,#4931);
#4930 = CARTESIAN_POINT('',(21.,-36.37306695894));
#4931 = DIRECTION('',(0.,-1.));
#4932 = ( GEOMETRIC_REPRESENTATION_CONTEXT(2) 
PARAMETRIC_REPRESENTATION_CONTEXT() REPRESENTATION_CONTEXT('2D SPACE',''
  ) );
#4933 = PCURVE('',#4934,#4939);
#4934 = CYLINDRICAL_SURFACE('',#4935,3.4);
#4935 = AXIS2_PLACEMENT_3D('',#4936,#4937,#4938);
#4936 = CARTESIAN_POINT('',(30.,36.373066958946,21.));
#4937 = DIRECTION('',(-1.,-0.,-0.));
#4938 = DIRECTION('',(0.,1.,0.));
#4939 = DEFINITIONAL_REPRESENTATION('',(#4940),#4944);
#4940 = LINE('',#4941,#4942);
#4941 = CARTESIAN_POINT('',(-0.,-16.));
#4942 = VECTOR('',#4943,1.);
#4943 = DIRECTION('',(-1.,0.));
#4944 = ( GEOMETRIC_REPRESENTATION_CONTEXT(2) 
PARAMETRIC_REPRESENTATION_CONTEXT() REPRESENTATION_CONTEXT('2D SPACE',''
  ) );
#4945 = FACE_BOUND('',#4946,.T.);
#4946 = EDGE_LOOP('',(#4947));
#4947 = ORIENTED_EDGE('',*,*,#4948,.T.);
#4948 = EDGE_CURVE('',#4949,#4949,#4951,.T.);
#4949 = VERTEX_POINT('',#4950);
#4950 = CARTESIAN_POINT('',(46.,31.,0.));
#4951 = SURFACE_CURVE('',#4952,(#4957,#4968),.PCURVE_S1.);
#4952 = CIRCLE('',#4953,31.);
#4953 = AXIS2_PLACEMENT_3D('',#4954,#4955,#4956);
#4954 = CARTESIAN_POINT('',(46.,0.,0.));
#4955 = DIRECTION('',(-1.,0.,0.));
#4956 = DIRECTION('',(0.,1.,0.));
#4957 = PCURVE('',#3837,#4958);
#4958 = DEFINITIONAL_REPRESENTATION('',(#4959),#4967);
#4959 = ( BOUNDED_CURVE() B_SPLINE_CURVE(2,(#4960,#4961,#4962,#4963,
#4964,#4965,#4966),.UNSPECIFIED.,.T.,.F.) B_SPLINE_CURVE_WITH_KNOTS((1,2
    ,2,2,2,1),(-2.094395102393,0.,2.094395102393,4.188790204786,
6.28318530718,8.377580409573),.UNSPECIFIED.) CURVE() 
GEOMETRIC_REPRESENTATION_ITEM() RATIONAL_B_SPLINE_CURVE((1.,0.5,1.,0.5,
1.,0.5,1.)) REPRESENTATION_ITEM('') );
#4960 = CARTESIAN_POINT('',(-9.372203282004E-16,-31.));
#4961 = CARTESIAN_POINT('',(-53.69357503463,-31.));
#4962 = CARTESIAN_POINT('',(-26.84678751731,15.5));
#4963 = CARTESIAN_POINT('',(-8.530030482914E-15,62.));
#4964 = CARTESIAN_POINT('',(26.846787517318,15.5));
#4965 = CARTESIAN_POINT('',(53.693575034635,-31.));
#4966 = CARTESIAN_POINT('',(-9.372203282004E-16,-31.));
#4967 = ( GEOMETRIC_REPRESENTATION_CONTEXT(2) 
PARAMETRIC_REPRESENTATION_CONTEXT() REPRESENTATION_CONTEXT('2D SPACE',''
  ) );
#4968 = PCURVE('',#4969,#4974);
#4969 = CYLINDRICAL_SURFACE('',#4970,31.);
#4970 = AXIS2_PLACEMENT_3D('',#4971,#4972,#4973);
#4971 = CARTESIAN_POINT('',(-47.,0.,0.));
#4972 = DIRECTION('',(-1.,-0.,-0.));
#4973 = DIRECTION('',(0.,1.,0.));
#4974 = DEFINITIONAL_REPRESENTATION('',(#4975),#4979);
#4975 = LINE('',#4976,#4977);
#4976 = CARTESIAN_POINT('',(-6.28318530718,-93.));
#4977 = VECTOR('',#4978,1.);
#4978 = DIRECTION('',(1.,-0.));
#4979 = ( GEOMETRIC_REPRESENTATION_CONTEXT(2) 
PARAMETRIC_REPRESENTATION_CONTEXT() REPRESENTATION_CONTEXT('2D SPACE',''
  ) );
#4980 = FACE_BOUND('',#4981,.T.);
#4981 = EDGE_LOOP('',(#4982));
#4982 = ORIENTED_EDGE('',*,*,#4983,.F.);
#4983 = EDGE_CURVE('',#4984,#4984,#4986,.T.);
#4984 = VERTEX_POINT('',#4985);
#4985 = CARTESIAN_POINT('',(46.,3.4,42.));
#4986 = SURFACE_CURVE('',#4987,(#4992,#4999),.PCURVE_S1.);
#4987 = CIRCLE('',#4988,3.4);
#4988 = AXIS2_PLACEMENT_3D('',#4989,#4990,#4991);
#4989 = CARTESIAN_POINT('',(46.,2.571758278209E-15,42.));
#4990 = DIRECTION('',(1.,0.,0.));
#4991 = DIRECTION('',(0.,1.,0.));
#4992 = PCURVE('',#3837,#4993);
#4993 = DEFINITIONAL_REPRESENTATION('',(#4994),#4998);
#4994 = CIRCLE('',#4995,3.4);
#4995 = AXIS2_PLACEMENT_2D('',#4996,#4997);
#4996 = CARTESIAN_POINT('',(42.,-5.754164404847E-15));
#4997 = DIRECTION('',(0.,-1.));
#4998 = ( GEOMETRIC_REPRESENTATION_CONTEXT(2) 
PARAMETRIC_REPRESENTATION_CONTEXT() REPRESENTATION_CONTEXT('2D SPACE',''
  ) );
#4999 = PCURVE('',#5000,#5005);
#5000 = CYLINDRICAL_SURFACE('',#5001,3.4);
#5001 = AXIS2_PLACEMENT_3D('',#5002,#5003,#5004);
#5002 = CARTESIAN_POINT('',(30.,2.571758278209E-15,42.));
#5003 = DIRECTION('',(-1.,-0.,-0.));
#5004 = DIRECTION('',(0.,1.,0.));
#5005 = DEFINITIONAL_REPRESENTATION('',(#5006),#5010);
#5006 = LINE('',#5007,#5008);
#5007 = CARTESIAN_POINT('',(-0.,-16.));
#5008 = VECTOR('',#5009,1.);
#5009 = DIRECTION('',(-1.,0.));
#5010 = ( GEOMETRIC_REPRESENTATION_CONTEXT(2) 
PARAMETRIC_REPRESENTATION_CONTEXT() REPRESENTATION_CONTEXT('2D SPACE',''
  ) );
#5011 = FACE_BOUND('',#5012,.T.);
#5012 = EDGE_LOOP('',(#5013));
#5013 = ORIENTED_EDGE('',*,*,#5014,.F.);
#5014 = EDGE_CURVE('',#5015,#5015,#5017,.T.);
#5015 = VERTEX_POINT('',#5016);
#5016 = CARTESIAN_POINT('',(46.,3.4,-42.));
#5017 = SURFACE_CURVE('',#5018,(#5023,#5030),.PCURVE_S1.);
#5018 = CIRCLE('',#5019,3.4);
#5019 = AXIS2_PLACEMENT_3D('',#5020,#5021,#5022);
#5020 = CARTESIAN_POINT('',(46.,-7.715274834628E-15,-42.));
#5021 = DIRECTION('',(1.,0.,0.));
#5022 = DIRECTION('',(0.,1.,0.));
#5023 = PCURVE('',#3837,#5024);
#5024 = DEFINITIONAL_REPRESENTATION('',(#5025),#5029);
#5025 = CIRCLE('',#5026,3.4);
#5026 = AXIS2_PLACEMENT_2D('',#5027,#5028);
#5027 = CARTESIAN_POINT('',(-42.,4.532868707991E-15));
#5028 = DIRECTION('',(0.,-1.));
#5029 = ( GEOMETRIC_REPRESENTATION_CONTEXT(2) 
PARAMETRIC_REPRESENTATION_CONTEXT() REPRESENTATION_CONTEXT('2D SPACE',''
  ) );
#5030 = PCURVE('',#5031,#5036);
#5031 = CYLINDRICAL_SURFACE('',#5032,3.4);
#5032 = AXIS2_PLACEMENT_3D('',#5033,#5034,#5035);
#5033 = CARTESIAN_POINT('',(30.,-7.715274834628E-15,-42.));
#5034 = DIRECTION('',(-1.,-0.,-0.));
#5035 = DIRECTION('',(0.,1.,0.));
#5036 = DEFINITIONAL_REPRESENTATION('',(#5037),#5041);
#5037 = LINE('',#5038,#5039);
#5038 = CARTESIAN_POINT('',(-0.,-16.));
#5039 = VECTOR('',#5040,1.);
#5040 = DIRECTION('',(-1.,0.));
#5041 = ( GEOMETRIC_REPRESENTATION_CONTEXT(2) 
PARAMETRIC_REPRESENTATION_CONTEXT() REPRESENTATION_CONTEXT('2D SPACE',''
  ) );
#5042 = FACE_BOUND('',#5043,.T.);
#5043 = EDGE_LOOP('',(#5044));
#5044 = ORIENTED_EDGE('',*,*,#5045,.F.);
#5045 = EDGE_CURVE('',#5046,#5046,#5048,.T.);
#5046 = VERTEX_POINT('',#5047);
#5047 = CARTESIAN_POINT('',(46.,-32.97306695894,-21.));
#5048 = SURFACE_CURVE('',#5049,(#5054,#5061),.PCURVE_S1.);
#5049 = CIRCLE('',#5050,3.4);
#5050 = AXIS2_PLACEMENT_3D('',#5051,#5052,#5053);
#5051 = CARTESIAN_POINT('',(46.,-36.37306695894,-21.));
#5052 = DIRECTION('',(1.,0.,0.));
#5053 = DIRECTION('',(0.,1.,0.));
#5054 = PCURVE('',#3837,#5055);
#5055 = DEFINITIONAL_REPRESENTATION('',(#5056),#5060);
#5056 = CIRCLE('',#5057,3.4);
#5057 = AXIS2_PLACEMENT_2D('',#5058,#5059);
#5058 = CARTESIAN_POINT('',(-21.,36.373066958946));
#5059 = DIRECTION('',(0.,-1.));
#5060 = ( GEOMETRIC_REPRESENTATION_CONTEXT(2) 
PARAMETRIC_REPRESENTATION_CONTEXT() REPRESENTATION_CONTEXT('2D SPACE',''
  ) );
#5061 = PCURVE('',#5062,#5067);
#5062 = CYLINDRICAL_SURFACE('',#5063,3.4);
#5063 = AXIS2_PLACEMENT_3D('',#5064,#5065,#5066);
#5064 = CARTESIAN_POINT('',(30.,-36.37306695894,-21.));
#5065 = DIRECTION('',(-1.,-0.,-0.));
#5066 = DIRECTION('',(0.,1.,0.));
#5067 = DEFINITIONAL_REPRESENTATION('',(#5068),#5072);
#5068 = LINE('',#5069,#5070);
#5069 = CARTESIAN_POINT('',(-0.,-16.));
#5070 = VECTOR('',#5071,1.);
#5071 = DIRECTION('',(-1.,0.));
#5072 = ( GEOMETRIC_REPRESENTATION_CONTEXT(2) 
PARAMETRIC_REPRESENTATION_CONTEXT() REPRESENTATION_CONTEXT('2D SPACE',''
  ) );
#5073 = FACE_BOUND('',#5074,.T.);
#5074 = EDGE_LOOP('',(#5075));
#5075 = ORIENTED_EDGE('',*,*,#5076,.F.);
#5076 = EDGE_CURVE('',#5077,#5077,#5079,.T.);
#5077 = VERTEX_POINT('',#5078);
#5078 = CARTESIAN_POINT('',(46.,-32.97306695894,21.));
#5079 = SURFACE_CURVE('',#5080,(#5085,#5092),.PCURVE_S1.);
#5080 = CIRCLE('',#5081,3.4);
#5081 = AXIS2_PLACEMENT_3D('',#5082,#5083,#5084);
#5082 = CARTESIAN_POINT('',(46.,-36.37306695894,21.));
#5083 = DIRECTION('',(1.,0.,0.));
#5084 = DIRECTION('',(0.,1.,0.));
#5085 = PCURVE('',#3837,#5086);
#5086 = DEFINITIONAL_REPRESENTATION('',(#5087),#5091);
#5087 = CIRCLE('',#5088,3.4);
#5088 = AXIS2_PLACEMENT_2D('',#5089,#5090);
#5089 = CARTESIAN_POINT('',(21.,36.373066958946));
#5090 = DIRECTION('',(0.,-1.));
#5091 = ( GEOMETRIC_REPRESENTATION_CONTEXT(2) 
PARAMETRIC_REPRESENTATION_CONTEXT() REPRESENTATION_CONTEXT('2D SPACE',''
  ) );
#5092 = PCURVE('',#5093,#5098);
#5093 = CYLINDRICAL_SURFACE('',#5094,3.4);
#5094 = AXIS2_PLACEMENT_3D('',#5095,#5096,#5097);
#5095 = CARTESIAN_POINT('',(30.,-36.37306695894,21.));
#5096 = DIRECTION('',(-1.,-0.,-0.));
#5097 = DIRECTION('',(0.,1.,0.));
#5098 = DEFINITIONAL_REPRESENTATION('',(#5099),#5103);
#5099 = LINE('',#5100,#5101);
#5100 = CARTESIAN_POINT('',(-0.,-16.));
#5101 = VECTOR('',#5102,1.);
#5102 = DIRECTION('',(-1.,0.));
#5103 = ( GEOMETRIC_REPRESENTATION_CONTEXT(2) 
PARAMETRIC_REPRESENTATION_CONTEXT() REPRESENTATION_CONTEXT('2D SPACE',''
  ) );
#5104 = ADVANCED_FACE('',(#5105),#4058,.F.);
#5105 = FACE_BOUND('',#5106,.T.);
#5106 = EDGE_LOOP('',(#5107,#5130,#5157,#5158));
#5107 = ORIENTED_EDGE('',*,*,#5108,.T.);
#5108 = EDGE_CURVE('',#4042,#5109,#5111,.T.);
#5109 = VERTEX_POINT('',#5110);
#5110 = CARTESIAN_POINT('',(-30.,39.773066958946,-21.));
#5111 = SEAM_CURVE('',#5112,(#5116,#5123),.PCURVE_S1.);
#5112 = LINE('',#5113,#5114);
#5113 = CARTESIAN_POINT('',(-46.,39.773066958946,-21.));
#5114 = VECTOR('',#5115,1.);
#5115 = DIRECTION('',(1.,0.,0.));
#5116 = PCURVE('',#4058,#5117);
#5117 = DEFINITIONAL_REPRESENTATION('',(#5118),#5122);
#5118 = LINE('',#5119,#5120);
#5119 = CARTESIAN_POINT('',(-0.,0.));
#5120 = VECTOR('',#5121,1.);
#5121 = DIRECTION('',(-0.,-1.));
#5122 = ( GEOMETRIC_REPRESENTATION_CONTEXT(2) 
PARAMETRIC_REPRESENTATION_CONTEXT() REPRESENTATION_CONTEXT('2D SPACE',''
  ) );
#5123 = PCURVE('',#4058,#5124);
#5124 = DEFINITIONAL_REPRESENTATION('',(#5125),#5129);
#5125 = LINE('',#5126,#5127);
#5126 = CARTESIAN_POINT('',(-6.28318530718,0.));
#5127 = VECTOR('',#5128,1.);
#5128 = DIRECTION('',(-0.,-1.));
#5129 = ( GEOMETRIC_REPRESENTATION_CONTEXT(2) 
PARAMETRIC_REPRESENTATION_CONTEXT() REPRESENTATION_CONTEXT('2D SPACE',''
  ) );
#5130 = ORIENTED_EDGE('',*,*,#5131,.T.);
#5131 = EDGE_CURVE('',#5109,#5109,#5132,.T.);
#5132 = SURFACE_CURVE('',#5133,(#5138,#5145),.PCURVE_S1.);
#5133 = CIRCLE('',#5134,3.4);
#5134 = AXIS2_PLACEMENT_3D('',#5135,#5136,#5137);
#5135 = CARTESIAN_POINT('',(-30.,36.373066958946,-21.));
#5136 = DIRECTION('',(1.,0.,0.));
#5137 = DIRECTION('',(0.,1.,0.));
#5138 = PCURVE('',#4058,#5139);
#5139 = DEFINITIONAL_REPRESENTATION('',(#5140),#5144);
#5140 = LINE('',#5141,#5142);
#5141 = CARTESIAN_POINT('',(-0.,-16.));
#5142 = VECTOR('',#5143,1.);
#5143 = DIRECTION('',(-1.,0.));
#5144 = ( GEOMETRIC_REPRESENTATION_CONTEXT(2) 
PARAMETRIC_REPRESENTATION_CONTEXT() REPRESENTATION_CONTEXT('2D SPACE',''
  ) );
#5145 = PCURVE('',#5146,#5151);
#5146 = PLANE('',#5147);
#5147 = AXIS2_PLACEMENT_3D('',#5148,#5149,#5150);
#5148 = CARTESIAN_POINT('',(-30.,36.373066958946,-21.));
#5149 = DIRECTION('',(1.,0.,0.));
#5150 = DIRECTION('',(-0.,0.,1.));
#5151 = DEFINITIONAL_REPRESENTATION('',(#5152),#5156);
#5152 = CIRCLE('',#5153,3.4);
#5153 = AXIS2_PLACEMENT_2D('',#5154,#5155);
#5154 = CARTESIAN_POINT('',(0.,0.));
#5155 = DIRECTION('',(0.,-1.));
#5156 = ( GEOMETRIC_REPRESENTATION_CONTEXT(2) 
PARAMETRIC_REPRESENTATION_CONTEXT() REPRESENTATION_CONTEXT('2D SPACE',''
  ) );
#5157 = ORIENTED_EDGE('',*,*,#5108,.F.);
#5158 = ORIENTED_EDGE('',*,*,#4041,.F.);
#5159 = ADVANCED_FACE('',(#5160),#4089,.F.);
#5160 = FACE_BOUND('',#5161,.T.);
#5161 = EDGE_LOOP('',(#5162,#5185,#5212,#5213));
#5162 = ORIENTED_EDGE('',*,*,#5163,.T.);
#5163 = EDGE_CURVE('',#4073,#5164,#5166,.T.);
#5164 = VERTEX_POINT('',#5165);
#5165 = CARTESIAN_POINT('',(-30.,39.773066958946,21.));
#5166 = SEAM_CURVE('',#5167,(#5171,#5178),.PCURVE_S1.);
#5167 = LINE('',#5168,#5169);
#5168 = CARTESIAN_POINT('',(-46.,39.773066958946,21.));
#5169 = VECTOR('',#5170,1.);
#5170 = DIRECTION('',(1.,0.,0.));
#5171 = PCURVE('',#4089,#5172);
#5172 = DEFINITIONAL_REPRESENTATION('',(#5173),#5177);
#5173 = LINE('',#5174,#5175);
#5174 = CARTESIAN_POINT('',(-0.,0.));
#5175 = VECTOR('',#5176,1.);
#5176 = DIRECTION('',(-0.,-1.));
#5177 = ( GEOMETRIC_REPRESENTATION_CONTEXT(2) 
PARAMETRIC_REPRESENTATION_CONTEXT() REPRESENTATION_CONTEXT('2D SPACE',''
  ) );
#5178 = PCURVE('',#4089,#5179);
#5179 = DEFINITIONAL_REPRESENTATION('',(#5180),#5184);
#5180 = LINE('',#5181,#5182);
#5181 = CARTESIAN_POINT('',(-6.28318530718,0.));
#5182 = VECTOR('',#5183,1.);
#5183 = DIRECTION('',(-0.,-1.));
#5184 = ( GEOMETRIC_REPRESENTATION_CONTEXT(2) 
PARAMETRIC_REPRESENTATION_CONTEXT() REPRESENTATION_CONTEXT('2D SPACE',''
  ) );
#5185 = ORIENTED_EDGE('',*,*,#5186,.T.);
#5186 = EDGE_CURVE('',#5164,#5164,#5187,.T.);
#5187 = SURFACE_CURVE('',#5188,(#5193,#5200),.PCURVE_S1.);
#5188 = CIRCLE('',#5189,3.4);
#5189 = AXIS2_PLACEMENT_3D('',#5190,#5191,#5192);
#5190 = CARTESIAN_POINT('',(-30.,36.373066958946,21.));
#5191 = DIRECTION('',(1.,0.,0.));
#5192 = DIRECTION('',(0.,1.,0.));
#5193 = PCURVE('',#4089,#5194);
#5194 = DEFINITIONAL_REPRESENTATION('',(#5195),#5199);
#5195 = LINE('',#5196,#5197);
#5196 = CARTESIAN_POINT('',(-0.,-16.));
#5197 = VECTOR('',#5198,1.);
#5198 = DIRECTION('',(-1.,0.));
#5199 = ( GEOMETRIC_REPRESENTATION_CONTEXT(2) 
PARAMETRIC_REPRESENTATION_CONTEXT() REPRESENTATION_CONTEXT('2D SPACE',''
  ) );
#5200 = PCURVE('',#5201,#5206);
#5201 = PLANE('',#5202);
#5202 = AXIS2_PLACEMENT_3D('',#5203,#5204,#5205);
#5203 = CARTESIAN_POINT('',(-30.,36.373066958946,21.));
#5204 = DIRECTION('',(1.,0.,0.));
#5205 = DIRECTION('',(-0.,0.,1.));
#5206 = DEFINITIONAL_REPRESENTATION('',(#5207),#5211);
#5207 = CIRCLE('',#5208,3.4);
#5208 = AXIS2_PLACEMENT_2D('',#5209,#5210);
#5209 = CARTESIAN_POINT('',(0.,0.));
#5210 = DIRECTION('',(0.,-1.));
#5211 = ( GEOMETRIC_REPRESENTATION_CONTEXT(2) 
PARAMETRIC_REPRESENTATION_CONTEXT() REPRESENTATION_CONTEXT('2D SPACE',''
  ) );
#5212 = ORIENTED_EDGE('',*,*,#5163,.F.);
#5213 = ORIENTED_EDGE('',*,*,#4072,.F.);
#5214 = ADVANCED_FACE('',(#5215),#4124,.F.);
#5215 = FACE_BOUND('',#5216,.T.);
#5216 = EDGE_LOOP('',(#5217,#5240,#5241,#5242));
#5217 = ORIENTED_EDGE('',*,*,#5218,.F.);
#5218 = EDGE_CURVE('',#4104,#5219,#5221,.T.);
#5219 = VERTEX_POINT('',#5220);
#5220 = CARTESIAN_POINT('',(-24.,31.,0.));
#5221 = SEAM_CURVE('',#5222,(#5226,#5233),.PCURVE_S1.);
#5222 = LINE('',#5223,#5224);
#5223 = CARTESIAN_POINT('',(-47.,31.,0.));
#5224 = VECTOR('',#5225,1.);
#5225 = DIRECTION('',(1.,0.,0.));
#5226 = PCURVE('',#4124,#5227);
#5227 = DEFINITIONAL_REPRESENTATION('',(#5228),#5232);
#5228 = LINE('',#5229,#5230);
#5229 = CARTESIAN_POINT('',(-6.28318530718,0.));
#5230 = VECTOR('',#5231,1.);
#5231 = DIRECTION('',(-0.,-1.));
#5232 = ( GEOMETRIC_REPRESENTATION_CONTEXT(2) 
PARAMETRIC_REPRESENTATION_CONTEXT() REPRESENTATION_CONTEXT('2D SPACE',''
  ) );
#5233 = PCURVE('',#4124,#5234);
#5234 = DEFINITIONAL_REPRESENTATION('',(#5235),#5239);
#5235 = LINE('',#5236,#5237);
#5236 = CARTESIAN_POINT('',(-0.,0.));
#5237 = VECTOR('',#5238,1.);
#5238 = DIRECTION('',(-0.,-1.));
#5239 = ( GEOMETRIC_REPRESENTATION_CONTEXT(2) 
PARAMETRIC_REPRESENTATION_CONTEXT() REPRESENTATION_CONTEXT('2D SPACE',''
  ) );
#5240 = ORIENTED_EDGE('',*,*,#4103,.T.);
#5241 = ORIENTED_EDGE('',*,*,#5218,.T.);
#5242 = ORIENTED_EDGE('',*,*,#5243,.F.);
#5243 = EDGE_CURVE('',#5219,#5219,#5244,.T.);
#5244 = SURFACE_CURVE('',#5245,(#5250,#5257),.PCURVE_S1.);
#5245 = CIRCLE('',#5246,31.);
#5246 = AXIS2_PLACEMENT_3D('',#5247,#5248,#5249);
#5247 = CARTESIAN_POINT('',(-24.,0.,0.));
#5248 = DIRECTION('',(-1.,0.,0.));
#5249 = DIRECTION('',(0.,1.,0.));
#5250 = PCURVE('',#4124,#5251);
#5251 = DEFINITIONAL_REPRESENTATION('',(#5252),#5256);
#5252 = LINE('',#5253,#5254);
#5253 = CARTESIAN_POINT('',(-6.28318530718,-23.));
#5254 = VECTOR('',#5255,1.);
#5255 = DIRECTION('',(1.,-0.));
#5256 = ( GEOMETRIC_REPRESENTATION_CONTEXT(2) 
PARAMETRIC_REPRESENTATION_CONTEXT() REPRESENTATION_CONTEXT('2D SPACE',''
  ) );
#5257 = PCURVE('',#5258,#5263);
#5258 = PLANE('',#5259);
#5259 = AXIS2_PLACEMENT_3D('',#5260,#5261,#5262);
#5260 = CARTESIAN_POINT('',(-24.,-3.21750619421E-15,-1.387933039034E-15)
  );
#5261 = DIRECTION('',(1.,0.,0.));
#5262 = DIRECTION('',(-0.,0.,1.));
#5263 = DEFINITIONAL_REPRESENTATION('',(#5264),#5272);
#5264 = ( BOUNDED_CURVE() B_SPLINE_CURVE(2,(#5265,#5266,#5267,#5268,
#5269,#5270,#5271),.UNSPECIFIED.,.T.,.F.) B_SPLINE_CURVE_WITH_KNOTS((1,2
    ,2,2,2,1),(-2.094395102393,0.,2.094395102393,4.188790204786,
6.28318530718,8.377580409573),.UNSPECIFIED.) CURVE() 
GEOMETRIC_REPRESENTATION_ITEM() RATIONAL_B_SPLINE_CURVE((1.,0.5,1.,0.5,
1.,0.5,1.)) REPRESENTATION_ITEM('') );
#5265 = CARTESIAN_POINT('',(1.387933039034E-15,-31.));
#5266 = CARTESIAN_POINT('',(-53.69357503463,-31.));
#5267 = CARTESIAN_POINT('',(-26.84678751731,15.5));
#5268 = CARTESIAN_POINT('',(-6.20487711568E-15,62.));
#5269 = CARTESIAN_POINT('',(26.846787517318,15.5));
#5270 = CARTESIAN_POINT('',(53.693575034635,-31.));
#5271 = CARTESIAN_POINT('',(1.387933039034E-15,-31.));
#5272 = ( GEOMETRIC_REPRESENTATION_CONTEXT(2) 
PARAMETRIC_REPRESENTATION_CONTEXT() REPRESENTATION_CONTEXT('2D SPACE',''
  ) );
#5273 = ADVANCED_FACE('',(#5274),#4155,.F.);
#5274 = FACE_BOUND('',#5275,.T.);
#5275 = EDGE_LOOP('',(#5276,#5299,#5326,#5327));
#5276 = ORIENTED_EDGE('',*,*,#5277,.T.);
#5277 = EDGE_CURVE('',#4139,#5278,#5280,.T.);
#5278 = VERTEX_POINT('',#5279);
#5279 = CARTESIAN_POINT('',(-30.,3.4,42.));
#5280 = SEAM_CURVE('',#5281,(#5285,#5292),.PCURVE_S1.);
#5281 = LINE('',#5282,#5283);
#5282 = CARTESIAN_POINT('',(-46.,3.4,42.));
#5283 = VECTOR('',#5284,1.);
#5284 = DIRECTION('',(1.,0.,0.));
#5285 = PCURVE('',#4155,#5286);
#5286 = DEFINITIONAL_REPRESENTATION('',(#5287),#5291);
#5287 = LINE('',#5288,#5289);
#5288 = CARTESIAN_POINT('',(-0.,0.));
#5289 = VECTOR('',#5290,1.);
#5290 = DIRECTION('',(-0.,-1.));
#5291 = ( GEOMETRIC_REPRESENTATION_CONTEXT(2) 
PARAMETRIC_REPRESENTATION_CONTEXT() REPRESENTATION_CONTEXT('2D SPACE',''
  ) );
#5292 = PCURVE('',#4155,#5293);
#5293 = DEFINITIONAL_REPRESENTATION('',(#5294),#5298);
#5294 = LINE('',#5295,#5296);
#5295 = CARTESIAN_POINT('',(-6.28318530718,0.));
#5296 = VECTOR('',#5297,1.);
#5297 = DIRECTION('',(-0.,-1.));
#5298 = ( GEOMETRIC_REPRESENTATION_CONTEXT(2) 
PARAMETRIC_REPRESENTATION_CONTEXT() REPRESENTATION_CONTEXT('2D SPACE',''
  ) );
#5299 = ORIENTED_EDGE('',*,*,#5300,.T.);
#5300 = EDGE_CURVE('',#5278,#5278,#5301,.T.);
#5301 = SURFACE_CURVE('',#5302,(#5307,#5314),.PCURVE_S1.);
#5302 = CIRCLE('',#5303,3.4);
#5303 = AXIS2_PLACEMENT_3D('',#5304,#5305,#5306);
#5304 = CARTESIAN_POINT('',(-30.,2.571758278209E-15,42.));
#5305 = DIRECTION('',(1.,0.,0.));
#5306 = DIRECTION('',(0.,1.,0.));
#5307 = PCURVE('',#4155,#5308);
#5308 = DEFINITIONAL_REPRESENTATION('',(#5309),#5313);
#5309 = LINE('',#5310,#5311);
#5310 = CARTESIAN_POINT('',(-0.,-16.));
#5311 = VECTOR('',#5312,1.);
#5312 = DIRECTION('',(-1.,0.));
#5313 = ( GEOMETRIC_REPRESENTATION_CONTEXT(2) 
PARAMETRIC_REPRESENTATION_CONTEXT() REPRESENTATION_CONTEXT('2D SPACE',''
  ) );
#5314 = PCURVE('',#5315,#5320);
#5315 = PLANE('',#5316);
#5316 = AXIS2_PLACEMENT_3D('',#5317,#5318,#5319);
#5317 = CARTESIAN_POINT('',(-30.,2.47121120964E-15,42.));
#5318 = DIRECTION('',(1.,0.,0.));
#5319 = DIRECTION('',(-0.,0.,1.));
#5320 = DEFINITIONAL_REPRESENTATION('',(#5321),#5325);
#5321 = CIRCLE('',#5322,3.4);
#5322 = AXIS2_PLACEMENT_2D('',#5323,#5324);
#5323 = CARTESIAN_POINT('',(0.,-1.005470685691E-16));
#5324 = DIRECTION('',(0.,-1.));
#5325 = ( GEOMETRIC_REPRESENTATION_CONTEXT(2) 
PARAMETRIC_REPRESENTATION_CONTEXT() REPRESENTATION_CONTEXT('2D SPACE',''
  ) );
#5326 = ORIENTED_EDGE('',*,*,#5277,.F.);
#5327 = ORIENTED_EDGE('',*,*,#4138,.F.);
#5328 = ADVANCED_FACE('',(#5329),#4186,.F.);
#5329 = FACE_BOUND('',#5330,.T.);
#5330 = EDGE_LOOP('',(#5331,#5354,#5381,#5382));
#5331 = ORIENTED_EDGE('',*,*,#5332,.T.);
#5332 = EDGE_CURVE('',#4170,#5333,#5335,.T.);
#5333 = VERTEX_POINT('',#5334);
#5334 = CARTESIAN_POINT('',(-30.,3.4,-42.));
#5335 = SEAM_CURVE('',#5336,(#5340,#5347),.PCURVE_S1.);
#5336 = LINE('',#5337,#5338);
#5337 = CARTESIAN_POINT('',(-46.,3.4,-42.));
#5338 = VECTOR('',#5339,1.);
#5339 = DIRECTION('',(1.,0.,0.));
#5340 = PCURVE('',#4186,#5341);
#5341 = DEFINITIONAL_REPRESENTATION('',(#5342),#5346);
#5342 = LINE('',#5343,#5344);
#5343 = CARTESIAN_POINT('',(-0.,0.));
#5344 = VECTOR('',#5345,1.);
#5345 = DIRECTION('',(-0.,-1.));
#5346 = ( GEOMETRIC_REPRESENTATION_CONTEXT(2) 
PARAMETRIC_REPRESENTATION_CONTEXT() REPRESENTATION_CONTEXT('2D SPACE',''
  ) );
#5347 = PCURVE('',#4186,#5348);
#5348 = DEFINITIONAL_REPRESENTATION('',(#5349),#5353);
#5349 = LINE('',#5350,#5351);
#5350 = CARTESIAN_POINT('',(-6.28318530718,0.));
#5351 = VECTOR('',#5352,1.);
#5352 = DIRECTION('',(-0.,-1.));
#5353 = ( GEOMETRIC_REPRESENTATION_CONTEXT(2) 
PARAMETRIC_REPRESENTATION_CONTEXT() REPRESENTATION_CONTEXT('2D SPACE',''
  ) );
#5354 = ORIENTED_EDGE('',*,*,#5355,.T.);
#5355 = EDGE_CURVE('',#5333,#5333,#5356,.T.);
#5356 = SURFACE_CURVE('',#5357,(#5362,#5369),.PCURVE_S1.);
#5357 = CIRCLE('',#5358,3.4);
#5358 = AXIS2_PLACEMENT_3D('',#5359,#5360,#5361);
#5359 = CARTESIAN_POINT('',(-30.,-7.715274834628E-15,-42.));
#5360 = DIRECTION('',(1.,0.,0.));
#5361 = DIRECTION('',(0.,1.,0.));
#5362 = PCURVE('',#4186,#5363);
#5363 = DEFINITIONAL_REPRESENTATION('',(#5364),#5368);
#5364 = LINE('',#5365,#5366);
#5365 = CARTESIAN_POINT('',(-0.,-16.));
#5366 = VECTOR('',#5367,1.);
#5367 = DIRECTION('',(-1.,0.));
#5368 = ( GEOMETRIC_REPRESENTATION_CONTEXT(2) 
PARAMETRIC_REPRESENTATION_CONTEXT() REPRESENTATION_CONTEXT('2D SPACE',''
  ) );
#5369 = PCURVE('',#5370,#5375);
#5370 = PLANE('',#5371);
#5371 = AXIS2_PLACEMENT_3D('',#5372,#5373,#5374);
#5372 = CARTESIAN_POINT('',(-30.,35.,-86.));
#5373 = DIRECTION('',(1.,0.,-0.));
#5374 = DIRECTION('',(0.,-1.,0.));
#5375 = DEFINITIONAL_REPRESENTATION('',(#5376),#5380);
#5376 = CIRCLE('',#5377,3.4);
#5377 = AXIS2_PLACEMENT_2D('',#5378,#5379);
#5378 = CARTESIAN_POINT('',(35.,-44.));
#5379 = DIRECTION('',(-1.,-0.));
#5380 = ( GEOMETRIC_REPRESENTATION_CONTEXT(2) 
PARAMETRIC_REPRESENTATION_CONTEXT() REPRESENTATION_CONTEXT('2D SPACE',''
  ) );
#5381 = ORIENTED_EDGE('',*,*,#5332,.F.);
#5382 = ORIENTED_EDGE('',*,*,#4169,.F.);
#5383 = ADVANCED_FACE('',(#5384),#4217,.F.);
#5384 = FACE_BOUND('',#5385,.T.);
#5385 = EDGE_LOOP('',(#5386,#5409,#5436,#5437));
#5386 = ORIENTED_EDGE('',*,*,#5387,.T.);
#5387 = EDGE_CURVE('',#4201,#5388,#5390,.T.);
#5388 = VERTEX_POINT('',#5389);
#5389 = CARTESIAN_POINT('',(-30.,-32.97306695894,-21.));
#5390 = SEAM_CURVE('',#5391,(#5395,#5402),.PCURVE_S1.);
#5391 = LINE('',#5392,#5393);
#5392 = CARTESIAN_POINT('',(-46.,-32.97306695894,-21.));
#5393 = VECTOR('',#5394,1.);
#5394 = DIRECTION('',(1.,0.,0.));
#5395 = PCURVE('',#4217,#5396);
#5396 = DEFINITIONAL_REPRESENTATION('',(#5397),#5401);
#5397 = LINE('',#5398,#5399);
#5398 = CARTESIAN_POINT('',(-0.,0.));
#5399 = VECTOR('',#5400,1.);
#5400 = DIRECTION('',(-0.,-1.));
#5401 = ( GEOMETRIC_REPRESENTATION_CONTEXT(2) 
PARAMETRIC_REPRESENTATION_CONTEXT() REPRESENTATION_CONTEXT('2D SPACE',''
  ) );
#5402 = PCURVE('',#4217,#5403);
#5403 = DEFINITIONAL_REPRESENTATION('',(#5404),#5408);
#5404 = LINE('',#5405,#5406);
#5405 = CARTESIAN_POINT('',(-6.28318530718,0.));
#5406 = VECTOR('',#5407,1.);
#5407 = DIRECTION('',(-0.,-1.));
#5408 = ( GEOMETRIC_REPRESENTATION_CONTEXT(2) 
PARAMETRIC_REPRESENTATION_CONTEXT() REPRESENTATION_CONTEXT('2D SPACE',''
  ) );
#5409 = ORIENTED_EDGE('',*,*,#5410,.T.);
#5410 = EDGE_CURVE('',#5388,#5388,#5411,.T.);
#5411 = SURFACE_CURVE('',#5412,(#5417,#5424),.PCURVE_S1.);
#5412 = CIRCLE('',#5413,3.4);
#5413 = AXIS2_PLACEMENT_3D('',#5414,#5415,#5416);
#5414 = CARTESIAN_POINT('',(-30.,-36.37306695894,-21.));
#5415 = DIRECTION('',(1.,0.,0.));
#5416 = DIRECTION('',(0.,1.,0.));
#5417 = PCURVE('',#4217,#5418);
#5418 = DEFINITIONAL_REPRESENTATION('',(#5419),#5423);
#5419 = LINE('',#5420,#5421);
#5420 = CARTESIAN_POINT('',(-0.,-16.));
#5421 = VECTOR('',#5422,1.);
#5422 = DIRECTION('',(-1.,0.));
#5423 = ( GEOMETRIC_REPRESENTATION_CONTEXT(2) 
PARAMETRIC_REPRESENTATION_CONTEXT() REPRESENTATION_CONTEXT('2D SPACE',''
  ) );
#5424 = PCURVE('',#5425,#5430);
#5425 = PLANE('',#5426);
#5426 = AXIS2_PLACEMENT_3D('',#5427,#5428,#5429);
#5427 = CARTESIAN_POINT('',(-30.,-36.37306695894,-21.));
#5428 = DIRECTION('',(1.,0.,0.));
#5429 = DIRECTION('',(-0.,0.,1.));
#5430 = DEFINITIONAL_REPRESENTATION('',(#5431),#5435);
#5431 = CIRCLE('',#5432,3.4);
#5432 = AXIS2_PLACEMENT_2D('',#5433,#5434);
#5433 = CARTESIAN_POINT('',(0.,0.));
#5434 = DIRECTION('',(0.,-1.));
#5435 = ( GEOMETRIC_REPRESENTATION_CONTEXT(2) 
PARAMETRIC_REPRESENTATION_CONTEXT() REPRESENTATION_CONTEXT('2D SPACE',''
  ) );
#5436 = ORIENTED_EDGE('',*,*,#5387,.F.);
#5437 = ORIENTED_EDGE('',*,*,#4200,.F.);
#5438 = ADVANCED_FACE('',(#5439),#4248,.F.);
#5439 = FACE_BOUND('',#5440,.T.);
#5440 = EDGE_LOOP('',(#5441,#5464,#5491,#5492));
#5441 = ORIENTED_EDGE('',*,*,#5442,.T.);
#5442 = EDGE_CURVE('',#4232,#5443,#5445,.T.);
#5443 = VERTEX_POINT('',#5444);
#5444 = CARTESIAN_POINT('',(-30.,-32.97306695894,21.));
#5445 = SEAM_CURVE('',#5446,(#5450,#5457),.PCURVE_S1.);
#5446 = LINE('',#5447,#5448);
#5447 = CARTESIAN_POINT('',(-46.,-32.97306695894,21.));
#5448 = VECTOR('',#5449,1.);
#5449 = DIRECTION('',(1.,0.,0.));
#5450 = PCURVE('',#4248,#5451);
#5451 = DEFINITIONAL_REPRESENTATION('',(#5452),#5456);
#5452 = LINE('',#5453,#5454);
#5453 = CARTESIAN_POINT('',(-0.,0.));
#5454 = VECTOR('',#5455,1.);
#5455 = DIRECTION('',(-0.,-1.));
#5456 = ( GEOMETRIC_REPRESENTATION_CONTEXT(2) 
PARAMETRIC_REPRESENTATION_CONTEXT() REPRESENTATION_CONTEXT('2D SPACE',''
  ) );
#5457 = PCURVE('',#4248,#5458);
#5458 = DEFINITIONAL_REPRESENTATION('',(#5459),#5463);
#5459 = LINE('',#5460,#5461);
#5460 = CARTESIAN_POINT('',(-6.28318530718,0.));
#5461 = VECTOR('',#5462,1.);
#5462 = DIRECTION('',(-0.,-1.));
#5463 = ( GEOMETRIC_REPRESENTATION_CONTEXT(2) 
PARAMETRIC_REPRESENTATION_CONTEXT() REPRESENTATION_CONTEXT('2D SPACE',''
  ) );
#5464 = ORIENTED_EDGE('',*,*,#5465,.T.);
#5465 = EDGE_CURVE('',#5443,#5443,#5466,.T.);
#5466 = SURFACE_CURVE('',#5467,(#5472,#5479),.PCURVE_S1.);
#5467 = CIRCLE('',#5468,3.4);
#5468 = AXIS2_PLACEMENT_3D('',#5469,#5470,#5471);
#5469 = CARTESIAN_POINT('',(-30.,-36.37306695894,21.));
#5470 = DIRECTION('',(1.,0.,0.));
#5471 = DIRECTION('',(0.,1.,0.));
#5472 = PCURVE('',#4248,#5473);
#5473 = DEFINITIONAL_REPRESENTATION('',(#5474),#5478);
#5474 = LINE('',#5475,#5476);
#5475 = CARTESIAN_POINT('',(-0.,-16.));
#5476 = VECTOR('',#5477,1.);
#5477 = DIRECTION('',(-1.,0.));
#5478 = ( GEOMETRIC_REPRESENTATION_CONTEXT(2) 
PARAMETRIC_REPRESENTATION_CONTEXT() REPRESENTATION_CONTEXT('2D SPACE',''
  ) );
#5479 = PCURVE('',#5480,#5485);
#5480 = PLANE('',#5481);
#5481 = AXIS2_PLACEMENT_3D('',#5482,#5483,#5484);
#5482 = CARTESIAN_POINT('',(-30.,-36.37306695894,21.));
#5483 = DIRECTION('',(1.,0.,0.));
#5484 = DIRECTION('',(-0.,0.,1.));
#5485 = DEFINITIONAL_REPRESENTATION('',(#5486),#5490);
#5486 = CIRCLE('',#5487,3.4);
#5487 = AXIS2_PLACEMENT_2D('',#5488,#5489);
#5488 = CARTESIAN_POINT('',(0.,0.));
#5489 = DIRECTION('',(0.,-1.));
#5490 = ( GEOMETRIC_REPRESENTATION_CONTEXT(2) 
PARAMETRIC_REPRESENTATION_CONTEXT() REPRESENTATION_CONTEXT('2D SPACE',''
  ) );
#5491 = ORIENTED_EDGE('',*,*,#5442,.F.);
#5492 = ORIENTED_EDGE('',*,*,#4231,.F.);
#5493 = ADVANCED_FACE('',(#5494),#4287,.F.);
#5494 = FACE_BOUND('',#5495,.T.);
#5495 = EDGE_LOOP('',(#5496,#5519,#5545,#5546));
#5496 = ORIENTED_EDGE('',*,*,#5497,.F.);
#5497 = EDGE_CURVE('',#5498,#4267,#5500,.T.);
#5498 = VERTEX_POINT('',#5499);
#5499 = CARTESIAN_POINT('',(-33.,-68.,-85.));
#5500 = SEAM_CURVE('',#5501,(#5505,#5512),.PCURVE_S1.);
#5501 = LINE('',#5502,#5503);
#5502 = CARTESIAN_POINT('',(-33.,-68.,-86.));
#5503 = VECTOR('',#5504,1.);
#5504 = DIRECTION('',(0.,0.,1.));
#5505 = PCURVE('',#4287,#5506);
#5506 = DEFINITIONAL_REPRESENTATION('',(#5507),#5511);
#5507 = LINE('',#5508,#5509);
#5508 = CARTESIAN_POINT('',(-6.28318530718,0.));
#5509 = VECTOR('',#5510,1.);
#5510 = DIRECTION('',(-0.,-1.));
#5511 = ( GEOMETRIC_REPRESENTATION_CONTEXT(2) 
PARAMETRIC_REPRESENTATION_CONTEXT() REPRESENTATION_CONTEXT('2D SPACE',''
  ) );
#5512 = PCURVE('',#4287,#5513);
#5513 = DEFINITIONAL_REPRESENTATION('',(#5514),#5518);
#5514 = LINE('',#5515,#5516);
#5515 = CARTESIAN_POINT('',(-0.,0.));
#5516 = VECTOR('',#5517,1.);
#5517 = DIRECTION('',(-0.,-1.));
#5518 = ( GEOMETRIC_REPRESENTATION_CONTEXT(2) 
PARAMETRIC_REPRESENTATION_CONTEXT() REPRESENTATION_CONTEXT('2D SPACE',''
  ) );
#5519 = ORIENTED_EDGE('',*,*,#5520,.T.);
#5520 = EDGE_CURVE('',#5498,#5498,#5521,.T.);
#5521 = SURFACE_CURVE('',#5522,(#5527,#5534),.PCURVE_S1.);
#5522 = CIRCLE('',#5523,7.);
#5523 = AXIS2_PLACEMENT_3D('',#5524,#5525,#5526);
#5524 = CARTESIAN_POINT('',(-40.,-68.,-85.));
#5525 = DIRECTION('',(0.,0.,-1.));
#5526 = DIRECTION('',(1.,0.,0.));
#5527 = PCURVE('',#4287,#5528);
#5528 = DEFINITIONAL_REPRESENTATION('',(#5529),#5533);
#5529 = LINE('',#5530,#5531);
#5530 = CARTESIAN_POINT('',(-6.28318530718,-1.));
#5531 = VECTOR('',#5532,1.);
#5532 = DIRECTION('',(1.,-0.));
#5533 = ( GEOMETRIC_REPRESENTATION_CONTEXT(2) 
PARAMETRIC_REPRESENTATION_CONTEXT() REPRESENTATION_CONTEXT('2D SPACE',''
  ) );
#5534 = PCURVE('',#4342,#5535);
#5535 = DEFINITIONAL_REPRESENTATION('',(#5536),#5544);
#5536 = ( BOUNDED_CURVE() B_SPLINE_CURVE(2,(#5537,#5538,#5539,#5540,
#5541,#5542,#5543),.UNSPECIFIED.,.T.,.F.) B_SPLINE_CURVE_WITH_KNOTS((1,2
    ,2,2,2,1),(-2.094395102393,0.,2.094395102393,4.188790204786,
6.28318530718,8.377580409573),.UNSPECIFIED.) CURVE() 
GEOMETRIC_REPRESENTATION_ITEM() RATIONAL_B_SPLINE_CURVE((1.,0.5,1.,0.5,
1.,0.5,1.)) REPRESENTATION_ITEM('') );
#5537 = CARTESIAN_POINT('',(27.,17.));
#5538 = CARTESIAN_POINT('',(27.,4.875644347018));
#5539 = CARTESIAN_POINT('',(16.5,10.937822173509));
#5540 = CARTESIAN_POINT('',(6.,17.));
#5541 = CARTESIAN_POINT('',(16.5,23.062177826491));
#5542 = CARTESIAN_POINT('',(27.,29.124355652982));
#5543 = CARTESIAN_POINT('',(27.,17.));
#5544 = ( GEOMETRIC_REPRESENTATION_CONTEXT(2) 
PARAMETRIC_REPRESENTATION_CONTEXT() REPRESENTATION_CONTEXT('2D SPACE',''
  ) );
#5545 = ORIENTED_EDGE('',*,*,#5497,.T.);
#5546 = ORIENTED_EDGE('',*,*,#4266,.F.);
#5547 = ADVANCED_FACE('',(#5548,#5558,#5561,#5591,#5621,#5838),#4342,.F.
  );
#5548 = FACE_BOUND('',#5549,.F.);
#5549 = EDGE_LOOP('',(#5550,#5551,#5552,#5553,#5554,#5555,#5556,#5557));
#5550 = ORIENTED_EDGE('',*,*,#4326,.F.);
#5551 = ORIENTED_EDGE('',*,*,#4378,.T.);
#5552 = ORIENTED_EDGE('',*,*,#4482,.T.);
#5553 = ORIENTED_EDGE('',*,*,#4580,.F.);
#5554 = ORIENTED_EDGE('',*,*,#4686,.T.);
#5555 = ORIENTED_EDGE('',*,*,#4634,.T.);
#5556 = ORIENTED_EDGE('',*,*,#4531,.F.);
#5557 = ORIENTED_EDGE('',*,*,#4428,.F.);
#5558 = FACE_BOUND('',#5559,.F.);
#5559 = EDGE_LOOP('',(#5560));
#5560 = ORIENTED_EDGE('',*,*,#5520,.T.);
#5561 = FACE_BOUND('',#5562,.F.);
#5562 = EDGE_LOOP('',(#5563));
#5563 = ORIENTED_EDGE('',*,*,#5564,.T.);
#5564 = EDGE_CURVE('',#5565,#5565,#5567,.T.);
#5565 = VERTEX_POINT('',#5566);
#5566 = CARTESIAN_POINT('',(47.,-68.,-85.));
#5567 = SURFACE_CURVE('',#5568,(#5573,#5584),.PCURVE_S1.);
#5568 = CIRCLE('',#5569,7.);
#5569 = AXIS2_PLACEMENT_3D('',#5570,#5571,#5572);
#5570 = CARTESIAN_POINT('',(40.,-68.,-85.));
#5571 = DIRECTION('',(0.,0.,-1.));
#5572 = DIRECTION('',(1.,0.,0.));
#5573 = PCURVE('',#4342,#5574);
#5574 = DEFINITIONAL_REPRESENTATION('',(#5575),#5583);
#5575 = ( BOUNDED_CURVE() B_SPLINE_CURVE(2,(#5576,#5577,#5578,#5579,
#5580,#5581,#5582),.UNSPECIFIED.,.T.,.F.) B_SPLINE_CURVE_WITH_KNOTS((1,2
    ,2,2,2,1),(-2.094395102393,0.,2.094395102393,4.188790204786,
6.28318530718,8.377580409573),.UNSPECIFIED.) CURVE() 
GEOMETRIC_REPRESENTATION_ITEM() RATIONAL_B_SPLINE_CURVE((1.,0.5,1.,0.5,
1.,0.5,1.)) REPRESENTATION_ITEM('') );
#5576 = CARTESIAN_POINT('',(107.,17.));
#5577 = CARTESIAN_POINT('',(107.,4.875644347018));
#5578 = CARTESIAN_POINT('',(96.5,10.937822173509));
#5579 = CARTESIAN_POINT('',(86.,17.));
#5580 = CARTESIAN_POINT('',(96.5,23.062177826491));
#5581 = CARTESIAN_POINT('',(107.,29.124355652982));
#5582 = CARTESIAN_POINT('',(107.,17.));
#5583 = ( GEOMETRIC_REPRESENTATION_CONTEXT(2) 
PARAMETRIC_REPRESENTATION_CONTEXT() REPRESENTATION_CONTEXT('2D SPACE',''
  ) );
#5584 = PCURVE('',#4829,#5585);
#5585 = DEFINITIONAL_REPRESENTATION('',(#5586),#5590);
#5586 = LINE('',#5587,#5588);
#5587 = CARTESIAN_POINT('',(-6.28318530718,-1.));
#5588 = VECTOR('',#5589,1.);
#5589 = DIRECTION('',(1.,-0.));
#5590 = ( GEOMETRIC_REPRESENTATION_CONTEXT(2) 
PARAMETRIC_REPRESENTATION_CONTEXT() REPRESENTATION_CONTEXT('2D SPACE',''
  ) );
#5591 = FACE_BOUND('',#5592,.F.);
#5592 = EDGE_LOOP('',(#5593));
#5593 = ORIENTED_EDGE('',*,*,#5594,.T.);
#5594 = EDGE_CURVE('',#5595,#5595,#5597,.T.);
#5595 = VERTEX_POINT('',#5596);
#5596 = CARTESIAN_POINT('',(-33.,68.,-85.));
#5597 = SURFACE_CURVE('',#5598,(#5603,#5614),.PCURVE_S1.);
#5598 = CIRCLE('',#5599,7.);
#5599 = AXIS2_PLACEMENT_3D('',#5600,#5601,#5602);
#5600 = CARTESIAN_POINT('',(-40.,68.,-85.));
#5601 = DIRECTION('',(0.,0.,-1.));
#5602 = DIRECTION('',(1.,0.,0.));
#5603 = PCURVE('',#4342,#5604);
#5604 = DEFINITIONAL_REPRESENTATION('',(#5605),#5613);
#5605 = ( BOUNDED_CURVE() B_SPLINE_CURVE(2,(#5606,#5607,#5608,#5609,
#5610,#5611,#5612),.UNSPECIFIED.,.T.,.F.) B_SPLINE_CURVE_WITH_KNOTS((1,2
    ,2,2,2,1),(-2.094395102393,0.,2.094395102393,4.188790204786,
6.28318530718,8.377580409573),.UNSPECIFIED.) CURVE() 
GEOMETRIC_REPRESENTATION_ITEM() RATIONAL_B_SPLINE_CURVE((1.,0.5,1.,0.5,
1.,0.5,1.)) REPRESENTATION_ITEM('') );
#5606 = CARTESIAN_POINT('',(27.,153.));
#5607 = CARTESIAN_POINT('',(27.,140.87564434701));
#5608 = CARTESIAN_POINT('',(16.5,146.9378221735));
#5609 = CARTESIAN_POINT('',(6.,153.));
#5610 = CARTESIAN_POINT('',(16.5,159.06217782649));
#5611 = CARTESIAN_POINT('',(27.,165.12435565298));
#5612 = CARTESIAN_POINT('',(27.,153.));
#5613 = ( GEOMETRIC_REPRESENTATION_CONTEXT(2) 
PARAMETRIC_REPRESENTATION_CONTEXT() REPRESENTATION_CONTEXT('2D SPACE',''
  ) );
#5614 = PCURVE('',#4735,#5615);
#5615 = DEFINITIONAL_REPRESENTATION('',(#5616),#5620);
#5616 = LINE('',#5617,#5618);
#5617 = CARTESIAN_POINT('',(-6.28318530718,-1.));
#5618 = VECTOR('',#5619,1.);
#5619 = DIRECTION('',(1.,-0.));
#5620 = ( GEOMETRIC_REPRESENTATION_CONTEXT(2) 
PARAMETRIC_REPRESENTATION_CONTEXT() REPRESENTATION_CONTEXT('2D SPACE',''
  ) );
#5621 = FACE_BOUND('',#5622,.F.);
#5622 = EDGE_LOOP('',(#5623,#5654,#5680,#5709,#5730,#5759,#5785,#5814));
#5623 = ORIENTED_EDGE('',*,*,#5624,.F.);
#5624 = EDGE_CURVE('',#5625,#5627,#5629,.T.);
#5625 = VERTEX_POINT('',#5626);
#5626 = CARTESIAN_POINT('',(22.,-35.,-85.));
#5627 = VERTEX_POINT('',#5628);
#5628 = CARTESIAN_POINT('',(30.,-27.,-85.));
#5629 = SURFACE_CURVE('',#5630,(#5635,#5642),.PCURVE_S1.);
#5630 = CIRCLE('',#5631,8.);
#5631 = AXIS2_PLACEMENT_3D('',#5632,#5633,#5634);
#5632 = CARTESIAN_POINT('',(22.,-27.,-85.));
#5633 = DIRECTION('',(0.,0.,1.));
#5634 = DIRECTION('',(0.,-1.,0.));
#5635 = PCURVE('',#4342,#5636);
#5636 = DEFINITIONAL_REPRESENTATION('',(#5637),#5641);
#5637 = CIRCLE('',#5638,8.);
#5638 = AXIS2_PLACEMENT_2D('',#5639,#5640);
#5639 = CARTESIAN_POINT('',(82.,58.));
#5640 = DIRECTION('',(0.,-1.));
#5641 = ( GEOMETRIC_REPRESENTATION_CONTEXT(2) 
PARAMETRIC_REPRESENTATION_CONTEXT() REPRESENTATION_CONTEXT('2D SPACE',''
  ) );
#5642 = PCURVE('',#5643,#5648);
#5643 = CYLINDRICAL_SURFACE('',#5644,8.);
#5644 = AXIS2_PLACEMENT_3D('',#5645,#5646,#5647);
#5645 = CARTESIAN_POINT('',(22.,-27.,-86.));
#5646 = DIRECTION('',(0.,0.,1.));
#5647 = DIRECTION('',(0.,-1.,0.));
#5648 = DEFINITIONAL_REPRESENTATION('',(#5649),#5653);
#5649 = LINE('',#5650,#5651);
#5650 = CARTESIAN_POINT('',(0.,1.));
#5651 = VECTOR('',#5652,1.);
#5652 = DIRECTION('',(1.,0.));
#5653 = ( GEOMETRIC_REPRESENTATION_CONTEXT(2) 
PARAMETRIC_REPRESENTATION_CONTEXT() REPRESENTATION_CONTEXT('2D SPACE',''
  ) );
#5654 = ORIENTED_EDGE('',*,*,#5655,.T.);
#5655 = EDGE_CURVE('',#5625,#5656,#5658,.T.);
#5656 = VERTEX_POINT('',#5657);
#5657 = CARTESIAN_POINT('',(-22.,-35.,-85.));
#5658 = SURFACE_CURVE('',#5659,(#5663,#5669),.PCURVE_S1.);
#5659 = LINE('',#5660,#5661);
#5660 = CARTESIAN_POINT('',(-45.,-35.,-85.));
#5661 = VECTOR('',#5662,1.);
#5662 = DIRECTION('',(-1.,0.,0.));
#5663 = PCURVE('',#4342,#5664);
#5664 = DEFINITIONAL_REPRESENTATION('',(#5665),#5668);
#5665 = B_SPLINE_CURVE_WITH_KNOTS('',1,(#5666,#5667),.UNSPECIFIED.,.F.,
  .F.,(2,2),(-67.,-23.),.PIECEWISE_BEZIER_KNOTS.);
#5666 = CARTESIAN_POINT('',(82.,50.));
#5667 = CARTESIAN_POINT('',(38.,50.));
#5668 = ( GEOMETRIC_REPRESENTATION_CONTEXT(2) 
PARAMETRIC_REPRESENTATION_CONTEXT() REPRESENTATION_CONTEXT('2D SPACE',''
  ) );
#5669 = PCURVE('',#5670,#5675);
#5670 = PLANE('',#5671);
#5671 = AXIS2_PLACEMENT_3D('',#5672,#5673,#5674);
#5672 = CARTESIAN_POINT('',(-30.,-35.,-86.));
#5673 = DIRECTION('',(0.,1.,0.));
#5674 = DIRECTION('',(1.,0.,0.));
#5675 = DEFINITIONAL_REPRESENTATION('',(#5676),#5679);
#5676 = B_SPLINE_CURVE_WITH_KNOTS('',1,(#5677,#5678),.UNSPECIFIED.,.F.,
  .F.,(2,2),(-67.,-23.),.PIECEWISE_BEZIER_KNOTS.);
#5677 = CARTESIAN_POINT('',(52.,-1.));
#5678 = CARTESIAN_POINT('',(8.,-1.));
#5679 = ( GEOMETRIC_REPRESENTATION_CONTEXT(2) 
PARAMETRIC_REPRESENTATION_CONTEXT() REPRESENTATION_CONTEXT('2D SPACE',''
  ) );
#5680 = ORIENTED_EDGE('',*,*,#5681,.F.);
#5681 = EDGE_CURVE('',#5682,#5656,#5684,.T.);
#5682 = VERTEX_POINT('',#5683);
#5683 = CARTESIAN_POINT('',(-30.,-27.,-85.));
#5684 = SURFACE_CURVE('',#5685,(#5690,#5697),.PCURVE_S1.);
#5685 = CIRCLE('',#5686,8.);
#5686 = AXIS2_PLACEMENT_3D('',#5687,#5688,#5689);
#5687 = CARTESIAN_POINT('',(-22.,-27.,-85.));
#5688 = DIRECTION('',(0.,0.,1.));
#5689 = DIRECTION('',(0.,-1.,0.));
#5690 = PCURVE('',#4342,#5691);
#5691 = DEFINITIONAL_REPRESENTATION('',(#5692),#5696);
#5692 = CIRCLE('',#5693,8.);
#5693 = AXIS2_PLACEMENT_2D('',#5694,#5695);
#5694 = CARTESIAN_POINT('',(38.,58.));
#5695 = DIRECTION('',(0.,-1.));
#5696 = ( GEOMETRIC_REPRESENTATION_CONTEXT(2) 
PARAMETRIC_REPRESENTATION_CONTEXT() REPRESENTATION_CONTEXT('2D SPACE',''
  ) );
#5697 = PCURVE('',#5698,#5703);
#5698 = CYLINDRICAL_SURFACE('',#5699,8.);
#5699 = AXIS2_PLACEMENT_3D('',#5700,#5701,#5702);
#5700 = CARTESIAN_POINT('',(-22.,-27.,-86.));
#5701 = DIRECTION('',(0.,0.,1.));
#5702 = DIRECTION('',(0.,-1.,0.));
#5703 = DEFINITIONAL_REPRESENTATION('',(#5704),#5708);
#5704 = LINE('',#5705,#5706);
#5705 = CARTESIAN_POINT('',(-6.28318530718,1.));
#5706 = VECTOR('',#5707,1.);
#5707 = DIRECTION('',(1.,-0.));
#5708 = ( GEOMETRIC_REPRESENTATION_CONTEXT(2) 
PARAMETRIC_REPRESENTATION_CONTEXT() REPRESENTATION_CONTEXT('2D SPACE',''
  ) );
#5709 = ORIENTED_EDGE('',*,*,#5710,.T.);
#5710 = EDGE_CURVE('',#5682,#5711,#5713,.T.);
#5711 = VERTEX_POINT('',#5712);
#5712 = CARTESIAN_POINT('',(-30.,27.,-85.));
#5713 = SURFACE_CURVE('',#5714,(#5718,#5724),.PCURVE_S1.);
#5714 = LINE('',#5715,#5716);
#5715 = CARTESIAN_POINT('',(-30.,-25.,-85.));
#5716 = VECTOR('',#5717,1.);
#5717 = DIRECTION('',(-0.,1.,0.));
#5718 = PCURVE('',#4342,#5719);
#5719 = DEFINITIONAL_REPRESENTATION('',(#5720),#5723);
#5720 = B_SPLINE_CURVE_WITH_KNOTS('',1,(#5721,#5722),.UNSPECIFIED.,.F.,
  .F.,(2,2),(-2.,52.),.PIECEWISE_BEZIER_KNOTS.);
#5721 = CARTESIAN_POINT('',(30.,58.));
#5722 = CARTESIAN_POINT('',(30.,112.));
#5723 = ( GEOMETRIC_REPRESENTATION_CONTEXT(2) 
PARAMETRIC_REPRESENTATION_CONTEXT() REPRESENTATION_CONTEXT('2D SPACE',''
  ) );
#5724 = PCURVE('',#5370,#5725);
#5725 = DEFINITIONAL_REPRESENTATION('',(#5726),#5729);
#5726 = B_SPLINE_CURVE_WITH_KNOTS('',1,(#5727,#5728),.UNSPECIFIED.,.F.,
  .F.,(2,2),(-2.,52.),.PIECEWISE_BEZIER_KNOTS.);
#5727 = CARTESIAN_POINT('',(62.,-1.));
#5728 = CARTESIAN_POINT('',(8.,-1.));
#5729 = ( GEOMETRIC_REPRESENTATION_CONTEXT(2) 
PARAMETRIC_REPRESENTATION_CONTEXT() REPRESENTATION_CONTEXT('2D SPACE',''
  ) );
#5730 = ORIENTED_EDGE('',*,*,#5731,.F.);
#5731 = EDGE_CURVE('',#5732,#5711,#5734,.T.);
#5732 = VERTEX_POINT('',#5733);
#5733 = CARTESIAN_POINT('',(-22.,35.,-85.));
#5734 = SURFACE_CURVE('',#5735,(#5740,#5747),.PCURVE_S1.);
#5735 = CIRCLE('',#5736,8.);
#5736 = AXIS2_PLACEMENT_3D('',#5737,#5738,#5739);
#5737 = CARTESIAN_POINT('',(-22.,27.,-85.));
#5738 = DIRECTION('',(0.,0.,1.));
#5739 = DIRECTION('',(-0.,1.,0.));
#5740 = PCURVE('',#4342,#5741);
#5741 = DEFINITIONAL_REPRESENTATION('',(#5742),#5746);
#5742 = CIRCLE('',#5743,8.);
#5743 = AXIS2_PLACEMENT_2D('',#5744,#5745);
#5744 = CARTESIAN_POINT('',(38.,112.));
#5745 = DIRECTION('',(0.,1.));
#5746 = ( GEOMETRIC_REPRESENTATION_CONTEXT(2) 
PARAMETRIC_REPRESENTATION_CONTEXT() REPRESENTATION_CONTEXT('2D SPACE',''
  ) );
#5747 = PCURVE('',#5748,#5753);
#5748 = CYLINDRICAL_SURFACE('',#5749,8.);
#5749 = AXIS2_PLACEMENT_3D('',#5750,#5751,#5752);
#5750 = CARTESIAN_POINT('',(-22.,27.,-86.));
#5751 = DIRECTION('',(0.,0.,1.));
#5752 = DIRECTION('',(-0.,1.,0.));
#5753 = DEFINITIONAL_REPRESENTATION('',(#5754),#5758);
#5754 = LINE('',#5755,#5756);
#5755 = CARTESIAN_POINT('',(0.,1.));
#5756 = VECTOR('',#5757,1.);
#5757 = DIRECTION('',(1.,0.));
#5758 = ( GEOMETRIC_REPRESENTATION_CONTEXT(2) 
PARAMETRIC_REPRESENTATION_CONTEXT() REPRESENTATION_CONTEXT('2D SPACE',''
  ) );
#5759 = ORIENTED_EDGE('',*,*,#5760,.T.);
#5760 = EDGE_CURVE('',#5732,#5761,#5763,.T.);
#5761 = VERTEX_POINT('',#5762);
#5762 = CARTESIAN_POINT('',(22.,35.,-85.));
#5763 = SURFACE_CURVE('',#5764,(#5768,#5774),.PCURVE_S1.);
#5764 = LINE('',#5765,#5766);
#5765 = CARTESIAN_POINT('',(-15.,35.,-85.));
#5766 = VECTOR('',#5767,1.);
#5767 = DIRECTION('',(1.,0.,-0.));
#5768 = PCURVE('',#4342,#5769);
#5769 = DEFINITIONAL_REPRESENTATION('',(#5770),#5773);
#5770 = B_SPLINE_CURVE_WITH_KNOTS('',1,(#5771,#5772),.UNSPECIFIED.,.F.,
  .F.,(2,2),(-7.,37.),.PIECEWISE_BEZIER_KNOTS.);
#5771 = CARTESIAN_POINT('',(38.,120.));
#5772 = CARTESIAN_POINT('',(82.,120.));
#5773 = ( GEOMETRIC_REPRESENTATION_CONTEXT(2) 
PARAMETRIC_REPRESENTATION_CONTEXT() REPRESENTATION_CONTEXT('2D SPACE',''
  ) );
#5774 = PCURVE('',#5775,#5780);
#5775 = PLANE('',#5776);
#5776 = AXIS2_PLACEMENT_3D('',#5777,#5778,#5779);
#5777 = CARTESIAN_POINT('',(30.,35.,-86.));
#5778 = DIRECTION('',(0.,-1.,0.));
#5779 = DIRECTION('',(-1.,0.,0.));
#5780 = DEFINITIONAL_REPRESENTATION('',(#5781),#5784);
#5781 = B_SPLINE_CURVE_WITH_KNOTS('',1,(#5782,#5783),.UNSPECIFIED.,.F.,
  .F.,(2,2),(-7.,37.),.PIECEWISE_BEZIER_KNOTS.);
#5782 = CARTESIAN_POINT('',(52.,-1.));
#5783 = CARTESIAN_POINT('',(8.,-1.));
#5784 = ( GEOMETRIC_REPRESENTATION_CONTEXT(2) 
PARAMETRIC_REPRESENTATION_CONTEXT() REPRESENTATION_CONTEXT('2D SPACE',''
  ) );
#5785 = ORIENTED_EDGE('',*,*,#5786,.F.);
#5786 = EDGE_CURVE('',#5787,#5761,#5789,.T.);
#5787 = VERTEX_POINT('',#5788);
#5788 = CARTESIAN_POINT('',(30.,27.,-85.));
#5789 = SURFACE_CURVE('',#5790,(#5795,#5802),.PCURVE_S1.);
#5790 = CIRCLE('',#5791,8.);
#5791 = AXIS2_PLACEMENT_3D('',#5792,#5793,#5794);
#5792 = CARTESIAN_POINT('',(22.,27.,-85.));
#5793 = DIRECTION('',(0.,0.,1.));
#5794 = DIRECTION('',(1.,0.,-0.));
#5795 = PCURVE('',#4342,#5796);
#5796 = DEFINITIONAL_REPRESENTATION('',(#5797),#5801);
#5797 = CIRCLE('',#5798,8.);
#5798 = AXIS2_PLACEMENT_2D('',#5799,#5800);
#5799 = CARTESIAN_POINT('',(82.,112.));
#5800 = DIRECTION('',(1.,0.));
#5801 = ( GEOMETRIC_REPRESENTATION_CONTEXT(2) 
PARAMETRIC_REPRESENTATION_CONTEXT() REPRESENTATION_CONTEXT('2D SPACE',''
  ) );
#5802 = PCURVE('',#5803,#5808);
#5803 = CYLINDRICAL_SURFACE('',#5804,8.);
#5804 = AXIS2_PLACEMENT_3D('',#5805,#5806,#5807);
#5805 = CARTESIAN_POINT('',(22.,27.,-86.));
#5806 = DIRECTION('',(0.,0.,1.));
#5807 = DIRECTION('',(1.,0.,-0.));
#5808 = DEFINITIONAL_REPRESENTATION('',(#5809),#5813);
#5809 = LINE('',#5810,#5811);
#5810 = CARTESIAN_POINT('',(0.,1.));
#5811 = VECTOR('',#5812,1.);
#5812 = DIRECTION('',(1.,0.));
#5813 = ( GEOMETRIC_REPRESENTATION_CONTEXT(2) 
PARAMETRIC_REPRESENTATION_CONTEXT() REPRESENTATION_CONTEXT('2D SPACE',''
  ) );
#5814 = ORIENTED_EDGE('',*,*,#5815,.T.);
#5815 = EDGE_CURVE('',#5787,#5627,#5816,.T.);
#5816 = SURFACE_CURVE('',#5817,(#5821,#5827),.PCURVE_S1.);
#5817 = LINE('',#5818,#5819);
#5818 = CARTESIAN_POINT('',(30.,-60.,-85.));
#5819 = VECTOR('',#5820,1.);
#5820 = DIRECTION('',(0.,-1.,0.));
#5821 = PCURVE('',#4342,#5822);
#5822 = DEFINITIONAL_REPRESENTATION('',(#5823),#5826);
#5823 = B_SPLINE_CURVE_WITH_KNOTS('',1,(#5824,#5825),.UNSPECIFIED.,.F.,
  .F.,(2,2),(-87.,-33.),.PIECEWISE_BEZIER_KNOTS.);
#5824 = CARTESIAN_POINT('',(90.,112.));
#5825 = CARTESIAN_POINT('',(90.,58.));
#5826 = ( GEOMETRIC_REPRESENTATION_CONTEXT(2) 
PARAMETRIC_REPRESENTATION_CONTEXT() REPRESENTATION_CONTEXT('2D SPACE',''
  ) );
#5827 = PCURVE('',#5828,#5833);
#5828 = PLANE('',#5829);
#5829 = AXIS2_PLACEMENT_3D('',#5830,#5831,#5832);
#5830 = CARTESIAN_POINT('',(30.,-35.,-86.));
#5831 = DIRECTION('',(-1.,0.,0.));
#5832 = DIRECTION('',(0.,1.,0.));
#5833 = DEFINITIONAL_REPRESENTATION('',(#5834),#5837);
#5834 = B_SPLINE_CURVE_WITH_KNOTS('',1,(#5835,#5836),.UNSPECIFIED.,.F.,
  .F.,(2,2),(-87.,-33.),.PIECEWISE_BEZIER_KNOTS.);
#5835 = CARTESIAN_POINT('',(62.,-1.));
#5836 = CARTESIAN_POINT('',(8.,-1.));
#5837 = ( GEOMETRIC_REPRESENTATION_CONTEXT(2) 
PARAMETRIC_REPRESENTATION_CONTEXT() REPRESENTATION_CONTEXT('2D SPACE',''
  ) );
#5838 = FACE_BOUND('',#5839,.F.);
#5839 = EDGE_LOOP('',(#5840));
#5840 = ORIENTED_EDGE('',*,*,#5841,.T.);
#5841 = EDGE_CURVE('',#5842,#5842,#5844,.T.);
#5842 = VERTEX_POINT('',#5843);
#5843 = CARTESIAN_POINT('',(47.,68.,-85.));
#5844 = SURFACE_CURVE('',#5845,(#5850,#5861),.PCURVE_S1.);
#5845 = CIRCLE('',#5846,7.);
#5846 = AXIS2_PLACEMENT_3D('',#5847,#5848,#5849);
#5847 = CARTESIAN_POINT('',(40.,68.,-85.));
#5848 = DIRECTION('',(0.,0.,-1.));
#5849 = DIRECTION('',(1.,0.,0.));
#5850 = PCURVE('',#4342,#5851);
#5851 = DEFINITIONAL_REPRESENTATION('',(#5852),#5860);
#5852 = ( BOUNDED_CURVE() B_SPLINE_CURVE(2,(#5853,#5854,#5855,#5856,
#5857,#5858,#5859),.UNSPECIFIED.,.T.,.F.) B_SPLINE_CURVE_WITH_KNOTS((1,2
    ,2,2,2,1),(-2.094395102393,0.,2.094395102393,4.188790204786,
6.28318530718,8.377580409573),.UNSPECIFIED.) CURVE() 
GEOMETRIC_REPRESENTATION_ITEM() RATIONAL_B_SPLINE_CURVE((1.,0.5,1.,0.5,
1.,0.5,1.)) REPRESENTATION_ITEM('') );
#5853 = CARTESIAN_POINT('',(107.,153.));
#5854 = CARTESIAN_POINT('',(107.,140.87564434701));
#5855 = CARTESIAN_POINT('',(96.5,146.9378221735));
#5856 = CARTESIAN_POINT('',(86.,153.));
#5857 = CARTESIAN_POINT('',(96.5,159.06217782649));
#5858 = CARTESIAN_POINT('',(107.,165.12435565298));
#5859 = CARTESIAN_POINT('',(107.,153.));
#5860 = ( GEOMETRIC_REPRESENTATION_CONTEXT(2) 
PARAMETRIC_REPRESENTATION_CONTEXT() REPRESENTATION_CONTEXT('2D SPACE',''
  ) );
#5861 = PCURVE('',#4868,#5862);
#5862 = DEFINITIONAL_REPRESENTATION('',(#5863),#5867);
#5863 = LINE('',#5864,#5865);
#5864 = CARTESIAN_POINT('',(-6.28318530718,-1.));
#5865 = VECTOR('',#5866,1.);
#5866 = DIRECTION('',(1.,-0.));
#5867 = ( GEOMETRIC_REPRESENTATION_CONTEXT(2) 
PARAMETRIC_REPRESENTATION_CONTEXT() REPRESENTATION_CONTEXT('2D SPACE',''
  ) );
#5868 = ADVANCED_FACE('',(#5869),#4735,.F.);
#5869 = FACE_BOUND('',#5870,.T.);
#5870 = EDGE_LOOP('',(#5871,#5892,#5893,#5894));
#5871 = ORIENTED_EDGE('',*,*,#5872,.F.);
#5872 = EDGE_CURVE('',#5595,#4715,#5873,.T.);
#5873 = SEAM_CURVE('',#5874,(#5878,#5885),.PCURVE_S1.);
#5874 = LINE('',#5875,#5876);
#5875 = CARTESIAN_POINT('',(-33.,68.,-86.));
#5876 = VECTOR('',#5877,1.);
#5877 = DIRECTION('',(0.,0.,1.));
#5878 = PCURVE('',#4735,#5879);
#5879 = DEFINITIONAL_REPRESENTATION('',(#5880),#5884);
#5880 = LINE('',#5881,#5882);
#5881 = CARTESIAN_POINT('',(-6.28318530718,0.));
#5882 = VECTOR('',#5883,1.);
#5883 = DIRECTION('',(-0.,-1.));
#5884 = ( GEOMETRIC_REPRESENTATION_CONTEXT(2) 
PARAMETRIC_REPRESENTATION_CONTEXT() REPRESENTATION_CONTEXT('2D SPACE',''
  ) );
#5885 = PCURVE('',#4735,#5886);
#5886 = DEFINITIONAL_REPRESENTATION('',(#5887),#5891);
#5887 = LINE('',#5888,#5889);
#5888 = CARTESIAN_POINT('',(-0.,0.));
#5889 = VECTOR('',#5890,1.);
#5890 = DIRECTION('',(-0.,-1.));
#5891 = ( GEOMETRIC_REPRESENTATION_CONTEXT(2) 
PARAMETRIC_REPRESENTATION_CONTEXT() REPRESENTATION_CONTEXT('2D SPACE',''
  ) );
#5892 = ORIENTED_EDGE('',*,*,#5594,.T.);
#5893 = ORIENTED_EDGE('',*,*,#5872,.T.);
#5894 = ORIENTED_EDGE('',*,*,#4714,.F.);
#5895 = ADVANCED_FACE('',(#5896,#5899),#4789,.T.);
#5896 = FACE_BOUND('',#5897,.T.);
#5897 = EDGE_LOOP('',(#5898));
#5898 = ORIENTED_EDGE('',*,*,#4774,.T.);
#5899 = FACE_BOUND('',#5900,.T.);
#5900 = EDGE_LOOP('',(#5901));
#5901 = ORIENTED_EDGE('',*,*,#5902,.T.);
#5902 = EDGE_CURVE('',#5903,#5903,#5905,.T.);
#5903 = VERTEX_POINT('',#5904);
#5904 = CARTESIAN_POINT('',(4.25,0.,56.));
#5905 = SURFACE_CURVE('',#5906,(#5911,#5922),.PCURVE_S1.);
#5906 = CIRCLE('',#5907,4.25);
#5907 = AXIS2_PLACEMENT_3D('',#5908,#5909,#5910);
#5908 = CARTESIAN_POINT('',(0.,0.,56.));
#5909 = DIRECTION('',(0.,0.,-1.));
#5910 = DIRECTION('',(1.,0.,0.));
#5911 = PCURVE('',#4789,#5912);
#5912 = DEFINITIONAL_REPRESENTATION('',(#5913),#5921);
#5913 = ( BOUNDED_CURVE() B_SPLINE_CURVE(2,(#5914,#5915,#5916,#5917,
#5918,#5919,#5920),.UNSPECIFIED.,.T.,.F.) B_SPLINE_CURVE_WITH_KNOTS((1,2
    ,2,2,2,1),(-2.094395102393,0.,2.094395102393,4.188790204786,
6.28318530718,8.377580409573),.UNSPECIFIED.) CURVE() 
GEOMETRIC_REPRESENTATION_ITEM() RATIONAL_B_SPLINE_CURVE((1.,0.5,1.,0.5,
1.,0.5,1.)) REPRESENTATION_ITEM('') );
#5914 = CARTESIAN_POINT('',(4.25,4.490371596874E-16));
#5915 = CARTESIAN_POINT('',(4.25,-7.361215932168));
#5916 = CARTESIAN_POINT('',(-2.125,-3.680607966084));
#5917 = CARTESIAN_POINT('',(-8.5,-5.919126195879E-16));
#5918 = CARTESIAN_POINT('',(-2.125,3.680607966084));
#5919 = CARTESIAN_POINT('',(4.25,7.361215932168));
#5920 = CARTESIAN_POINT('',(4.25,4.490371596874E-16));
#5921 = ( GEOMETRIC_REPRESENTATION_CONTEXT(2) 
PARAMETRIC_REPRESENTATION_CONTEXT() REPRESENTATION_CONTEXT('2D SPACE',''
  ) );
#5922 = PCURVE('',#5923,#5928);
#5923 = CYLINDRICAL_SURFACE('',#5924,4.25);
#5924 = AXIS2_PLACEMENT_3D('',#5925,#5926,#5927);
#5925 = CARTESIAN_POINT('',(0.,0.,20.));
#5926 = DIRECTION('',(-0.,-0.,-1.));
#5927 = DIRECTION('',(1.,0.,0.));
#5928 = DEFINITIONAL_REPRESENTATION('',(#5929),#5933);
#5929 = LINE('',#5930,#5931);
#5930 = CARTESIAN_POINT('',(-6.28318530718,-36.));
#5931 = VECTOR('',#5932,1.);
#5932 = DIRECTION('',(1.,-0.));
#5933 = ( GEOMETRIC_REPRESENTATION_CONTEXT(2) 
PARAMETRIC_REPRESENTATION_CONTEXT() REPRESENTATION_CONTEXT('2D SPACE',''
  ) );
#5934 = ADVANCED_FACE('',(#5935),#4829,.F.);
#5935 = FACE_BOUND('',#5936,.T.);
#5936 = EDGE_LOOP('',(#5937,#5958,#5959,#5960));
#5937 = ORIENTED_EDGE('',*,*,#5938,.F.);
#5938 = EDGE_CURVE('',#5565,#4809,#5939,.T.);
#5939 = SEAM_CURVE('',#5940,(#5944,#5951),.PCURVE_S1.);
#5940 = LINE('',#5941,#5942);
#5941 = CARTESIAN_POINT('',(47.,-68.,-86.));
#5942 = VECTOR('',#5943,1.);
#5943 = DIRECTION('',(0.,0.,1.));
#5944 = PCURVE('',#4829,#5945);
#5945 = DEFINITIONAL_REPRESENTATION('',(#5946),#5950);
#5946 = LINE('',#5947,#5948);
#5947 = CARTESIAN_POINT('',(-6.28318530718,0.));
#5948 = VECTOR('',#5949,1.);
#5949 = DIRECTION('',(-0.,-1.));
#5950 = ( GEOMETRIC_REPRESENTATION_CONTEXT(2) 
PARAMETRIC_REPRESENTATION_CONTEXT() REPRESENTATION_CONTEXT('2D SPACE',''
  ) );
#5951 = PCURVE('',#4829,#5952);
#5952 = DEFINITIONAL_REPRESENTATION('',(#5953),#5957);
#5953 = LINE('',#5954,#5955);
#5954 = CARTESIAN_POINT('',(-0.,0.));
#5955 = VECTOR('',#5956,1.);
#5956 = DIRECTION('',(-0.,-1.));
#5957 = ( GEOMETRIC_REPRESENTATION_CONTEXT(2) 
PARAMETRIC_REPRESENTATION_CONTEXT() REPRESENTATION_CONTEXT('2D SPACE',''
  ) );
#5958 = ORIENTED_EDGE('',*,*,#5564,.T.);
#5959 = ORIENTED_EDGE('',*,*,#5938,.T.);
#5960 = ORIENTED_EDGE('',*,*,#4808,.F.);
#5961 = ADVANCED_FACE('',(#5962),#4868,.F.);
#5962 = FACE_BOUND('',#5963,.T.);
#5963 = EDGE_LOOP('',(#5964,#5985,#5986,#5987));
#5964 = ORIENTED_EDGE('',*,*,#5965,.F.);
#5965 = EDGE_CURVE('',#5842,#4848,#5966,.T.);
#5966 = SEAM_CURVE('',#5967,(#5971,#5978),.PCURVE_S1.);
#5967 = LINE('',#5968,#5969);
#5968 = CARTESIAN_POINT('',(47.,68.,-86.));
#5969 = VECTOR('',#5970,1.);
#5970 = DIRECTION('',(0.,0.,1.));
#5971 = PCURVE('',#4868,#5972);
#5972 = DEFINITIONAL_REPRESENTATION('',(#5973),#5977);
#5973 = LINE('',#5974,#5975);
#5974 = CARTESIAN_POINT('',(-6.28318530718,0.));
#5975 = VECTOR('',#5976,1.);
#5976 = DIRECTION('',(-0.,-1.));
#5977 = ( GEOMETRIC_REPRESENTATION_CONTEXT(2) 
PARAMETRIC_REPRESENTATION_CONTEXT() REPRESENTATION_CONTEXT('2D SPACE',''
  ) );
#5978 = PCURVE('',#4868,#5979);
#5979 = DEFINITIONAL_REPRESENTATION('',(#5980),#5984);
#5980 = LINE('',#5981,#5982);
#5981 = CARTESIAN_POINT('',(-0.,0.));
#5982 = VECTOR('',#5983,1.);
#5983 = DIRECTION('',(-0.,-1.));
#5984 = ( GEOMETRIC_REPRESENTATION_CONTEXT(2) 
PARAMETRIC_REPRESENTATION_CONTEXT() REPRESENTATION_CONTEXT('2D SPACE',''
  ) );
#5985 = ORIENTED_EDGE('',*,*,#5841,.T.);
#5986 = ORIENTED_EDGE('',*,*,#5965,.T.);
#5987 = ORIENTED_EDGE('',*,*,#4847,.F.);
#5988 = ADVANCED_FACE('',(#5989),#4903,.F.);
#5989 = FACE_BOUND('',#5990,.T.);
#5990 = EDGE_LOOP('',(#5991,#6014,#6015,#6016));
#5991 = ORIENTED_EDGE('',*,*,#5992,.T.);
#5992 = EDGE_CURVE('',#5993,#4887,#5995,.T.);
#5993 = VERTEX_POINT('',#5994);
#5994 = CARTESIAN_POINT('',(30.,39.773066958946,-21.));
#5995 = SEAM_CURVE('',#5996,(#6000,#6007),.PCURVE_S1.);
#5996 = LINE('',#5997,#5998);
#5997 = CARTESIAN_POINT('',(30.,39.773066958946,-21.));
#5998 = VECTOR('',#5999,1.);
#5999 = DIRECTION('',(1.,0.,0.));
#6000 = PCURVE('',#4903,#6001);
#6001 = DEFINITIONAL_REPRESENTATION('',(#6002),#6006);
#6002 = LINE('',#6003,#6004);
#6003 = CARTESIAN_POINT('',(-0.,0.));
#6004 = VECTOR('',#6005,1.);
#6005 = DIRECTION('',(-0.,-1.));
#6006 = ( GEOMETRIC_REPRESENTATION_CONTEXT(2) 
PARAMETRIC_REPRESENTATION_CONTEXT() REPRESENTATION_CONTEXT('2D SPACE',''
  ) );
#6007 = PCURVE('',#4903,#6008);
#6008 = DEFINITIONAL_REPRESENTATION('',(#6009),#6013);
#6009 = LINE('',#6010,#6011);
#6010 = CARTESIAN_POINT('',(-6.28318530718,0.));
#6011 = VECTOR('',#6012,1.);
#6012 = DIRECTION('',(-0.,-1.));
#6013 = ( GEOMETRIC_REPRESENTATION_CONTEXT(2) 
PARAMETRIC_REPRESENTATION_CONTEXT() REPRESENTATION_CONTEXT('2D SPACE',''
  ) );
#6014 = ORIENTED_EDGE('',*,*,#4886,.T.);
#6015 = ORIENTED_EDGE('',*,*,#5992,.F.);
#6016 = ORIENTED_EDGE('',*,*,#6017,.F.);
#6017 = EDGE_CURVE('',#5993,#5993,#6018,.T.);
#6018 = SURFACE_CURVE('',#6019,(#6024,#6031),.PCURVE_S1.);
#6019 = CIRCLE('',#6020,3.4);
#6020 = AXIS2_PLACEMENT_3D('',#6021,#6022,#6023);
#6021 = CARTESIAN_POINT('',(30.,36.373066958946,-21.));
#6022 = DIRECTION('',(1.,0.,0.));
#6023 = DIRECTION('',(0.,1.,0.));
#6024 = PCURVE('',#4903,#6025);
#6025 = DEFINITIONAL_REPRESENTATION('',(#6026),#6030);
#6026 = LINE('',#6027,#6028);
#6027 = CARTESIAN_POINT('',(-0.,0.));
#6028 = VECTOR('',#6029,1.);
#6029 = DIRECTION('',(-1.,0.));
#6030 = ( GEOMETRIC_REPRESENTATION_CONTEXT(2) 
PARAMETRIC_REPRESENTATION_CONTEXT() REPRESENTATION_CONTEXT('2D SPACE',''
  ) );
#6031 = PCURVE('',#6032,#6037);
#6032 = PLANE('',#6033);
#6033 = AXIS2_PLACEMENT_3D('',#6034,#6035,#6036);
#6034 = CARTESIAN_POINT('',(30.,36.373066958946,-21.));
#6035 = DIRECTION('',(1.,0.,0.));
#6036 = DIRECTION('',(-0.,0.,1.));
#6037 = DEFINITIONAL_REPRESENTATION('',(#6038),#6042);
#6038 = CIRCLE('',#6039,3.4);
#6039 = AXIS2_PLACEMENT_2D('',#6040,#6041);
#6040 = CARTESIAN_POINT('',(0.,0.));
#6041 = DIRECTION('',(0.,-1.));
#6042 = ( GEOMETRIC_REPRESENTATION_CONTEXT(2) 
PARAMETRIC_REPRESENTATION_CONTEXT() REPRESENTATION_CONTEXT('2D SPACE',''
  ) );
#6043 = ADVANCED_FACE('',(#6044),#4934,.F.);
#6044 = FACE_BOUND('',#6045,.T.);
#6045 = EDGE_LOOP('',(#6046,#6069,#6070,#6071));
#6046 = ORIENTED_EDGE('',*,*,#6047,.T.);
#6047 = EDGE_CURVE('',#6048,#4918,#6050,.T.);
#6048 = VERTEX_POINT('',#6049);
#6049 = CARTESIAN_POINT('',(30.,39.773066958946,21.));
#6050 = SEAM_CURVE('',#6051,(#6055,#6062),.PCURVE_S1.);
#6051 = LINE('',#6052,#6053);
#6052 = CARTESIAN_POINT('',(30.,39.773066958946,21.));
#6053 = VECTOR('',#6054,1.);
#6054 = DIRECTION('',(1.,0.,0.));
#6055 = PCURVE('',#4934,#6056);
#6056 = DEFINITIONAL_REPRESENTATION('',(#6057),#6061);
#6057 = LINE('',#6058,#6059);
#6058 = CARTESIAN_POINT('',(-0.,0.));
#6059 = VECTOR('',#6060,1.);
#6060 = DIRECTION('',(-0.,-1.));
#6061 = ( GEOMETRIC_REPRESENTATION_CONTEXT(2) 
PARAMETRIC_REPRESENTATION_CONTEXT() REPRESENTATION_CONTEXT('2D SPACE',''
  ) );
#6062 = PCURVE('',#4934,#6063);
#6063 = DEFINITIONAL_REPRESENTATION('',(#6064),#6068);
#6064 = LINE('',#6065,#6066);
#6065 = CARTESIAN_POINT('',(-6.28318530718,0.));
#6066 = VECTOR('',#6067,1.);
#6067 = DIRECTION('',(-0.,-1.));
#6068 = ( GEOMETRIC_REPRESENTATION_CONTEXT(2) 
PARAMETRIC_REPRESENTATION_CONTEXT() REPRESENTATION_CONTEXT('2D SPACE',''
  ) );
#6069 = ORIENTED_EDGE('',*,*,#4917,.T.);
#6070 = ORIENTED_EDGE('',*,*,#6047,.F.);
#6071 = ORIENTED_EDGE('',*,*,#6072,.F.);
#6072 = EDGE_CURVE('',#6048,#6048,#6073,.T.);
#6073 = SURFACE_CURVE('',#6074,(#6079,#6086),.PCURVE_S1.);
#6074 = CIRCLE('',#6075,3.4);
#6075 = AXIS2_PLACEMENT_3D('',#6076,#6077,#6078);
#6076 = CARTESIAN_POINT('',(30.,36.373066958946,21.));
#6077 = DIRECTION('',(1.,0.,0.));
#6078 = DIRECTION('',(0.,1.,0.));
#6079 = PCURVE('',#4934,#6080);
#6080 = DEFINITIONAL_REPRESENTATION('',(#6081),#6085);
#6081 = LINE('',#6082,#6083);
#6082 = CARTESIAN_POINT('',(-0.,0.));
#6083 = VECTOR('',#6084,1.);
#6084 = DIRECTION('',(-1.,0.));
#6085 = ( GEOMETRIC_REPRESENTATION_CONTEXT(2) 
PARAMETRIC_REPRESENTATION_CONTEXT() REPRESENTATION_CONTEXT('2D SPACE',''
  ) );
#6086 = PCURVE('',#6087,#6092);
#6087 = PLANE('',#6088);
#6088 = AXIS2_PLACEMENT_3D('',#6089,#6090,#6091);
#6089 = CARTESIAN_POINT('',(30.,36.373066958946,21.));
#6090 = DIRECTION('',(1.,0.,0.));
#6091 = DIRECTION('',(-0.,0.,1.));
#6092 = DEFINITIONAL_REPRESENTATION('',(#6093),#6097);
#6093 = CIRCLE('',#6094,3.4);
#6094 = AXIS2_PLACEMENT_2D('',#6095,#6096);
#6095 = CARTESIAN_POINT('',(0.,0.));
#6096 = DIRECTION('',(0.,-1.));
#6097 = ( GEOMETRIC_REPRESENTATION_CONTEXT(2) 
PARAMETRIC_REPRESENTATION_CONTEXT() REPRESENTATION_CONTEXT('2D SPACE',''
  ) );
#6098 = ADVANCED_FACE('',(#6099),#4969,.F.);
#6099 = FACE_BOUND('',#6100,.T.);
#6100 = EDGE_LOOP('',(#6101,#6134,#6155,#6156));
#6101 = ORIENTED_EDGE('',*,*,#6102,.T.);
#6102 = EDGE_CURVE('',#6103,#6103,#6105,.T.);
#6103 = VERTEX_POINT('',#6104);
#6104 = CARTESIAN_POINT('',(24.,31.,0.));
#6105 = SURFACE_CURVE('',#6106,(#6111,#6118),.PCURVE_S1.);
#6106 = CIRCLE('',#6107,31.);
#6107 = AXIS2_PLACEMENT_3D('',#6108,#6109,#6110);
#6108 = CARTESIAN_POINT('',(24.,0.,0.));
#6109 = DIRECTION('',(-1.,0.,0.));
#6110 = DIRECTION('',(0.,1.,0.));
#6111 = PCURVE('',#4969,#6112);
#6112 = DEFINITIONAL_REPRESENTATION('',(#6113),#6117);
#6113 = LINE('',#6114,#6115);
#6114 = CARTESIAN_POINT('',(-6.28318530718,-71.));
#6115 = VECTOR('',#6116,1.);
#6116 = DIRECTION('',(1.,-0.));
#6117 = ( GEOMETRIC_REPRESENTATION_CONTEXT(2) 
PARAMETRIC_REPRESENTATION_CONTEXT() REPRESENTATION_CONTEXT('2D SPACE',''
  ) );
#6118 = PCURVE('',#6119,#6124);
#6119 = PLANE('',#6120);
#6120 = AXIS2_PLACEMENT_3D('',#6121,#6122,#6123);
#6121 = CARTESIAN_POINT('',(24.,-3.21750619421E-15,-1.387933039034E-15)
  );
#6122 = DIRECTION('',(1.,0.,0.));
#6123 = DIRECTION('',(-0.,0.,1.));
#6124 = DEFINITIONAL_REPRESENTATION('',(#6125),#6133);
#6125 = ( BOUNDED_CURVE() B_SPLINE_CURVE(2,(#6126,#6127,#6128,#6129,
#6130,#6131,#6132),.UNSPECIFIED.,.T.,.F.) B_SPLINE_CURVE_WITH_KNOTS((1,2
    ,2,2,2,1),(-2.094395102393,0.,2.094395102393,4.188790204786,
6.28318530718,8.377580409573),.UNSPECIFIED.) CURVE() 
GEOMETRIC_REPRESENTATION_ITEM() RATIONAL_B_SPLINE_CURVE((1.,0.5,1.,0.5,
1.,0.5,1.)) REPRESENTATION_ITEM('') );
#6126 = CARTESIAN_POINT('',(1.387933039034E-15,-31.));
#6127 = CARTESIAN_POINT('',(-53.69357503463,-31.));
#6128 = CARTESIAN_POINT('',(-26.84678751731,15.5));
#6129 = CARTESIAN_POINT('',(-6.20487711568E-15,62.));
#6130 = CARTESIAN_POINT('',(26.846787517318,15.5));
#6131 = CARTESIAN_POINT('',(53.693575034635,-31.));
#6132 = CARTESIAN_POINT('',(1.387933039034E-15,-31.));
#6133 = ( GEOMETRIC_REPRESENTATION_CONTEXT(2) 
PARAMETRIC_REPRESENTATION_CONTEXT() REPRESENTATION_CONTEXT('2D SPACE',''
  ) );
#6134 = ORIENTED_EDGE('',*,*,#6135,.T.);
#6135 = EDGE_CURVE('',#6103,#4949,#6136,.T.);
#6136 = SEAM_CURVE('',#6137,(#6141,#6148),.PCURVE_S1.);
#6137 = LINE('',#6138,#6139);
#6138 = CARTESIAN_POINT('',(-47.,31.,0.));
#6139 = VECTOR('',#6140,1.);
#6140 = DIRECTION('',(1.,0.,0.));
#6141 = PCURVE('',#4969,#6142);
#6142 = DEFINITIONAL_REPRESENTATION('',(#6143),#6147);
#6143 = LINE('',#6144,#6145);
#6144 = CARTESIAN_POINT('',(-6.28318530718,0.));
#6145 = VECTOR('',#6146,1.);
#6146 = DIRECTION('',(-0.,-1.));
#6147 = ( GEOMETRIC_REPRESENTATION_CONTEXT(2) 
PARAMETRIC_REPRESENTATION_CONTEXT() REPRESENTATION_CONTEXT('2D SPACE',''
  ) );
#6148 = PCURVE('',#4969,#6149);
#6149 = DEFINITIONAL_REPRESENTATION('',(#6150),#6154);
#6150 = LINE('',#6151,#6152);
#6151 = CARTESIAN_POINT('',(-0.,0.));
#6152 = VECTOR('',#6153,1.);
#6153 = DIRECTION('',(-0.,-1.));
#6154 = ( GEOMETRIC_REPRESENTATION_CONTEXT(2) 
PARAMETRIC_REPRESENTATION_CONTEXT() REPRESENTATION_CONTEXT('2D SPACE',''
  ) );
#6155 = ORIENTED_EDGE('',*,*,#4948,.F.);
#6156 = ORIENTED_EDGE('',*,*,#6135,.F.);
#6157 = ADVANCED_FACE('',(#6158),#5000,.F.);
#6158 = FACE_BOUND('',#6159,.T.);
#6159 = EDGE_LOOP('',(#6160,#6183,#6184,#6185));
#6160 = ORIENTED_EDGE('',*,*,#6161,.T.);
#6161 = EDGE_CURVE('',#6162,#4984,#6164,.T.);
#6162 = VERTEX_POINT('',#6163);
#6163 = CARTESIAN_POINT('',(30.,3.4,42.));
#6164 = SEAM_CURVE('',#6165,(#6169,#6176),.PCURVE_S1.);
#6165 = LINE('',#6166,#6167);
#6166 = CARTESIAN_POINT('',(30.,3.4,42.));
#6167 = VECTOR('',#6168,1.);
#6168 = DIRECTION('',(1.,0.,0.));
#6169 = PCURVE('',#5000,#6170);
#6170 = DEFINITIONAL_REPRESENTATION('',(#6171),#6175);
#6171 = LINE('',#6172,#6173);
#6172 = CARTESIAN_POINT('',(-0.,0.));
#6173 = VECTOR('',#6174,1.);
#6174 = DIRECTION('',(-0.,-1.));
#6175 = ( GEOMETRIC_REPRESENTATION_CONTEXT(2) 
PARAMETRIC_REPRESENTATION_CONTEXT() REPRESENTATION_CONTEXT('2D SPACE',''
  ) );
#6176 = PCURVE('',#5000,#6177);
#6177 = DEFINITIONAL_REPRESENTATION('',(#6178),#6182);
#6178 = LINE('',#6179,#6180);
#6179 = CARTESIAN_POINT('',(-6.28318530718,0.));
#6180 = VECTOR('',#6181,1.);
#6181 = DIRECTION('',(-0.,-1.));
#6182 = ( GEOMETRIC_REPRESENTATION_CONTEXT(2) 
PARAMETRIC_REPRESENTATION_CONTEXT() REPRESENTATION_CONTEXT('2D SPACE',''
  ) );
#6183 = ORIENTED_EDGE('',*,*,#4983,.T.);
#6184 = ORIENTED_EDGE('',*,*,#6161,.F.);
#6185 = ORIENTED_EDGE('',*,*,#6186,.F.);
#6186 = EDGE_CURVE('',#6162,#6162,#6187,.T.);
#6187 = SURFACE_CURVE('',#6188,(#6193,#6200),.PCURVE_S1.);
#6188 = CIRCLE('',#6189,3.4);
#6189 = AXIS2_PLACEMENT_3D('',#6190,#6191,#6192);
#6190 = CARTESIAN_POINT('',(30.,2.571758278209E-15,42.));
#6191 = DIRECTION('',(1.,0.,0.));
#6192 = DIRECTION('',(0.,1.,0.));
#6193 = PCURVE('',#5000,#6194);
#6194 = DEFINITIONAL_REPRESENTATION('',(#6195),#6199);
#6195 = LINE('',#6196,#6197);
#6196 = CARTESIAN_POINT('',(-0.,0.));
#6197 = VECTOR('',#6198,1.);
#6198 = DIRECTION('',(-1.,0.));
#6199 = ( GEOMETRIC_REPRESENTATION_CONTEXT(2) 
PARAMETRIC_REPRESENTATION_CONTEXT() REPRESENTATION_CONTEXT('2D SPACE',''
  ) );
#6200 = PCURVE('',#6201,#6206);
#6201 = PLANE('',#6202);
#6202 = AXIS2_PLACEMENT_3D('',#6203,#6204,#6205);
#6203 = CARTESIAN_POINT('',(30.,2.47121120964E-15,42.));
#6204 = DIRECTION('',(1.,0.,0.));
#6205 = DIRECTION('',(-0.,0.,1.));
#6206 = DEFINITIONAL_REPRESENTATION('',(#6207),#6211);
#6207 = CIRCLE('',#6208,3.4);
#6208 = AXIS2_PLACEMENT_2D('',#6209,#6210);
#6209 = CARTESIAN_POINT('',(0.,-1.005470685691E-16));
#6210 = DIRECTION('',(0.,-1.));
#6211 = ( GEOMETRIC_REPRESENTATION_CONTEXT(2) 
PARAMETRIC_REPRESENTATION_CONTEXT() REPRESENTATION_CONTEXT('2D SPACE',''
  ) );
#6212 = ADVANCED_FACE('',(#6213),#5031,.F.);
#6213 = FACE_BOUND('',#6214,.T.);
#6214 = EDGE_LOOP('',(#6215,#6238,#6239,#6240));
#6215 = ORIENTED_EDGE('',*,*,#6216,.T.);
#6216 = EDGE_CURVE('',#6217,#5015,#6219,.T.);
#6217 = VERTEX_POINT('',#6218);
#6218 = CARTESIAN_POINT('',(30.,3.4,-42.));
#6219 = SEAM_CURVE('',#6220,(#6224,#6231),.PCURVE_S1.);
#6220 = LINE('',#6221,#6222);
#6221 = CARTESIAN_POINT('',(30.,3.4,-42.));
#6222 = VECTOR('',#6223,1.);
#6223 = DIRECTION('',(1.,0.,0.));
#6224 = PCURVE('',#5031,#6225);
#6225 = DEFINITIONAL_REPRESENTATION('',(#6226),#6230);
#6226 = LINE('',#6227,#6228);
#6227 = CARTESIAN_POINT('',(-0.,0.));
#6228 = VECTOR('',#6229,1.);
#6229 = DIRECTION('',(-0.,-1.));
#6230 = ( GEOMETRIC_REPRESENTATION_CONTEXT(2) 
PARAMETRIC_REPRESENTATION_CONTEXT() REPRESENTATION_CONTEXT('2D SPACE',''
  ) );
#6231 = PCURVE('',#5031,#6232);
#6232 = DEFINITIONAL_REPRESENTATION('',(#6233),#6237);
#6233 = LINE('',#6234,#6235);
#6234 = CARTESIAN_POINT('',(-6.28318530718,0.));
#6235 = VECTOR('',#6236,1.);
#6236 = DIRECTION('',(-0.,-1.));
#6237 = ( GEOMETRIC_REPRESENTATION_CONTEXT(2) 
PARAMETRIC_REPRESENTATION_CONTEXT() REPRESENTATION_CONTEXT('2D SPACE',''
  ) );
#6238 = ORIENTED_EDGE('',*,*,#5014,.T.);
#6239 = ORIENTED_EDGE('',*,*,#6216,.F.);
#6240 = ORIENTED_EDGE('',*,*,#6241,.F.);
#6241 = EDGE_CURVE('',#6217,#6217,#6242,.T.);
#6242 = SURFACE_CURVE('',#6243,(#6248,#6255),.PCURVE_S1.);
#6243 = CIRCLE('',#6244,3.4);
#6244 = AXIS2_PLACEMENT_3D('',#6245,#6246,#6247);
#6245 = CARTESIAN_POINT('',(30.,-7.715274834628E-15,-42.));
#6246 = DIRECTION('',(1.,0.,0.));
#6247 = DIRECTION('',(0.,1.,0.));
#6248 = PCURVE('',#5031,#6249);
#6249 = DEFINITIONAL_REPRESENTATION('',(#6250),#6254);
#6250 = LINE('',#6251,#6252);
#6251 = CARTESIAN_POINT('',(-0.,0.));
#6252 = VECTOR('',#6253,1.);
#6253 = DIRECTION('',(-1.,0.));
#6254 = ( GEOMETRIC_REPRESENTATION_CONTEXT(2) 
PARAMETRIC_REPRESENTATION_CONTEXT() REPRESENTATION_CONTEXT('2D SPACE',''
  ) );
#6255 = PCURVE('',#5828,#6256);
#6256 = DEFINITIONAL_REPRESENTATION('',(#6257),#6265);
#6257 = ( BOUNDED_CURVE() B_SPLINE_CURVE(2,(#6258,#6259,#6260,#6261,
#6262,#6263,#6264),.UNSPECIFIED.,.T.,.F.) B_SPLINE_CURVE_WITH_KNOTS((1,2
    ,2,2,2,1),(-2.094395102393,0.,2.094395102393,4.188790204786,
6.28318530718,8.377580409573),.UNSPECIFIED.) CURVE() 
GEOMETRIC_REPRESENTATION_ITEM() RATIONAL_B_SPLINE_CURVE((1.,0.5,1.,0.5,
1.,0.5,1.)) REPRESENTATION_ITEM('') );
#6258 = CARTESIAN_POINT('',(38.4,-44.));
#6259 = CARTESIAN_POINT('',(38.4,-49.88897274573));
#6260 = CARTESIAN_POINT('',(33.3,-46.94448637286));
#6261 = CARTESIAN_POINT('',(28.2,-44.));
#6262 = CARTESIAN_POINT('',(33.3,-41.05551362713));
#6263 = CARTESIAN_POINT('',(38.4,-38.11102725426));
#6264 = CARTESIAN_POINT('',(38.4,-44.));
#6265 = ( GEOMETRIC_REPRESENTATION_CONTEXT(2) 
PARAMETRIC_REPRESENTATION_CONTEXT() REPRESENTATION_CONTEXT('2D SPACE',''
  ) );
#6266 = ADVANCED_FACE('',(#6267),#5062,.F.);
#6267 = FACE_BOUND('',#6268,.T.);
#6268 = EDGE_LOOP('',(#6269,#6292,#6293,#6294));
#6269 = ORIENTED_EDGE('',*,*,#6270,.T.);
#6270 = EDGE_CURVE('',#6271,#5046,#6273,.T.);
#6271 = VERTEX_POINT('',#6272);
#6272 = CARTESIAN_POINT('',(30.,-32.97306695894,-21.));
#6273 = SEAM_CURVE('',#6274,(#6278,#6285),.PCURVE_S1.);
#6274 = LINE('',#6275,#6276);
#6275 = CARTESIAN_POINT('',(30.,-32.97306695894,-21.));
#6276 = VECTOR('',#6277,1.);
#6277 = DIRECTION('',(1.,0.,0.));
#6278 = PCURVE('',#5062,#6279);
#6279 = DEFINITIONAL_REPRESENTATION('',(#6280),#6284);
#6280 = LINE('',#6281,#6282);
#6281 = CARTESIAN_POINT('',(-0.,0.));
#6282 = VECTOR('',#6283,1.);
#6283 = DIRECTION('',(-0.,-1.));
#6284 = ( GEOMETRIC_REPRESENTATION_CONTEXT(2) 
PARAMETRIC_REPRESENTATION_CONTEXT() REPRESENTATION_CONTEXT('2D SPACE',''
  ) );
#6285 = PCURVE('',#5062,#6286);
#6286 = DEFINITIONAL_REPRESENTATION('',(#6287),#6291);
#6287 = LINE('',#6288,#6289);
#6288 = CARTESIAN_POINT('',(-6.28318530718,0.));
#6289 = VECTOR('',#6290,1.);
#6290 = DIRECTION('',(-0.,-1.));
#6291 = ( GEOMETRIC_REPRESENTATION_CONTEXT(2) 
PARAMETRIC_REPRESENTATION_CONTEXT() REPRESENTATION_CONTEXT('2D SPACE',''
  ) );
#6292 = ORIENTED_EDGE('',*,*,#5045,.T.);
#6293 = ORIENTED_EDGE('',*,*,#6270,.F.);
#6294 = ORIENTED_EDGE('',*,*,#6295,.F.);
#6295 = EDGE_CURVE('',#6271,#6271,#6296,.T.);
#6296 = SURFACE_CURVE('',#6297,(#6302,#6309),.PCURVE_S1.);
#6297 = CIRCLE('',#6298,3.4);
#6298 = AXIS2_PLACEMENT_3D('',#6299,#6300,#6301);
#6299 = CARTESIAN_POINT('',(30.,-36.37306695894,-21.));
#6300 = DIRECTION('',(1.,0.,0.));
#6301 = DIRECTION('',(0.,1.,0.));
#6302 = PCURVE('',#5062,#6303);
#6303 = DEFINITIONAL_REPRESENTATION('',(#6304),#6308);
#6304 = LINE('',#6305,#6306);
#6305 = CARTESIAN_POINT('',(-0.,0.));
#6306 = VECTOR('',#6307,1.);
#6307 = DIRECTION('',(-1.,0.));
#6308 = ( GEOMETRIC_REPRESENTATION_CONTEXT(2) 
PARAMETRIC_REPRESENTATION_CONTEXT() REPRESENTATION_CONTEXT('2D SPACE',''
  ) );
#6309 = PCURVE('',#6310,#6315);
#6310 = PLANE('',#6311);
#6311 = AXIS2_PLACEMENT_3D('',#6312,#6313,#6314);
#6312 = CARTESIAN_POINT('',(30.,-36.37306695894,-21.));
#6313 = DIRECTION('',(1.,0.,0.));
#6314 = DIRECTION('',(-0.,0.,1.));
#6315 = DEFINITIONAL_REPRESENTATION('',(#6316),#6320);
#6316 = CIRCLE('',#6317,3.4);
#6317 = AXIS2_PLACEMENT_2D('',#6318,#6319);
#6318 = CARTESIAN_POINT('',(0.,0.));
#6319 = DIRECTION('',(0.,-1.));
#6320 = ( GEOMETRIC_REPRESENTATION_CONTEXT(2) 
PARAMETRIC_REPRESENTATION_CONTEXT() REPRESENTATION_CONTEXT('2D SPACE',''
  ) );
#6321 = ADVANCED_FACE('',(#6322),#5093,.F.);
#6322 = FACE_BOUND('',#6323,.T.);
#6323 = EDGE_LOOP('',(#6324,#6347,#6348,#6349));
#6324 = ORIENTED_EDGE('',*,*,#6325,.T.);
#6325 = EDGE_CURVE('',#6326,#5077,#6328,.T.);
#6326 = VERTEX_POINT('',#6327);
#6327 = CARTESIAN_POINT('',(30.,-32.97306695894,21.));
#6328 = SEAM_CURVE('',#6329,(#6333,#6340),.PCURVE_S1.);
#6329 = LINE('',#6330,#6331);
#6330 = CARTESIAN_POINT('',(30.,-32.97306695894,21.));
#6331 = VECTOR('',#6332,1.);
#6332 = DIRECTION('',(1.,0.,0.));
#6333 = PCURVE('',#5093,#6334);
#6334 = DEFINITIONAL_REPRESENTATION('',(#6335),#6339);
#6335 = LINE('',#6336,#6337);
#6336 = CARTESIAN_POINT('',(-0.,0.));
#6337 = VECTOR('',#6338,1.);
#6338 = DIRECTION('',(-0.,-1.));
#6339 = ( GEOMETRIC_REPRESENTATION_CONTEXT(2) 
PARAMETRIC_REPRESENTATION_CONTEXT() REPRESENTATION_CONTEXT('2D SPACE',''
  ) );
#6340 = PCURVE('',#5093,#6341);
#6341 = DEFINITIONAL_REPRESENTATION('',(#6342),#6346);
#6342 = LINE('',#6343,#6344);
#6343 = CARTESIAN_POINT('',(-6.28318530718,0.));
#6344 = VECTOR('',#6345,1.);
#6345 = DIRECTION('',(-0.,-1.));
#6346 = ( GEOMETRIC_REPRESENTATION_CONTEXT(2) 
PARAMETRIC_REPRESENTATION_CONTEXT() REPRESENTATION_CONTEXT('2D SPACE',''
  ) );
#6347 = ORIENTED_EDGE('',*,*,#5076,.T.);
#6348 = ORIENTED_EDGE('',*,*,#6325,.F.);
#6349 = ORIENTED_EDGE('',*,*,#6350,.F.);
#6350 = EDGE_CURVE('',#6326,#6326,#6351,.T.);
#6351 = SURFACE_CURVE('',#6352,(#6357,#6364),.PCURVE_S1.);
#6352 = CIRCLE('',#6353,3.4);
#6353 = AXIS2_PLACEMENT_3D('',#6354,#6355,#6356);
#6354 = CARTESIAN_POINT('',(30.,-36.37306695894,21.));
#6355 = DIRECTION('',(1.,0.,0.));
#6356 = DIRECTION('',(0.,1.,0.));
#6357 = PCURVE('',#5093,#6358);
#6358 = DEFINITIONAL_REPRESENTATION('',(#6359),#6363);
#6359 = LINE('',#6360,#6361);
#6360 = CARTESIAN_POINT('',(-0.,0.));
#6361 = VECTOR('',#6362,1.);
#6362 = DIRECTION('',(-1.,0.));
#6363 = ( GEOMETRIC_REPRESENTATION_CONTEXT(2) 
PARAMETRIC_REPRESENTATION_CONTEXT() REPRESENTATION_CONTEXT('2D SPACE',''
  ) );
#6364 = PCURVE('',#6365,#6370);
#6365 = PLANE('',#6366);
#6366 = AXIS2_PLACEMENT_3D('',#6367,#6368,#6369);
#6367 = CARTESIAN_POINT('',(30.,-36.37306695894,21.));
#6368 = DIRECTION('',(1.,0.,0.));
#6369 = DIRECTION('',(-0.,0.,1.));
#6370 = DEFINITIONAL_REPRESENTATION('',(#6371),#6375);
#6371 = CIRCLE('',#6372,3.4);
#6372 = AXIS2_PLACEMENT_2D('',#6373,#6374);
#6373 = CARTESIAN_POINT('',(0.,0.));
#6374 = DIRECTION('',(0.,-1.));
#6375 = ( GEOMETRIC_REPRESENTATION_CONTEXT(2) 
PARAMETRIC_REPRESENTATION_CONTEXT() REPRESENTATION_CONTEXT('2D SPACE',''
  ) );
#6376 = ADVANCED_FACE('',(#6377),#5146,.F.);
#6377 = FACE_BOUND('',#6378,.F.);
#6378 = EDGE_LOOP('',(#6379));
#6379 = ORIENTED_EDGE('',*,*,#5131,.T.);
#6380 = ADVANCED_FACE('',(#6381),#5201,.F.);
#6381 = FACE_BOUND('',#6382,.F.);
#6382 = EDGE_LOOP('',(#6383));
#6383 = ORIENTED_EDGE('',*,*,#5186,.T.);
#6384 = ADVANCED_FACE('',(#6385,#6416),#5258,.T.);
#6385 = FACE_BOUND('',#6386,.T.);
#6386 = EDGE_LOOP('',(#6387));
#6387 = ORIENTED_EDGE('',*,*,#6388,.T.);
#6388 = EDGE_CURVE('',#6389,#6389,#6391,.T.);
#6389 = VERTEX_POINT('',#6390);
#6390 = CARTESIAN_POINT('',(-24.,34.,0.));
#6391 = SURFACE_CURVE('',#6392,(#6397,#6404),.PCURVE_S1.);
#6392 = CIRCLE('',#6393,34.);
#6393 = AXIS2_PLACEMENT_3D('',#6394,#6395,#6396);
#6394 = CARTESIAN_POINT('',(-24.,0.,0.));
#6395 = DIRECTION('',(1.,0.,0.));
#6396 = DIRECTION('',(0.,1.,0.));
#6397 = PCURVE('',#5258,#6398);
#6398 = DEFINITIONAL_REPRESENTATION('',(#6399),#6403);
#6399 = CIRCLE('',#6400,34.);
#6400 = AXIS2_PLACEMENT_2D('',#6401,#6402);
#6401 = CARTESIAN_POINT('',(1.387933039034E-15,-3.21750619421E-15));
#6402 = DIRECTION('',(0.,-1.));
#6403 = ( GEOMETRIC_REPRESENTATION_CONTEXT(2) 
PARAMETRIC_REPRESENTATION_CONTEXT() REPRESENTATION_CONTEXT('2D SPACE',''
  ) );
#6404 = PCURVE('',#6405,#6410);
#6405 = CYLINDRICAL_SURFACE('',#6406,34.);
#6406 = AXIS2_PLACEMENT_3D('',#6407,#6408,#6409);
#6407 = CARTESIAN_POINT('',(-24.,0.,0.));
#6408 = DIRECTION('',(-1.,-0.,-0.));
#6409 = DIRECTION('',(0.,1.,0.));
#6410 = DEFINITIONAL_REPRESENTATION('',(#6411),#6415);
#6411 = LINE('',#6412,#6413);
#6412 = CARTESIAN_POINT('',(-0.,0.));
#6413 = VECTOR('',#6414,1.);
#6414 = DIRECTION('',(-1.,0.));
#6415 = ( GEOMETRIC_REPRESENTATION_CONTEXT(2) 
PARAMETRIC_REPRESENTATION_CONTEXT() REPRESENTATION_CONTEXT('2D SPACE',''
  ) );
#6416 = FACE_BOUND('',#6417,.T.);
#6417 = EDGE_LOOP('',(#6418));
#6418 = ORIENTED_EDGE('',*,*,#5243,.T.);
#6419 = ADVANCED_FACE('',(#6420),#5315,.F.);
#6420 = FACE_BOUND('',#6421,.F.);
#6421 = EDGE_LOOP('',(#6422));
#6422 = ORIENTED_EDGE('',*,*,#5300,.T.);
#6423 = ADVANCED_FACE('',(#6424,#6499),#5370,.T.);
#6424 = FACE_BOUND('',#6425,.T.);
#6425 = EDGE_LOOP('',(#6426,#6427,#6450,#6478));
#6426 = ORIENTED_EDGE('',*,*,#5710,.T.);
#6427 = ORIENTED_EDGE('',*,*,#6428,.T.);
#6428 = EDGE_CURVE('',#5711,#6429,#6431,.T.);
#6429 = VERTEX_POINT('',#6430);
#6430 = CARTESIAN_POINT('',(-30.,27.,-37.));
#6431 = SURFACE_CURVE('',#6432,(#6436,#6443),.PCURVE_S1.);
#6432 = LINE('',#6433,#6434);
#6433 = CARTESIAN_POINT('',(-30.,27.,-86.));
#6434 = VECTOR('',#6435,1.);
#6435 = DIRECTION('',(0.,0.,1.));
#6436 = PCURVE('',#5370,#6437);
#6437 = DEFINITIONAL_REPRESENTATION('',(#6438),#6442);
#6438 = LINE('',#6439,#6440);
#6439 = CARTESIAN_POINT('',(8.,0.));
#6440 = VECTOR('',#6441,1.);
#6441 = DIRECTION('',(0.,-1.));
#6442 = ( GEOMETRIC_REPRESENTATION_CONTEXT(2) 
PARAMETRIC_REPRESENTATION_CONTEXT() REPRESENTATION_CONTEXT('2D SPACE',''
  ) );
#6443 = PCURVE('',#5748,#6444);
#6444 = DEFINITIONAL_REPRESENTATION('',(#6445),#6449);
#6445 = LINE('',#6446,#6447);
#6446 = CARTESIAN_POINT('',(1.570796326795,0.));
#6447 = VECTOR('',#6448,1.);
#6448 = DIRECTION('',(0.,1.));
#6449 = ( GEOMETRIC_REPRESENTATION_CONTEXT(2) 
PARAMETRIC_REPRESENTATION_CONTEXT() REPRESENTATION_CONTEXT('2D SPACE',''
  ) );
#6450 = ORIENTED_EDGE('',*,*,#6451,.T.);
#6451 = EDGE_CURVE('',#6429,#6452,#6454,.T.);
#6452 = VERTEX_POINT('',#6453);
#6453 = CARTESIAN_POINT('',(-30.,-27.,-37.));
#6454 = SURFACE_CURVE('',#6455,(#6459,#6466),.PCURVE_S1.);
#6455 = LINE('',#6456,#6457);
#6456 = CARTESIAN_POINT('',(-30.,35.,-37.));
#6457 = VECTOR('',#6458,1.);
#6458 = DIRECTION('',(0.,-1.,0.));
#6459 = PCURVE('',#5370,#6460);
#6460 = DEFINITIONAL_REPRESENTATION('',(#6461),#6465);
#6461 = LINE('',#6462,#6463);
#6462 = CARTESIAN_POINT('',(0.,-49.));
#6463 = VECTOR('',#6464,1.);
#6464 = DIRECTION('',(1.,0.));
#6465 = ( GEOMETRIC_REPRESENTATION_CONTEXT(2) 
PARAMETRIC_REPRESENTATION_CONTEXT() REPRESENTATION_CONTEXT('2D SPACE',''
  ) );
#6466 = PCURVE('',#6467,#6472);
#6467 = PLANE('',#6468);
#6468 = AXIS2_PLACEMENT_3D('',#6469,#6470,#6471);
#6469 = CARTESIAN_POINT('',(0.,0.,-37.));
#6470 = DIRECTION('',(0.,0.,1.));
#6471 = DIRECTION('',(1.,0.,-0.));
#6472 = DEFINITIONAL_REPRESENTATION('',(#6473),#6477);
#6473 = LINE('',#6474,#6475);
#6474 = CARTESIAN_POINT('',(-30.,35.));
#6475 = VECTOR('',#6476,1.);
#6476 = DIRECTION('',(0.,-1.));
#6477 = ( GEOMETRIC_REPRESENTATION_CONTEXT(2) 
PARAMETRIC_REPRESENTATION_CONTEXT() REPRESENTATION_CONTEXT('2D SPACE',''
  ) );
#6478 = ORIENTED_EDGE('',*,*,#6479,.F.);
#6479 = EDGE_CURVE('',#5682,#6452,#6480,.T.);
#6480 = SURFACE_CURVE('',#6481,(#6485,#6492),.PCURVE_S1.);
#6481 = LINE('',#6482,#6483);
#6482 = CARTESIAN_POINT('',(-30.,-27.,-86.));
#6483 = VECTOR('',#6484,1.);
#6484 = DIRECTION('',(0.,0.,1.));
#6485 = PCURVE('',#5370,#6486);
#6486 = DEFINITIONAL_REPRESENTATION('',(#6487),#6491);
#6487 = LINE('',#6488,#6489);
#6488 = CARTESIAN_POINT('',(62.,0.));
#6489 = VECTOR('',#6490,1.);
#6490 = DIRECTION('',(0.,-1.));
#6491 = ( GEOMETRIC_REPRESENTATION_CONTEXT(2) 
PARAMETRIC_REPRESENTATION_CONTEXT() REPRESENTATION_CONTEXT('2D SPACE',''
  ) );
#6492 = PCURVE('',#5698,#6493);
#6493 = DEFINITIONAL_REPRESENTATION('',(#6494),#6498);
#6494 = LINE('',#6495,#6496);
#6495 = CARTESIAN_POINT('',(-1.570796326795,0.));
#6496 = VECTOR('',#6497,1.);
#6497 = DIRECTION('',(-0.,1.));
#6498 = ( GEOMETRIC_REPRESENTATION_CONTEXT(2) 
PARAMETRIC_REPRESENTATION_CONTEXT() REPRESENTATION_CONTEXT('2D SPACE',''
  ) );
#6499 = FACE_BOUND('',#6500,.T.);
#6500 = EDGE_LOOP('',(#6501));
#6501 = ORIENTED_EDGE('',*,*,#5355,.F.);
#6502 = ADVANCED_FACE('',(#6503),#5425,.F.);
#6503 = FACE_BOUND('',#6504,.F.);
#6504 = EDGE_LOOP('',(#6505));
#6505 = ORIENTED_EDGE('',*,*,#5410,.T.);
#6506 = ADVANCED_FACE('',(#6507),#5480,.F.);
#6507 = FACE_BOUND('',#6508,.F.);
#6508 = EDGE_LOOP('',(#6509));
#6509 = ORIENTED_EDGE('',*,*,#5465,.T.);
#6510 = ADVANCED_FACE('',(#6511),#5643,.F.);
#6511 = FACE_BOUND('',#6512,.F.);
#6512 = EDGE_LOOP('',(#6513,#6536,#6537,#6560));
#6513 = ORIENTED_EDGE('',*,*,#6514,.F.);
#6514 = EDGE_CURVE('',#5625,#6515,#6517,.T.);
#6515 = VERTEX_POINT('',#6516);
#6516 = CARTESIAN_POINT('',(22.,-35.,-37.));
#6517 = SURFACE_CURVE('',#6518,(#6522,#6529),.PCURVE_S1.);
#6518 = LINE('',#6519,#6520);
#6519 = CARTESIAN_POINT('',(22.,-35.,-86.));
#6520 = VECTOR('',#6521,1.);
#6521 = DIRECTION('',(0.,0.,1.));
#6522 = PCURVE('',#5643,#6523);
#6523 = DEFINITIONAL_REPRESENTATION('',(#6524),#6528);
#6524 = LINE('',#6525,#6526);
#6525 = CARTESIAN_POINT('',(0.,0.));
#6526 = VECTOR('',#6527,1.);
#6527 = DIRECTION('',(0.,1.));
#6528 = ( GEOMETRIC_REPRESENTATION_CONTEXT(2) 
PARAMETRIC_REPRESENTATION_CONTEXT() REPRESENTATION_CONTEXT('2D SPACE',''
  ) );
#6529 = PCURVE('',#5670,#6530);
#6530 = DEFINITIONAL_REPRESENTATION('',(#6531),#6535);
#6531 = LINE('',#6532,#6533);
#6532 = CARTESIAN_POINT('',(52.,0.));
#6533 = VECTOR('',#6534,1.);
#6534 = DIRECTION('',(0.,-1.));
#6535 = ( GEOMETRIC_REPRESENTATION_CONTEXT(2) 
PARAMETRIC_REPRESENTATION_CONTEXT() REPRESENTATION_CONTEXT('2D SPACE',''
  ) );
#6536 = ORIENTED_EDGE('',*,*,#5624,.T.);
#6537 = ORIENTED_EDGE('',*,*,#6538,.T.);
#6538 = EDGE_CURVE('',#5627,#6539,#6541,.T.);
#6539 = VERTEX_POINT('',#6540);
#6540 = CARTESIAN_POINT('',(30.,-27.,-37.));
#6541 = SURFACE_CURVE('',#6542,(#6546,#6553),.PCURVE_S1.);
#6542 = LINE('',#6543,#6544);
#6543 = CARTESIAN_POINT('',(30.,-27.,-86.));
#6544 = VECTOR('',#6545,1.);
#6545 = DIRECTION('',(0.,0.,1.));
#6546 = PCURVE('',#5643,#6547);
#6547 = DEFINITIONAL_REPRESENTATION('',(#6548),#6552);
#6548 = LINE('',#6549,#6550);
#6549 = CARTESIAN_POINT('',(1.570796326795,0.));
#6550 = VECTOR('',#6551,1.);
#6551 = DIRECTION('',(0.,1.));
#6552 = ( GEOMETRIC_REPRESENTATION_CONTEXT(2) 
PARAMETRIC_REPRESENTATION_CONTEXT() REPRESENTATION_CONTEXT('2D SPACE',''
  ) );
#6553 = PCURVE('',#5828,#6554);
#6554 = DEFINITIONAL_REPRESENTATION('',(#6555),#6559);
#6555 = LINE('',#6556,#6557);
#6556 = CARTESIAN_POINT('',(8.,0.));
#6557 = VECTOR('',#6558,1.);
#6558 = DIRECTION('',(0.,-1.));
#6559 = ( GEOMETRIC_REPRESENTATION_CONTEXT(2) 
PARAMETRIC_REPRESENTATION_CONTEXT() REPRESENTATION_CONTEXT('2D SPACE',''
  ) );
#6560 = ORIENTED_EDGE('',*,*,#6561,.F.);
#6561 = EDGE_CURVE('',#6515,#6539,#6562,.T.);
#6562 = SURFACE_CURVE('',#6563,(#6568,#6575),.PCURVE_S1.);
#6563 = CIRCLE('',#6564,8.);
#6564 = AXIS2_PLACEMENT_3D('',#6565,#6566,#6567);
#6565 = CARTESIAN_POINT('',(22.,-27.,-37.));
#6566 = DIRECTION('',(0.,0.,1.));
#6567 = DIRECTION('',(0.,-1.,0.));
#6568 = PCURVE('',#5643,#6569);
#6569 = DEFINITIONAL_REPRESENTATION('',(#6570),#6574);
#6570 = LINE('',#6571,#6572);
#6571 = CARTESIAN_POINT('',(0.,49.));
#6572 = VECTOR('',#6573,1.);
#6573 = DIRECTION('',(1.,0.));
#6574 = ( GEOMETRIC_REPRESENTATION_CONTEXT(2) 
PARAMETRIC_REPRESENTATION_CONTEXT() REPRESENTATION_CONTEXT('2D SPACE',''
  ) );
#6575 = PCURVE('',#6467,#6576);
#6576 = DEFINITIONAL_REPRESENTATION('',(#6577),#6581);
#6577 = CIRCLE('',#6578,8.);
#6578 = AXIS2_PLACEMENT_2D('',#6579,#6580);
#6579 = CARTESIAN_POINT('',(22.,-27.));
#6580 = DIRECTION('',(0.,-1.));
#6581 = ( GEOMETRIC_REPRESENTATION_CONTEXT(2) 
PARAMETRIC_REPRESENTATION_CONTEXT() REPRESENTATION_CONTEXT('2D SPACE',''
  ) );
#6582 = ADVANCED_FACE('',(#6583),#5670,.T.);
#6583 = FACE_BOUND('',#6584,.T.);
#6584 = EDGE_LOOP('',(#6585,#6586,#6609,#6630));
#6585 = ORIENTED_EDGE('',*,*,#5655,.T.);
#6586 = ORIENTED_EDGE('',*,*,#6587,.T.);
#6587 = EDGE_CURVE('',#5656,#6588,#6590,.T.);
#6588 = VERTEX_POINT('',#6589);
#6589 = CARTESIAN_POINT('',(-22.,-35.,-37.));
#6590 = SURFACE_CURVE('',#6591,(#6595,#6602),.PCURVE_S1.);
#6591 = LINE('',#6592,#6593);
#6592 = CARTESIAN_POINT('',(-22.,-35.,-86.));
#6593 = VECTOR('',#6594,1.);
#6594 = DIRECTION('',(0.,0.,1.));
#6595 = PCURVE('',#5670,#6596);
#6596 = DEFINITIONAL_REPRESENTATION('',(#6597),#6601);
#6597 = LINE('',#6598,#6599);
#6598 = CARTESIAN_POINT('',(8.,0.));
#6599 = VECTOR('',#6600,1.);
#6600 = DIRECTION('',(0.,-1.));
#6601 = ( GEOMETRIC_REPRESENTATION_CONTEXT(2) 
PARAMETRIC_REPRESENTATION_CONTEXT() REPRESENTATION_CONTEXT('2D SPACE',''
  ) );
#6602 = PCURVE('',#5698,#6603);
#6603 = DEFINITIONAL_REPRESENTATION('',(#6604),#6608);
#6604 = LINE('',#6605,#6606);
#6605 = CARTESIAN_POINT('',(-0.,0.));
#6606 = VECTOR('',#6607,1.);
#6607 = DIRECTION('',(-0.,1.));
#6608 = ( GEOMETRIC_REPRESENTATION_CONTEXT(2) 
PARAMETRIC_REPRESENTATION_CONTEXT() REPRESENTATION_CONTEXT('2D SPACE',''
  ) );
#6609 = ORIENTED_EDGE('',*,*,#6610,.T.);
#6610 = EDGE_CURVE('',#6588,#6515,#6611,.T.);
#6611 = SURFACE_CURVE('',#6612,(#6616,#6623),.PCURVE_S1.);
#6612 = LINE('',#6613,#6614);
#6613 = CARTESIAN_POINT('',(-30.,-35.,-37.));
#6614 = VECTOR('',#6615,1.);
#6615 = DIRECTION('',(1.,0.,0.));
#6616 = PCURVE('',#5670,#6617);
#6617 = DEFINITIONAL_REPRESENTATION('',(#6618),#6622);
#6618 = LINE('',#6619,#6620);
#6619 = CARTESIAN_POINT('',(0.,-49.));
#6620 = VECTOR('',#6621,1.);
#6621 = DIRECTION('',(1.,0.));
#6622 = ( GEOMETRIC_REPRESENTATION_CONTEXT(2) 
PARAMETRIC_REPRESENTATION_CONTEXT() REPRESENTATION_CONTEXT('2D SPACE',''
  ) );
#6623 = PCURVE('',#6467,#6624);
#6624 = DEFINITIONAL_REPRESENTATION('',(#6625),#6629);
#6625 = LINE('',#6626,#6627);
#6626 = CARTESIAN_POINT('',(-30.,-35.));
#6627 = VECTOR('',#6628,1.);
#6628 = DIRECTION('',(1.,0.));
#6629 = ( GEOMETRIC_REPRESENTATION_CONTEXT(2) 
PARAMETRIC_REPRESENTATION_CONTEXT() REPRESENTATION_CONTEXT('2D SPACE',''
  ) );
#6630 = ORIENTED_EDGE('',*,*,#6514,.F.);
#6631 = ADVANCED_FACE('',(#6632,#6680),#5828,.T.);
#6632 = FACE_BOUND('',#6633,.T.);
#6633 = EDGE_LOOP('',(#6634,#6635,#6636,#6659));
#6634 = ORIENTED_EDGE('',*,*,#5815,.T.);
#6635 = ORIENTED_EDGE('',*,*,#6538,.T.);
#6636 = ORIENTED_EDGE('',*,*,#6637,.T.);
#6637 = EDGE_CURVE('',#6539,#6638,#6640,.T.);
#6638 = VERTEX_POINT('',#6639);
#6639 = CARTESIAN_POINT('',(30.,27.,-37.));
#6640 = SURFACE_CURVE('',#6641,(#6645,#6652),.PCURVE_S1.);
#6641 = LINE('',#6642,#6643);
#6642 = CARTESIAN_POINT('',(30.,-35.,-37.));
#6643 = VECTOR('',#6644,1.);
#6644 = DIRECTION('',(0.,1.,0.));
#6645 = PCURVE('',#5828,#6646);
#6646 = DEFINITIONAL_REPRESENTATION('',(#6647),#6651);
#6647 = LINE('',#6648,#6649);
#6648 = CARTESIAN_POINT('',(0.,-49.));
#6649 = VECTOR('',#6650,1.);
#6650 = DIRECTION('',(1.,0.));
#6651 = ( GEOMETRIC_REPRESENTATION_CONTEXT(2) 
PARAMETRIC_REPRESENTATION_CONTEXT() REPRESENTATION_CONTEXT('2D SPACE',''
  ) );
#6652 = PCURVE('',#6467,#6653);
#6653 = DEFINITIONAL_REPRESENTATION('',(#6654),#6658);
#6654 = LINE('',#6655,#6656);
#6655 = CARTESIAN_POINT('',(30.,-35.));
#6656 = VECTOR('',#6657,1.);
#6657 = DIRECTION('',(0.,1.));
#6658 = ( GEOMETRIC_REPRESENTATION_CONTEXT(2) 
PARAMETRIC_REPRESENTATION_CONTEXT() REPRESENTATION_CONTEXT('2D SPACE',''
  ) );
#6659 = ORIENTED_EDGE('',*,*,#6660,.F.);
#6660 = EDGE_CURVE('',#5787,#6638,#6661,.T.);
#6661 = SURFACE_CURVE('',#6662,(#6666,#6673),.PCURVE_S1.);
#6662 = LINE('',#6663,#6664);
#6663 = CARTESIAN_POINT('',(30.,27.,-86.));
#6664 = VECTOR('',#6665,1.);
#6665 = DIRECTION('',(0.,0.,1.));
#6666 = PCURVE('',#5828,#6667);
#6667 = DEFINITIONAL_REPRESENTATION('',(#6668),#6672);
#6668 = LINE('',#6669,#6670);
#6669 = CARTESIAN_POINT('',(62.,0.));
#6670 = VECTOR('',#6671,1.);
#6671 = DIRECTION('',(0.,-1.));
#6672 = ( GEOMETRIC_REPRESENTATION_CONTEXT(2) 
PARAMETRIC_REPRESENTATION_CONTEXT() REPRESENTATION_CONTEXT('2D SPACE',''
  ) );
#6673 = PCURVE('',#5803,#6674);
#6674 = DEFINITIONAL_REPRESENTATION('',(#6675),#6679);
#6675 = LINE('',#6676,#6677);
#6676 = CARTESIAN_POINT('',(0.,0.));
#6677 = VECTOR('',#6678,1.);
#6678 = DIRECTION('',(0.,1.));
#6679 = ( GEOMETRIC_REPRESENTATION_CONTEXT(2) 
PARAMETRIC_REPRESENTATION_CONTEXT() REPRESENTATION_CONTEXT('2D SPACE',''
  ) );
#6680 = FACE_BOUND('',#6681,.T.);
#6681 = EDGE_LOOP('',(#6682));
#6682 = ORIENTED_EDGE('',*,*,#6241,.T.);
#6683 = ADVANCED_FACE('',(#6684),#5698,.F.);
#6684 = FACE_BOUND('',#6685,.T.);
#6685 = EDGE_LOOP('',(#6686,#6687,#6688,#6689));
#6686 = ORIENTED_EDGE('',*,*,#6587,.F.);
#6687 = ORIENTED_EDGE('',*,*,#5681,.F.);
#6688 = ORIENTED_EDGE('',*,*,#6479,.T.);
#6689 = ORIENTED_EDGE('',*,*,#6690,.F.);
#6690 = EDGE_CURVE('',#6588,#6452,#6691,.T.);
#6691 = SURFACE_CURVE('',#6692,(#6697,#6704),.PCURVE_S1.);
#6692 = CIRCLE('',#6693,8.);
#6693 = AXIS2_PLACEMENT_3D('',#6694,#6695,#6696);
#6694 = CARTESIAN_POINT('',(-22.,-27.,-37.));
#6695 = DIRECTION('',(-0.,-0.,-1.));
#6696 = DIRECTION('',(0.,-1.,0.));
#6697 = PCURVE('',#5698,#6698);
#6698 = DEFINITIONAL_REPRESENTATION('',(#6699),#6703);
#6699 = LINE('',#6700,#6701);
#6700 = CARTESIAN_POINT('',(-0.,49.));
#6701 = VECTOR('',#6702,1.);
#6702 = DIRECTION('',(-1.,0.));
#6703 = ( GEOMETRIC_REPRESENTATION_CONTEXT(2) 
PARAMETRIC_REPRESENTATION_CONTEXT() REPRESENTATION_CONTEXT('2D SPACE',''
  ) );
#6704 = PCURVE('',#6467,#6705);
#6705 = DEFINITIONAL_REPRESENTATION('',(#6706),#6714);
#6706 = ( BOUNDED_CURVE() B_SPLINE_CURVE(2,(#6707,#6708,#6709,#6710,
#6711,#6712,#6713),.UNSPECIFIED.,.T.,.F.) B_SPLINE_CURVE_WITH_KNOTS((1,2
    ,2,2,2,1),(-2.094395102393,0.,2.094395102393,4.188790204786,
6.28318530718,8.377580409573),.UNSPECIFIED.) CURVE() 
GEOMETRIC_REPRESENTATION_ITEM() RATIONAL_B_SPLINE_CURVE((1.,0.5,1.,0.5,
1.,0.5,1.)) REPRESENTATION_ITEM('') );
#6707 = CARTESIAN_POINT('',(-22.,-35.));
#6708 = CARTESIAN_POINT('',(-35.85640646055,-35.));
#6709 = CARTESIAN_POINT('',(-28.92820323027,-23.));
#6710 = CARTESIAN_POINT('',(-22.,-11.));
#6711 = CARTESIAN_POINT('',(-15.07179676972,-23.));
#6712 = CARTESIAN_POINT('',(-8.143593539449,-35.));
#6713 = CARTESIAN_POINT('',(-22.,-35.));
#6714 = ( GEOMETRIC_REPRESENTATION_CONTEXT(2) 
PARAMETRIC_REPRESENTATION_CONTEXT() REPRESENTATION_CONTEXT('2D SPACE',''
  ) );
#6715 = ADVANCED_FACE('',(#6716),#5803,.F.);
#6716 = FACE_BOUND('',#6717,.F.);
#6717 = EDGE_LOOP('',(#6718,#6719,#6720,#6743));
#6718 = ORIENTED_EDGE('',*,*,#6660,.F.);
#6719 = ORIENTED_EDGE('',*,*,#5786,.T.);
#6720 = ORIENTED_EDGE('',*,*,#6721,.T.);
#6721 = EDGE_CURVE('',#5761,#6722,#6724,.T.);
#6722 = VERTEX_POINT('',#6723);
#6723 = CARTESIAN_POINT('',(22.,35.,-37.));
#6724 = SURFACE_CURVE('',#6725,(#6729,#6736),.PCURVE_S1.);
#6725 = LINE('',#6726,#6727);
#6726 = CARTESIAN_POINT('',(22.,35.,-86.));
#6727 = VECTOR('',#6728,1.);
#6728 = DIRECTION('',(0.,0.,1.));
#6729 = PCURVE('',#5803,#6730);
#6730 = DEFINITIONAL_REPRESENTATION('',(#6731),#6735);
#6731 = LINE('',#6732,#6733);
#6732 = CARTESIAN_POINT('',(1.570796326795,0.));
#6733 = VECTOR('',#6734,1.);
#6734 = DIRECTION('',(0.,1.));
#6735 = ( GEOMETRIC_REPRESENTATION_CONTEXT(2) 
PARAMETRIC_REPRESENTATION_CONTEXT() REPRESENTATION_CONTEXT('2D SPACE',''
  ) );
#6736 = PCURVE('',#5775,#6737);
#6737 = DEFINITIONAL_REPRESENTATION('',(#6738),#6742);
#6738 = LINE('',#6739,#6740);
#6739 = CARTESIAN_POINT('',(8.,0.));
#6740 = VECTOR('',#6741,1.);
#6741 = DIRECTION('',(0.,-1.));
#6742 = ( GEOMETRIC_REPRESENTATION_CONTEXT(2) 
PARAMETRIC_REPRESENTATION_CONTEXT() REPRESENTATION_CONTEXT('2D SPACE',''
  ) );
#6743 = ORIENTED_EDGE('',*,*,#6744,.F.);
#6744 = EDGE_CURVE('',#6638,#6722,#6745,.T.);
#6745 = SURFACE_CURVE('',#6746,(#6751,#6758),.PCURVE_S1.);
#6746 = CIRCLE('',#6747,8.);
#6747 = AXIS2_PLACEMENT_3D('',#6748,#6749,#6750);
#6748 = CARTESIAN_POINT('',(22.,27.,-37.));
#6749 = DIRECTION('',(0.,0.,1.));
#6750 = DIRECTION('',(0.,-1.,0.));
#6751 = PCURVE('',#5803,#6752);
#6752 = DEFINITIONAL_REPRESENTATION('',(#6753),#6757);
#6753 = LINE('',#6754,#6755);
#6754 = CARTESIAN_POINT('',(-1.570796326795,49.));
#6755 = VECTOR('',#6756,1.);
#6756 = DIRECTION('',(1.,0.));
#6757 = ( GEOMETRIC_REPRESENTATION_CONTEXT(2) 
PARAMETRIC_REPRESENTATION_CONTEXT() REPRESENTATION_CONTEXT('2D SPACE',''
  ) );
#6758 = PCURVE('',#6467,#6759);
#6759 = DEFINITIONAL_REPRESENTATION('',(#6760),#6764);
#6760 = CIRCLE('',#6761,8.);
#6761 = AXIS2_PLACEMENT_2D('',#6762,#6763);
#6762 = CARTESIAN_POINT('',(22.,27.));
#6763 = DIRECTION('',(0.,-1.));
#6764 = ( GEOMETRIC_REPRESENTATION_CONTEXT(2) 
PARAMETRIC_REPRESENTATION_CONTEXT() REPRESENTATION_CONTEXT('2D SPACE',''
  ) );
#6765 = ADVANCED_FACE('',(#6766),#5775,.T.);
#6766 = FACE_BOUND('',#6767,.T.);
#6767 = EDGE_LOOP('',(#6768,#6769,#6770,#6793));
#6768 = ORIENTED_EDGE('',*,*,#5760,.T.);
#6769 = ORIENTED_EDGE('',*,*,#6721,.T.);
#6770 = ORIENTED_EDGE('',*,*,#6771,.T.);
#6771 = EDGE_CURVE('',#6722,#6772,#6774,.T.);
#6772 = VERTEX_POINT('',#6773);
#6773 = CARTESIAN_POINT('',(-22.,35.,-37.));
#6774 = SURFACE_CURVE('',#6775,(#6779,#6786),.PCURVE_S1.);
#6775 = LINE('',#6776,#6777);
#6776 = CARTESIAN_POINT('',(30.,35.,-37.));
#6777 = VECTOR('',#6778,1.);
#6778 = DIRECTION('',(-1.,0.,0.));
#6779 = PCURVE('',#5775,#6780);
#6780 = DEFINITIONAL_REPRESENTATION('',(#6781),#6785);
#6781 = LINE('',#6782,#6783);
#6782 = CARTESIAN_POINT('',(0.,-49.));
#6783 = VECTOR('',#6784,1.);
#6784 = DIRECTION('',(1.,0.));
#6785 = ( GEOMETRIC_REPRESENTATION_CONTEXT(2) 
PARAMETRIC_REPRESENTATION_CONTEXT() REPRESENTATION_CONTEXT('2D SPACE',''
  ) );
#6786 = PCURVE('',#6467,#6787);
#6787 = DEFINITIONAL_REPRESENTATION('',(#6788),#6792);
#6788 = LINE('',#6789,#6790);
#6789 = CARTESIAN_POINT('',(30.,35.));
#6790 = VECTOR('',#6791,1.);
#6791 = DIRECTION('',(-1.,0.));
#6792 = ( GEOMETRIC_REPRESENTATION_CONTEXT(2) 
PARAMETRIC_REPRESENTATION_CONTEXT() REPRESENTATION_CONTEXT('2D SPACE',''
  ) );
#6793 = ORIENTED_EDGE('',*,*,#6794,.F.);
#6794 = EDGE_CURVE('',#5732,#6772,#6795,.T.);
#6795 = SURFACE_CURVE('',#6796,(#6800,#6807),.PCURVE_S1.);
#6796 = LINE('',#6797,#6798);
#6797 = CARTESIAN_POINT('',(-22.,35.,-86.));
#6798 = VECTOR('',#6799,1.);
#6799 = DIRECTION('',(0.,0.,1.));
#6800 = PCURVE('',#5775,#6801);
#6801 = DEFINITIONAL_REPRESENTATION('',(#6802),#6806);
#6802 = LINE('',#6803,#6804);
#6803 = CARTESIAN_POINT('',(52.,0.));
#6804 = VECTOR('',#6805,1.);
#6805 = DIRECTION('',(0.,-1.));
#6806 = ( GEOMETRIC_REPRESENTATION_CONTEXT(2) 
PARAMETRIC_REPRESENTATION_CONTEXT() REPRESENTATION_CONTEXT('2D SPACE',''
  ) );
#6807 = PCURVE('',#5748,#6808);
#6808 = DEFINITIONAL_REPRESENTATION('',(#6809),#6813);
#6809 = LINE('',#6810,#6811);
#6810 = CARTESIAN_POINT('',(0.,0.));
#6811 = VECTOR('',#6812,1.);
#6812 = DIRECTION('',(0.,1.));
#6813 = ( GEOMETRIC_REPRESENTATION_CONTEXT(2) 
PARAMETRIC_REPRESENTATION_CONTEXT() REPRESENTATION_CONTEXT('2D SPACE',''
  ) );
#6814 = ADVANCED_FACE('',(#6815),#5748,.F.);
#6815 = FACE_BOUND('',#6816,.F.);
#6816 = EDGE_LOOP('',(#6817,#6818,#6819,#6820));
#6817 = ORIENTED_EDGE('',*,*,#6794,.F.);
#6818 = ORIENTED_EDGE('',*,*,#5731,.T.);
#6819 = ORIENTED_EDGE('',*,*,#6428,.T.);
#6820 = ORIENTED_EDGE('',*,*,#6821,.F.);
#6821 = EDGE_CURVE('',#6772,#6429,#6822,.T.);
#6822 = SURFACE_CURVE('',#6823,(#6828,#6835),.PCURVE_S1.);
#6823 = CIRCLE('',#6824,8.);
#6824 = AXIS2_PLACEMENT_3D('',#6825,#6826,#6827);
#6825 = CARTESIAN_POINT('',(-22.,27.,-37.));
#6826 = DIRECTION('',(0.,0.,1.));
#6827 = DIRECTION('',(0.,-1.,0.));
#6828 = PCURVE('',#5748,#6829);
#6829 = DEFINITIONAL_REPRESENTATION('',(#6830),#6834);
#6830 = LINE('',#6831,#6832);
#6831 = CARTESIAN_POINT('',(-3.14159265359,49.));
#6832 = VECTOR('',#6833,1.);
#6833 = DIRECTION('',(1.,0.));
#6834 = ( GEOMETRIC_REPRESENTATION_CONTEXT(2) 
PARAMETRIC_REPRESENTATION_CONTEXT() REPRESENTATION_CONTEXT('2D SPACE',''
  ) );
#6835 = PCURVE('',#6467,#6836);
#6836 = DEFINITIONAL_REPRESENTATION('',(#6837),#6841);
#6837 = CIRCLE('',#6838,8.);
#6838 = AXIS2_PLACEMENT_2D('',#6839,#6840);
#6839 = CARTESIAN_POINT('',(-22.,27.));
#6840 = DIRECTION('',(0.,-1.));
#6841 = ( GEOMETRIC_REPRESENTATION_CONTEXT(2) 
PARAMETRIC_REPRESENTATION_CONTEXT() REPRESENTATION_CONTEXT('2D SPACE',''
  ) );
#6842 = ADVANCED_FACE('',(#6843),#5923,.F.);
#6843 = FACE_BOUND('',#6844,.T.);
#6844 = EDGE_LOOP('',(#6845,#7096,#7117,#7118));
#6845 = ORIENTED_EDGE('',*,*,#6846,.F.);
#6846 = EDGE_CURVE('',#6847,#6847,#6849,.T.);
#6847 = VERTEX_POINT('',#6848);
#6848 = CARTESIAN_POINT('',(4.25,0.,34.));
#6849 = SURFACE_CURVE('',#6850,(#6930,#7013),.PCURVE_S1.);
#6850 = B_SPLINE_CURVE_WITH_KNOTS('',8,(#6851,#6852,#6853,#6854,#6855,
    #6856,#6857,#6858,#6859,#6860,#6861,#6862,#6863,#6864,#6865,#6866,
    #6867,#6868,#6869,#6870,#6871,#6872,#6873,#6874,#6875,#6876,#6877,
    #6878,#6879,#6880,#6881,#6882,#6883,#6884,#6885,#6886,#6887,#6888,
    #6889,#6890,#6891,#6892,#6893,#6894,#6895,#6896,#6897,#6898,#6899,
    #6900,#6901,#6902,#6903,#6904,#6905,#6906,#6907,#6908,#6909,#6910,
    #6911,#6912,#6913,#6914,#6915,#6916,#6917,#6918,#6919,#6920,#6921,
    #6922,#6923,#6924,#6925,#6926,#6927,#6928,#6929),.UNSPECIFIED.,.T.,
  .F.,(9,7,7,7,7,7,7,7,7,7,7,9),(0.,4.739178071225E-02,0.120311425597,
    0.180839445671,0.250352271199,0.424861900376,0.550044730863,
    0.6780990064,0.821770692192,0.881425170939,0.953292438375,1.),
  .UNSPECIFIED.);
#6851 = CARTESIAN_POINT('',(4.25,8.881784197001E-16,34.));
#6852 = CARTESIAN_POINT('',(4.25,0.190302690785,34.));
#6853 = CARTESIAN_POINT('',(4.240261445122,0.38032642433,33.998782704204
    ));
#6854 = CARTESIAN_POINT('',(4.22083446329,0.569100110729,33.996354273106
    ));
#6855 = CARTESIAN_POINT('',(4.191921981315,0.755662805119,
    33.992755615825));
#6856 = CARTESIAN_POINT('',(4.153877376223,0.93907885924,33.98806120605)
  );
#6857 = CARTESIAN_POINT('',(4.107202430478,1.118452879246,
    33.982375576475));
#6858 = CARTESIAN_POINT('',(4.052545591087,1.292944489762,
    33.975827491716));
#6859 = CARTESIAN_POINT('',(3.895542266054,1.721567133407,
    33.957382399559));
#6860 = CARTESIAN_POINT('',(3.783411347634,1.967845274858,
    33.944509360087));
#6861 = CARTESIAN_POINT('',(3.656427348329,2.200006059828,
    33.930380144287));
#6862 = CARTESIAN_POINT('',(3.516558058383,2.41764701898,33.915422943527
    ));
#6863 = CARTESIAN_POINT('',(3.365636956745,2.620546775725,
    33.900036772294));
#6864 = CARTESIAN_POINT('',(3.20537913499,2.808639778183,33.884578112483
    ));
#6865 = CARTESIAN_POINT('',(3.037395675728,2.981993469739,33.86935410726
    ));
#6866 = CARTESIAN_POINT('',(2.718618194929,3.272597541088,
    33.842393955637));
#6867 = CARTESIAN_POINT('',(2.569446436248,3.394656637851,33.83047863062
    ));
#6868 = CARTESIAN_POINT('',(2.416324474562,3.507180282122,
    33.819008732216));
#6869 = CARTESIAN_POINT('',(2.259800700429,3.610383976155,
    33.808095697222));
#6870 = CARTESIAN_POINT('',(2.100348670599,3.704477138988,
    33.797832446015));
#6871 = CARTESIAN_POINT('',(1.938377148745,3.789656614616,
    33.788295832123));
#6872 = CARTESIAN_POINT('',(1.774240146196,3.866100180167,
    33.779549091799));
#6873 = CARTESIAN_POINT('',(1.417613679274,4.011893076982,
    33.762566103726));
#6874 = CARTESIAN_POINT('',(1.224533705571,4.078504542211,
    33.754598608727));
#6875 = CARTESIAN_POINT('',(1.029507306923,4.134012410957,
    33.747821472933));
#6876 = CARTESIAN_POINT('',(0.832975139127,4.178596561914,
    33.742295392812));
#6877 = CARTESIAN_POINT('',(0.635331708983,4.212396253784,
    33.738063889642));
#6878 = CARTESIAN_POINT('',(0.43693883486,4.235507587788,33.735155102189
    ));
#6879 = CARTESIAN_POINT('',(0.238139107259,4.247980970177,
    33.733583579386));
#6880 = CARTESIAN_POINT('',(-0.459986542441,4.254431819682,
    33.732770883986));
#6881 = CARTESIAN_POINT('',(-0.957954150393,4.19199676841,
    33.740636248083));
#6882 = CARTESIAN_POINT('',(-1.450740214694,4.063379890658,
    33.756873399869));
#6883 = CARTESIAN_POINT('',(-1.933858959418,3.866414105933,
    33.781044905568));
#6884 = CARTESIAN_POINT('',(-2.400489656279,3.597022324557,
    33.812206894931));
#6885 = CARTESIAN_POINT('',(-2.840403109729,3.249968509286,
    33.848586093167));
#6886 = CARTESIAN_POINT('',(-3.23855512029,2.819832006833,
    33.886813668224));
#6887 = CARTESIAN_POINT('',(-3.810270121546,1.933503555518,
    33.947006663176));
#6888 = CARTESIAN_POINT('',(-4.023803436538,1.506176452687,
    33.971388527324));
#6889 = CARTESIAN_POINT('',(-4.188750525829,1.031642928955,
    33.991845977032));
#6890 = CARTESIAN_POINT('',(-4.289303663635,0.524425239658,
    34.005073232125));
#6891 = CARTESIAN_POINT('',(-4.317003934435,2.800197015084E-03,
    34.008630943348));
#6892 = CARTESIAN_POINT('',(-4.270790165763,-0.513901708576,
    34.00238726753));
#6893 = CARTESIAN_POINT('',(-4.157210450286,-1.007207046703,
    33.988123747054));
#6894 = CARTESIAN_POINT('',(-3.820371208742,-1.926785827367,
    33.948551140226));
#6895 = CARTESIAN_POINT('',(-3.596471634915,-2.346303789001,
    33.92320889616));
#6896 = CARTESIAN_POINT('',(-3.331738778421,-2.718460009467,
    33.895097688788));
#6897 = CARTESIAN_POINT('',(-3.036106536132,-3.043498199371,
    33.866502550506));
#6898 = CARTESIAN_POINT('',(-2.717513311908,-3.322693903378,
    33.839170645134));
#6899 = CARTESIAN_POINT('',(-2.382292518329,-3.557818882384,
    33.814330355329));
#6900 = CARTESIAN_POINT('',(-2.03539190669,-3.750844451266,
    33.792821759466));
#6901 = CARTESIAN_POINT('',(-1.282681425891,-4.074921191247,
    33.755366548441));
#6902 = CARTESIAN_POINT('',(-0.873328218985,-4.196197496174,
    33.740343332965));
#6903 = CARTESIAN_POINT('',(-0.457278051564,-4.269544164079,
    33.730879786261));
#6904 = CARTESIAN_POINT('',(-3.802388200948E-02,-4.29627850015,
    33.727366132628));
#6905 = CARTESIAN_POINT('',(0.381407619751,-4.276883134337,
    33.729925067437));
#6906 = CARTESIAN_POINT('',(0.798030084501,-4.210996154499,
    33.738457070177));
#6907 = CARTESIAN_POINT('',(1.208469426995,-4.097393591443,
    33.752606398905));
#6908 = CARTESIAN_POINT('',(1.774240146196,-3.866100180167,
    33.779549091799));
#6909 = CARTESIAN_POINT('',(1.938377148745,-3.789656614616,
    33.788295832123));
#6910 = CARTESIAN_POINT('',(2.100348670599,-3.704477138988,
    33.797832446015));
#6911 = CARTESIAN_POINT('',(2.259800700429,-3.610383976155,
    33.808095697222));
#6912 = CARTESIAN_POINT('',(2.416324474562,-3.507180282122,
    33.819008732216));
#6913 = CARTESIAN_POINT('',(2.569446436248,-3.394656637851,
    33.83047863062));
#6914 = CARTESIAN_POINT('',(2.718618194929,-3.272597541088,
    33.842393955637));
#6915 = CARTESIAN_POINT('',(3.037395675728,-2.981993469739,
    33.86935410726));
#6916 = CARTESIAN_POINT('',(3.20537913499,-2.808639778183,
    33.884578112483));
#6917 = CARTESIAN_POINT('',(3.365636956745,-2.620546775725,
    33.900036772294));
#6918 = CARTESIAN_POINT('',(3.516558058383,-2.41764701898,
    33.915422943527));
#6919 = CARTESIAN_POINT('',(3.656427348329,-2.200006059828,
    33.930380144287));
#6920 = CARTESIAN_POINT('',(3.783411347634,-1.967845274858,
    33.944509360087));
#6921 = CARTESIAN_POINT('',(3.895542266054,-1.721567133407,
    33.957382399559));
#6922 = CARTESIAN_POINT('',(4.0525452466,-1.292945430221,33.975827451245
    ));
#6923 = CARTESIAN_POINT('',(4.107202229067,-1.118453712244,
    33.982375551309));
#6924 = CARTESIAN_POINT('',(4.153877502562,-0.939078797974,
    33.988061220573));
#6925 = CARTESIAN_POINT('',(4.191922374171,-0.755661438517,
    33.992755664095));
#6926 = CARTESIAN_POINT('',(4.220834909655,-0.569097500019,
    33.996354328788));
#6927 = CARTESIAN_POINT('',(4.240261711375,-0.380323188109,
    33.998782737541));
#6928 = CARTESIAN_POINT('',(4.25,-0.190300085104,34.));
#6929 = CARTESIAN_POINT('',(4.25,8.881784197001E-16,34.));
#6930 = PCURVE('',#5923,#6931);
#6931 = DEFINITIONAL_REPRESENTATION('',(#6932),#7012);
#6932 = B_SPLINE_CURVE_WITH_KNOTS('',8,(#6933,#6934,#6935,#6936,#6937,
    #6938,#6939,#6940,#6941,#6942,#6943,#6944,#6945,#6946,#6947,#6948,
    #6949,#6950,#6951,#6952,#6953,#6954,#6955,#6956,#6957,#6958,#6959,
    #6960,#6961,#6962,#6963,#6964,#6965,#6966,#6967,#6968,#6969,#6970,
    #6971,#6972,#6973,#6974,#6975,#6976,#6977,#6978,#6979,#6980,#6981,
    #6982,#6983,#6984,#6985,#6986,#6987,#6988,#6989,#6990,#6991,#6992,
    #6993,#6994,#6995,#6996,#6997,#6998,#6999,#7000,#7001,#7002,#7003,
    #7004,#7005,#7006,#7007,#7008,#7009,#7010,#7011),.UNSPECIFIED.,.F.,
  .F.,(9,7,7,7,7,7,7,7,7,7,7,9),(0.,4.739178071225E-02,0.120311425597,
    0.180839445671,0.250352271199,0.424861900376,0.550044730863,
    0.6780990064,0.821770692192,0.881425170939,0.953292438375,1.),
  .UNSPECIFIED.);
#6933 = CARTESIAN_POINT('',(0.,-14.));
#6934 = CARTESIAN_POINT('',(-4.477710371414E-02,-14.));
#6935 = CARTESIAN_POINT('',(-8.948856771909E-02,-13.9987827042));
#6936 = CARTESIAN_POINT('',(-0.134042718737,-13.9963542731));
#6937 = CARTESIAN_POINT('',(-0.178348539106,-13.99275561582));
#6938 = CARTESIAN_POINT('',(-0.222312598656,-13.98806120605));
#6939 = CARTESIAN_POINT('',(-0.265835982526,-13.98237557647));
#6940 = CARTESIAN_POINT('',(-0.30881121494,-13.97582749171));
#6941 = CARTESIAN_POINT('',(-0.416216579021,-13.95738239955));
#6942 = CARTESIAN_POINT('',(-0.479703630922,-13.94450936008));
#6943 = CARTESIAN_POINT('',(-0.54169369182,-13.93038014428));
#6944 = CARTESIAN_POINT('',(-0.602272439765,-13.91542294352));
#6945 = CARTESIAN_POINT('',(-0.661506526152,-13.90003677229));
#6946 = CARTESIAN_POINT('',(-0.7194484576,-13.88457811248));
#6947 = CARTESIAN_POINT('',(-0.776137707234,-13.86935410726));
#6948 = CARTESIAN_POINT('',(-0.877633730249,-13.84239395563));
#6949 = CARTESIAN_POINT('',(-0.922920948926,-13.83047863062));
#6950 = CARTESIAN_POINT('',(-0.967531779726,-13.81900873221));
#6951 = CARTESIAN_POINT('',(-1.011533912374,-13.80809569722));
#6952 = CARTESIAN_POINT('',(-1.054991751369,-13.79783244601));
#6953 = CARTESIAN_POINT('',(-1.097967509378,-13.78829583212));
#6954 = CARTESIAN_POINT('',(-1.140522300629,-13.77954909179));
#6955 = CARTESIAN_POINT('',(-1.231175602142,-13.76256610372));
#6956 = CARTESIAN_POINT('',(-1.279158914947,-13.75459860872));
#6957 = CARTESIAN_POINT('',(-1.326750636426,-13.74782147293));
#6958 = CARTESIAN_POINT('',(-1.374030307901,-13.74229539281));
#6959 = CARTESIAN_POINT('',(-1.421074875299,-13.73806388964));
#6960 = CARTESIAN_POINT('',(-1.467960016151,-13.73515510218));
#6961 = CARTESIAN_POINT('',(-1.514761466601,-13.73358357938));
#6962 = CARTESIAN_POINT('',(-1.679033337841,-13.73277088398));
#6963 = CARTESIAN_POINT('',(-1.79606208588,-13.74063624808));
#6964 = CARTESIAN_POINT('',(-1.914194139236,-13.75687339986));
#6965 = CARTESIAN_POINT('',(-2.034778141715,-13.78104490556));
#6966 = CARTESIAN_POINT('',(-2.159049983368,-13.81220689493));
#6967 = CARTESIAN_POINT('',(-2.288374179383,-13.84858609316));
#6968 = CARTESIAN_POINT('',(-2.424205890433,-13.88681366822));
#6969 = CARTESIAN_POINT('',(-2.672375512778,-13.94700666317));
#6970 = CARTESIAN_POINT('',(-2.784104968568,-13.97138852732));
#6971 = CARTESIAN_POINT('',(-2.900665819386,-13.99184597703));
#6972 = CARTESIAN_POINT('',(-3.019992781099,-14.00507323212));
#6973 = CARTESIAN_POINT('',(-3.140471404357,-14.00863094334));
#6974 = CARTESIAN_POINT('',(-3.260620633647,-14.00238726753));
#6975 = CARTESIAN_POINT('',(-3.378803045385,-13.98812374705));
#6976 = CARTESIAN_POINT('',(-3.609233460584,-13.94855114022));
#6977 = CARTESIAN_POINT('',(-3.720041808165,-13.92320889616));
#6978 = CARTESIAN_POINT('',(-3.826097558474,-13.89509768878));
#6979 = CARTESIAN_POINT('',(-3.928082618416,-13.8665025505));
#6980 = CARTESIAN_POINT('',(-4.026558573925,-13.83917064513));
#6981 = CARTESIAN_POINT('',(-4.122027883068,-13.81433035532));
#6982 = CARTESIAN_POINT('',(-4.214958163532,-13.79282175946));
#6983 = CARTESIAN_POINT('',(-4.407784356142,-13.75536654844));
#6984 = CARTESIAN_POINT('',(-4.507536044274,-13.74034333296));
#6985 = CARTESIAN_POINT('',(-4.605889855911,-13.73087978626));
#6986 = CARTESIAN_POINT('',(-4.703537052428,-13.72736613262));
#6987 = CARTESIAN_POINT('',(-4.801133977381,-13.72992506743));
#6988 = CARTESIAN_POINT('',(-4.899338423825,-13.73845707017));
#6989 = CARTESIAN_POINT('',(-4.998845908404,-13.7526063989));
#6990 = CARTESIAN_POINT('',(-5.14266300655,-13.77954909179));
#6991 = CARTESIAN_POINT('',(-5.185217797801,-13.78829583212));
#6992 = CARTESIAN_POINT('',(-5.228193555811,-13.79783244601));
#6993 = CARTESIAN_POINT('',(-5.271651394806,-13.80809569722));
#6994 = CARTESIAN_POINT('',(-5.315653527453,-13.81900873221));
#6995 = CARTESIAN_POINT('',(-5.360264358254,-13.83047863062));
#6996 = CARTESIAN_POINT('',(-5.405551576931,-13.84239395563));
#6997 = CARTESIAN_POINT('',(-5.507047599946,-13.86935410726));
#6998 = CARTESIAN_POINT('',(-5.56373684958,-13.88457811248));
#6999 = CARTESIAN_POINT('',(-5.621678781028,-13.90003677229));
#7000 = CARTESIAN_POINT('',(-5.680912867414,-13.91542294352));
#7001 = CARTESIAN_POINT('',(-5.74149161536,-13.93038014428));
#7002 = CARTESIAN_POINT('',(-5.803481676258,-13.94450936008));
#7003 = CARTESIAN_POINT('',(-5.866968728159,-13.95738239955));
#7004 = CARTESIAN_POINT('',(-5.974373856577,-13.97582745124));
#7005 = CARTESIAN_POINT('',(-6.017349124293,-13.9823755513));
#7006 = CARTESIAN_POINT('',(-6.060872730367,-13.98806122057));
#7007 = CARTESIAN_POINT('',(-6.104837100169,-13.99275566409));
#7008 = CARTESIAN_POINT('',(-6.149143208346,-13.99635432878));
#7009 = CARTESIAN_POINT('',(-6.193697500915,-13.99878273754));
#7010 = CARTESIAN_POINT('',(-6.238408816567,-14.));
#7011 = CARTESIAN_POINT('',(-6.28318530718,-14.));
#7012 = ( GEOMETRIC_REPRESENTATION_CONTEXT(2) 
PARAMETRIC_REPRESENTATION_CONTEXT() REPRESENTATION_CONTEXT('2D SPACE',''
  ) );
#7013 = PCURVE('',#6405,#7014);
#7014 = DEFINITIONAL_REPRESENTATION('',(#7015),#7095);
#7015 = B_SPLINE_CURVE_WITH_KNOTS('',8,(#7016,#7017,#7018,#7019,#7020,
    #7021,#7022,#7023,#7024,#7025,#7026,#7027,#7028,#7029,#7030,#7031,
    #7032,#7033,#7034,#7035,#7036,#7037,#7038,#7039,#7040,#7041,#7042,
    #7043,#7044,#7045,#7046,#7047,#7048,#7049,#7050,#7051,#7052,#7053,
    #7054,#7055,#7056,#7057,#7058,#7059,#7060,#7061,#7062,#7063,#7064,
    #7065,#7066,#7067,#7068,#7069,#7070,#7071,#7072,#7073,#7074,#7075,
    #7076,#7077,#7078,#7079,#7080,#7081,#7082,#7083,#7084,#7085,#7086,
    #7087,#7088,#7089,#7090,#7091,#7092,#7093,#7094),.UNSPECIFIED.,.T.,
  .F.,(9,7,7,7,7,7,7,7,7,7,7,9),(0.,4.739178071225E-02,0.120311425597,
    0.180839445671,0.250352271199,0.424861900376,0.550044730863,
    0.6780990064,0.821770692192,0.881425170939,0.953292438375,1.),
  .UNSPECIFIED.);
#7016 = CARTESIAN_POINT('',(-1.570796326795,-28.25));
#7017 = CARTESIAN_POINT('',(-1.565199188831,-28.25));
#7018 = CARTESIAN_POINT('',(-1.559610255301,-28.24026144512));
#7019 = CARTESIAN_POINT('',(-1.554057821375,-28.22083446329));
#7020 = CARTESIAN_POINT('',(-1.548569884628,-28.19192198131));
#7021 = CARTESIAN_POINT('',(-1.543173732952,-28.15387737622));
#7022 = CARTESIAN_POINT('',(-1.537895528451,-28.10720243047));
#7023 = CARTESIAN_POINT('',(-1.532759887314,-28.05254559108));
#7024 = CARTESIAN_POINT('',(-1.520141671502,-27.89554226605));
#7025 = CARTESIAN_POINT('',(-1.512888617118,-27.78341134763));
#7026 = CARTESIAN_POINT('',(-1.506048121909,-27.65642734832));
#7027 = CARTESIAN_POINT('',(-1.499632174892,-27.51655805838));
#7028 = CARTESIAN_POINT('',(-1.493647656933,-27.36563695674));
#7029 = CARTESIAN_POINT('',(-1.488097004578,-27.20537913499));
#7030 = CARTESIAN_POINT('',(-1.482978805489,-27.03739567572));
#7031 = CARTESIAN_POINT('',(-1.474394923833,-26.71861819492));
#7032 = CARTESIAN_POINT('',(-1.470787926071,-26.56944643624));
#7033 = CARTESIAN_POINT('',(-1.467461306399,-26.41632447456));
#7034 = CARTESIAN_POINT('',(-1.46440901904,-26.25980070042));
#7035 = CARTESIAN_POINT('',(-1.46162518228,-26.10034867059));
#7036 = CARTESIAN_POINT('',(-1.459104262488,-25.93837714874));
#7037 = CARTESIAN_POINT('',(-1.456841258142,-25.77424014619));
#7038 = CARTESIAN_POINT('',(-1.452524237166,-25.41761367927));
#7039 = CARTESIAN_POINT('',(-1.450551119645,-25.22453370557));
#7040 = CARTESIAN_POINT('',(-1.448906419886,-25.02950730692));
#7041 = CARTESIAN_POINT('',(-1.447585090294,-24.83297513912));
#7042 = CARTESIAN_POINT('',(-1.446583220632,-24.63533170898));
#7043 = CARTESIAN_POINT('',(-1.445898111573,-24.43693883486));
#7044 = CARTESIAN_POINT('',(-1.445528348258,-24.23813910725));
#7045 = CARTESIAN_POINT('',(-1.445337117648,-23.54001345755));
#7046 = CARTESIAN_POINT('',(-1.447187954142,-23.0420458496));
#7047 = CARTESIAN_POINT('',(-1.451000843551,-22.5492597853));
#7048 = CARTESIAN_POINT('',(-1.456837343103,-22.06614104058));
#7049 = CARTESIAN_POINT('',(-1.464813106264,-21.59951034372));
#7050 = CARTESIAN_POINT('',(-1.475074995508,-21.15959689027));
#7051 = CARTESIAN_POINT('',(-1.487773174259,-20.76144487971));
#7052 = CARTESIAN_POINT('',(-1.513901704719,-20.18972987845));
#7053 = CARTESIAN_POINT('',(-1.526489847821,-19.97619656346));
#7054 = CARTESIAN_POINT('',(-1.540457428404,-19.81124947417));
#7055 = CARTESIAN_POINT('',(-1.555376060022,-19.71069633636));
#7056 = CARTESIAN_POINT('',(-1.570712697485,-19.68299606556));
#7057 = CARTESIAN_POINT('',(-1.585907351903,-19.72920983423));
#7058 = CARTESIAN_POINT('',(-1.600420945818,-19.84278954971));
#7059 = CARTESIAN_POINT('',(-1.627492412255,-20.17962879125));
#7060 = CARTESIAN_POINT('',(-1.639851807588,-20.40352836508));
#7061 = CARTESIAN_POINT('',(-1.650826936049,-20.66826122157));
#7062 = CARTESIAN_POINT('',(-1.660422692326,-20.96389346386));
#7063 = CARTESIAN_POINT('',(-1.668673089539,-21.28248668809));
#7064 = CARTESIAN_POINT('',(-1.675626802464,-21.61770748167));
#7065 = CARTESIAN_POINT('',(-1.681339118735,-21.96460809331));
#7066 = CARTESIAN_POINT('',(-1.690934236539,-22.7173185741));
#7067 = CARTESIAN_POINT('',(-1.694528331993,-23.12667178101));
#7068 = CARTESIAN_POINT('',(-1.696703469162,-23.54272194843));
#7069 = CARTESIAN_POINT('',(-1.697496562214,-23.96197611799));
#7070 = CARTESIAN_POINT('',(-1.696921142969,-24.38140761975));
#7071 = CARTESIAN_POINT('',(-1.694967105124,-24.7980300845));
#7072 = CARTESIAN_POINT('',(-1.691600141374,-25.20846942699));
#7073 = CARTESIAN_POINT('',(-1.684751395448,-25.77424014619));
#7074 = CARTESIAN_POINT('',(-1.682488391102,-25.93837714874));
#7075 = CARTESIAN_POINT('',(-1.67996747131,-26.10034867059));
#7076 = CARTESIAN_POINT('',(-1.67718363455,-26.25980070042));
#7077 = CARTESIAN_POINT('',(-1.674131347191,-26.41632447456));
#7078 = CARTESIAN_POINT('',(-1.670804727519,-26.56944643624));
#7079 = CARTESIAN_POINT('',(-1.667197729757,-26.71861819492));
#7080 = CARTESIAN_POINT('',(-1.658613848101,-27.03739567572));
#7081 = CARTESIAN_POINT('',(-1.653495649012,-27.20537913499));
#7082 = CARTESIAN_POINT('',(-1.647944996657,-27.36563695674));
#7083 = CARTESIAN_POINT('',(-1.641960478698,-27.51655805838));
#7084 = CARTESIAN_POINT('',(-1.635544531681,-27.65642734832));
#7085 = CARTESIAN_POINT('',(-1.628704036471,-27.78341134763));
#7086 = CARTESIAN_POINT('',(-1.621450982088,-27.89554226605));
#7087 = CARTESIAN_POINT('',(-1.608832793961,-28.0525452466));
#7088 = CARTESIAN_POINT('',(-1.603697149647,-28.10720222906));
#7089 = CARTESIAN_POINT('',(-1.598418918823,-28.15387750256));
#7090 = CARTESIAN_POINT('',(-1.593022728748,-28.19192237417));
#7091 = CARTESIAN_POINT('',(-1.587534755418,-28.22083490965));
#7092 = CARTESIAN_POINT('',(-1.581982303106,-28.24026171137));
#7093 = CARTESIAN_POINT('',(-1.576393388121,-28.25));
#7094 = CARTESIAN_POINT('',(-1.570796326795,-28.25));
#7095 = ( GEOMETRIC_REPRESENTATION_CONTEXT(2) 
PARAMETRIC_REPRESENTATION_CONTEXT() REPRESENTATION_CONTEXT('2D SPACE',''
  ) );
#7096 = ORIENTED_EDGE('',*,*,#7097,.T.);
#7097 = EDGE_CURVE('',#6847,#5903,#7098,.T.);
#7098 = SEAM_CURVE('',#7099,(#7103,#7110),.PCURVE_S1.);
#7099 = LINE('',#7100,#7101);
#7100 = CARTESIAN_POINT('',(4.25,0.,20.));
#7101 = VECTOR('',#7102,1.);
#7102 = DIRECTION('',(0.,0.,1.));
#7103 = PCURVE('',#5923,#7104);
#7104 = DEFINITIONAL_REPRESENTATION('',(#7105),#7109);
#7105 = LINE('',#7106,#7107);
#7106 = CARTESIAN_POINT('',(-6.28318530718,0.));
#7107 = VECTOR('',#7108,1.);
#7108 = DIRECTION('',(-0.,-1.));
#7109 = ( GEOMETRIC_REPRESENTATION_CONTEXT(2) 
PARAMETRIC_REPRESENTATION_CONTEXT() REPRESENTATION_CONTEXT('2D SPACE',''
  ) );
#7110 = PCURVE('',#5923,#7111);
#7111 = DEFINITIONAL_REPRESENTATION('',(#7112),#7116);
#7112 = LINE('',#7113,#7114);
#7113 = CARTESIAN_POINT('',(-0.,0.));
#7114 = VECTOR('',#7115,1.);
#7115 = DIRECTION('',(-0.,-1.));
#7116 = ( GEOMETRIC_REPRESENTATION_CONTEXT(2) 
PARAMETRIC_REPRESENTATION_CONTEXT() REPRESENTATION_CONTEXT('2D SPACE',''
  ) );
#7117 = ORIENTED_EDGE('',*,*,#5902,.F.);
#7118 = ORIENTED_EDGE('',*,*,#7097,.F.);
#7119 = ADVANCED_FACE('',(#7120),#6032,.T.);
#7120 = FACE_BOUND('',#7121,.T.);
#7121 = EDGE_LOOP('',(#7122));
#7122 = ORIENTED_EDGE('',*,*,#6017,.T.);
#7123 = ADVANCED_FACE('',(#7124),#6087,.T.);
#7124 = FACE_BOUND('',#7125,.T.);
#7125 = EDGE_LOOP('',(#7126));
#7126 = ORIENTED_EDGE('',*,*,#6072,.T.);
#7127 = ADVANCED_FACE('',(#7128,#7154),#6119,.F.);
#7128 = FACE_BOUND('',#7129,.F.);
#7129 = EDGE_LOOP('',(#7130));
#7130 = ORIENTED_EDGE('',*,*,#7131,.T.);
#7131 = EDGE_CURVE('',#7132,#7132,#7134,.T.);
#7132 = VERTEX_POINT('',#7133);
#7133 = CARTESIAN_POINT('',(24.,34.,0.));
#7134 = SURFACE_CURVE('',#7135,(#7140,#7147),.PCURVE_S1.);
#7135 = CIRCLE('',#7136,34.);
#7136 = AXIS2_PLACEMENT_3D('',#7137,#7138,#7139);
#7137 = CARTESIAN_POINT('',(24.,0.,0.));
#7138 = DIRECTION('',(1.,0.,0.));
#7139 = DIRECTION('',(0.,1.,0.));
#7140 = PCURVE('',#6119,#7141);
#7141 = DEFINITIONAL_REPRESENTATION('',(#7142),#7146);
#7142 = CIRCLE('',#7143,34.);
#7143 = AXIS2_PLACEMENT_2D('',#7144,#7145);
#7144 = CARTESIAN_POINT('',(1.387933039034E-15,-3.21750619421E-15));
#7145 = DIRECTION('',(0.,-1.));
#7146 = ( GEOMETRIC_REPRESENTATION_CONTEXT(2) 
PARAMETRIC_REPRESENTATION_CONTEXT() REPRESENTATION_CONTEXT('2D SPACE',''
  ) );
#7147 = PCURVE('',#6405,#7148);
#7148 = DEFINITIONAL_REPRESENTATION('',(#7149),#7153);
#7149 = LINE('',#7150,#7151);
#7150 = CARTESIAN_POINT('',(-0.,-48.));
#7151 = VECTOR('',#7152,1.);
#7152 = DIRECTION('',(-1.,0.));
#7153 = ( GEOMETRIC_REPRESENTATION_CONTEXT(2) 
PARAMETRIC_REPRESENTATION_CONTEXT() REPRESENTATION_CONTEXT('2D SPACE',''
  ) );
#7154 = FACE_BOUND('',#7155,.F.);
#7155 = EDGE_LOOP('',(#7156));
#7156 = ORIENTED_EDGE('',*,*,#6102,.T.);
#7157 = ADVANCED_FACE('',(#7158),#6201,.T.);
#7158 = FACE_BOUND('',#7159,.T.);
#7159 = EDGE_LOOP('',(#7160));
#7160 = ORIENTED_EDGE('',*,*,#6186,.T.);
#7161 = ADVANCED_FACE('',(#7162),#6310,.T.);
#7162 = FACE_BOUND('',#7163,.T.);
#7163 = EDGE_LOOP('',(#7164));
#7164 = ORIENTED_EDGE('',*,*,#6295,.T.);
#7165 = ADVANCED_FACE('',(#7166),#6365,.T.);
#7166 = FACE_BOUND('',#7167,.T.);
#7167 = EDGE_LOOP('',(#7168));
#7168 = ORIENTED_EDGE('',*,*,#6350,.T.);
#7169 = ADVANCED_FACE('',(#7170,#7196),#6405,.F.);
#7170 = FACE_BOUND('',#7171,.T.);
#7171 = EDGE_LOOP('',(#7172,#7173,#7194,#7195));
#7172 = ORIENTED_EDGE('',*,*,#6388,.F.);
#7173 = ORIENTED_EDGE('',*,*,#7174,.T.);
#7174 = EDGE_CURVE('',#6389,#7132,#7175,.T.);
#7175 = SEAM_CURVE('',#7176,(#7180,#7187),.PCURVE_S1.);
#7176 = LINE('',#7177,#7178);
#7177 = CARTESIAN_POINT('',(-24.,34.,0.));
#7178 = VECTOR('',#7179,1.);
#7179 = DIRECTION('',(1.,0.,0.));
#7180 = PCURVE('',#6405,#7181);
#7181 = DEFINITIONAL_REPRESENTATION('',(#7182),#7186);
#7182 = LINE('',#7183,#7184);
#7183 = CARTESIAN_POINT('',(-6.28318530718,0.));
#7184 = VECTOR('',#7185,1.);
#7185 = DIRECTION('',(-0.,-1.));
#7186 = ( GEOMETRIC_REPRESENTATION_CONTEXT(2) 
PARAMETRIC_REPRESENTATION_CONTEXT() REPRESENTATION_CONTEXT('2D SPACE',''
  ) );
#7187 = PCURVE('',#6405,#7188);
#7188 = DEFINITIONAL_REPRESENTATION('',(#7189),#7193);
#7189 = LINE('',#7190,#7191);
#7190 = CARTESIAN_POINT('',(-0.,0.));
#7191 = VECTOR('',#7192,1.);
#7192 = DIRECTION('',(-0.,-1.));
#7193 = ( GEOMETRIC_REPRESENTATION_CONTEXT(2) 
PARAMETRIC_REPRESENTATION_CONTEXT() REPRESENTATION_CONTEXT('2D SPACE',''
  ) );
#7194 = ORIENTED_EDGE('',*,*,#7131,.T.);
#7195 = ORIENTED_EDGE('',*,*,#7174,.F.);
#7196 = FACE_BOUND('',#7197,.T.);
#7197 = EDGE_LOOP('',(#7198));
#7198 = ORIENTED_EDGE('',*,*,#6846,.T.);
#7199 = ADVANCED_FACE('',(#7200),#6467,.F.);
#7200 = FACE_BOUND('',#7201,.F.);
#7201 = EDGE_LOOP('',(#7202,#7203,#7204,#7205,#7206,#7207,#7208,#7209));
#7202 = ORIENTED_EDGE('',*,*,#6610,.T.);
#7203 = ORIENTED_EDGE('',*,*,#6561,.T.);
#7204 = ORIENTED_EDGE('',*,*,#6637,.T.);
#7205 = ORIENTED_EDGE('',*,*,#6744,.T.);
#7206 = ORIENTED_EDGE('',*,*,#6771,.T.);
#7207 = ORIENTED_EDGE('',*,*,#6821,.T.);
#7208 = ORIENTED_EDGE('',*,*,#6451,.T.);
#7209 = ORIENTED_EDGE('',*,*,#6690,.F.);
#7210 = ( GEOMETRIC_REPRESENTATION_CONTEXT(3) 
GLOBAL_UNCERTAINTY_ASSIGNED_CONTEXT((#7214)) 
GLOBAL_UNIT_ASSIGNED_CONTEXT((#7211,#7212,#7213)) REPRESENTATION_CONTEXT
('Context #1','3D Context with UNIT and UNCERTAINTY') );
#7211 = ( LENGTH_UNIT() NAMED_UNIT(*) SI_UNIT(.MILLI.,.METRE.) );
#7212 = ( NAMED_UNIT(*) PLANE_ANGLE_UNIT() SI_UNIT($,.RADIAN.) );
#7213 = ( NAMED_UNIT(*) SI_UNIT($,.STERADIAN.) SOLID_ANGLE_UNIT() );
#7214 = UNCERTAINTY_MEASURE_WITH_UNIT(LENGTH_MEASURE(5.E-07),#7211,
  'distance_accuracy_value','confusion accuracy');
#7215 = PRODUCT_RELATED_PRODUCT_CATEGORY('part',$,(#7));
ENDSEC;
END-ISO-10303-21;
