ISO-10303-21;
HEADER;
FILE_DESCRIPTION(('Open CASCADE Model'),'2;1');
FILE_NAME('Open CASCADE Shape Model','2026-09-29T03:19:55',('Author'),(
    'Open CASCADE'),'Open CASCADE STEP processor 7.9','Open CASCADE 7.9'
  ,'Unknown');
FILE_SCHEMA(('AUTOMOTIVE_DESIGN { 1 0 10303 214 1 1 1 1 }'));
ENDSEC;
DATA;
#1 = APPLICATION_PROTOCOL_DEFINITION('international standard',
  'automotive_design',2000,#2);
#2 = APPLICATION_CONTEXT(
  'core data for automotive mechanical design processes');
#3 = SHAPE_DEFINITION_REPRESENTATION(#4,#10);
#4 = PRODUCT_DEFINITION_SHAPE('','',#5);
#5 = PRODUCT_DEFINITION('design','',#6,#9);
#6 = PRODUCT_DEFINITION_FORMATION('','',#7);
#7 = PRODUCT('Open CASCADE STEP translator 7.9 11',
  'Open CASCADE STEP translator 7.9 11','',(#8));
#8 = PRODUCT_CONTEXT('',#2,'mechanical');
#9 = PRODUCT_DEFINITION_CONTEXT('part definition',#2,'design');
#10 = SHAPE_REPRESENTATION('',(#11,#15,#19,#23),#27);
#11 = AXIS2_PLACEMENT_3D('',#12,#13,#14);
#12 = CARTESIAN_POINT('',(0.,0.,0.));
#13 = DIRECTION('',(0.,0.,1.));
#14 = DIRECTION('',(1.,0.,-0.));
#15 = AXIS2_PLACEMENT_3D('',#16,#17,#18);
#16 = CARTESIAN_POINT('',(0.,0.,0.));
#17 = DIRECTION('',(0.,0.,1.));
#18 = DIRECTION('',(1.,0.,-0.));
#19 = AXIS2_PLACEMENT_3D('',#20,#21,#22);
#20 = CARTESIAN_POINT('',(0.,0.,0.));
#21 = DIRECTION('',(0.,0.,1.));
#22 = DIRECTION('',(1.,0.,-0.));
#23 = AXIS2_PLACEMENT_3D('',#24,#25,#26);
#24 = CARTESIAN_POINT('',(0.,0.,0.));
#25 = DIRECTION('',(0.,0.,1.));
#26 = DIRECTION('',(1.,0.,-0.));
#27 = ( GEOMETRIC_REPRESENTATION_CONTEXT(3) 
GLOBAL_UNCERTAINTY_ASSIGNED_CONTEXT((#31)) GLOBAL_UNIT_ASSIGNED_CONTEXT(
(#28,#29,#30)) REPRESENTATION_CONTEXT('Context #1',
  '3D Context with UNIT and UNCERTAINTY') );
#28 = ( LENGTH_UNIT() NAMED_UNIT(*) SI_UNIT(.MILLI.,.METRE.) );
#29 = ( NAMED_UNIT(*) PLANE_ANGLE_UNIT() SI_UNIT($,.RADIAN.) );
#30 = ( NAMED_UNIT(*) SI_UNIT($,.STERADIAN.) SOLID_ANGLE_UNIT() );
#31 = UNCERTAINTY_MEASURE_WITH_UNIT(LENGTH_MEASURE(1.E-07),#28,
  'distance_accuracy_value','confusion accuracy');
#32 = PRODUCT_RELATED_PRODUCT_CATEGORY('part',$,(#7));
#33 = SHAPE_DEFINITION_REPRESENTATION(#34,#40);
#34 = PRODUCT_DEFINITION_SHAPE('','',#35);
#35 = PRODUCT_DEFINITION('design','',#36,#39);
#36 = PRODUCT_DEFINITION_FORMATION('','',#37);
#37 = PRODUCT('Open CASCADE STEP translator 7.9 11.1',
  'Open CASCADE STEP translator 7.9 11.1','',(#38));
#38 = PRODUCT_CONTEXT('',#2,'mechanical');
#39 = PRODUCT_DEFINITION_CONTEXT('part definition',#2,'design');
#40 = ADVANCED_BREP_SHAPE_REPRESENTATION('',(#11,#41),#952);
#41 = MANIFOLD_SOLID_BREP('',#42);
#42 = CLOSED_SHELL('',(#43,#131,#185,#239,#274,#309,#590,#871,#923));
#43 = ADVANCED_FACE('',(#44),#58,.T.);
#44 = FACE_BOUND('',#45,.F.);
#45 = EDGE_LOOP('',(#46,#76,#103,#104));
#46 = ORIENTED_EDGE('',*,*,#47,.T.);
#47 = EDGE_CURVE('',#48,#50,#52,.T.);
#48 = VERTEX_POINT('',#49);
#49 = CARTESIAN_POINT('',(0.8,31.,0.));
#50 = VERTEX_POINT('',#51);
#51 = CARTESIAN_POINT('',(15.2,31.,0.));
#52 = SEAM_CURVE('',#53,(#57,#69),.PCURVE_S1.);
#53 = LINE('',#54,#55);
#54 = CARTESIAN_POINT('',(0.,31.,0.));
#55 = VECTOR('',#56,1.);
#56 = DIRECTION('',(1.,0.,0.));
#57 = PCURVE('',#58,#63);
#58 = CYLINDRICAL_SURFACE('',#59,31.);
#59 = AXIS2_PLACEMENT_3D('',#60,#61,#62);
#60 = CARTESIAN_POINT('',(0.,0.,0.));
#61 = DIRECTION('',(-1.,-0.,-0.));
#62 = DIRECTION('',(0.,1.,0.));
#63 = DEFINITIONAL_REPRESENTATION('',(#64),#68);
#64 = LINE('',#65,#66);
#65 = CARTESIAN_POINT('',(-0.,0.));
#66 = VECTOR('',#67,1.);
#67 = DIRECTION('',(-0.,-1.));
#68 = ( GEOMETRIC_REPRESENTATION_CONTEXT(2) 
PARAMETRIC_REPRESENTATION_CONTEXT() REPRESENTATION_CONTEXT('2D SPACE',''
  ) );
#69 = PCURVE('',#58,#70);
#70 = DEFINITIONAL_REPRESENTATION('',(#71),#75);
#71 = LINE('',#72,#73);
#72 = CARTESIAN_POINT('',(-6.28318530718,0.));
#73 = VECTOR('',#74,1.);
#74 = DIRECTION('',(-0.,-1.));
#75 = ( GEOMETRIC_REPRESENTATION_CONTEXT(2) 
PARAMETRIC_REPRESENTATION_CONTEXT() REPRESENTATION_CONTEXT('2D SPACE',''
  ) );
#76 = ORIENTED_EDGE('',*,*,#77,.T.);
#77 = EDGE_CURVE('',#50,#50,#78,.T.);
#78 = SURFACE_CURVE('',#79,(#84,#91),.PCURVE_S1.);
#79 = CIRCLE('',#80,31.);
#80 = AXIS2_PLACEMENT_3D('',#81,#82,#83);
#81 = CARTESIAN_POINT('',(15.2,0.,0.));
#82 = DIRECTION('',(1.,0.,0.));
#83 = DIRECTION('',(-0.,1.,0.));
#84 = PCURVE('',#58,#85);
#85 = DEFINITIONAL_REPRESENTATION('',(#86),#90);
#86 = LINE('',#87,#88);
#87 = CARTESIAN_POINT('',(-0.,-15.2));
#88 = VECTOR('',#89,1.);
#89 = DIRECTION('',(-1.,0.));
#90 = ( GEOMETRIC_REPRESENTATION_CONTEXT(2) 
PARAMETRIC_REPRESENTATION_CONTEXT() REPRESENTATION_CONTEXT('2D SPACE',''
  ) );
#91 = PCURVE('',#92,#97);
#92 = TOROIDAL_SURFACE('',#93,30.2,0.8);
#93 = AXIS2_PLACEMENT_3D('',#94,#95,#96);
#94 = CARTESIAN_POINT('',(15.2,0.,0.));
#95 = DIRECTION('',(1.,0.,0.));
#96 = DIRECTION('',(-0.,1.,0.));
#97 = DEFINITIONAL_REPRESENTATION('',(#98),#102);
#98 = LINE('',#99,#100);
#99 = CARTESIAN_POINT('',(0.,0.));
#100 = VECTOR('',#101,1.);
#101 = DIRECTION('',(1.,0.));
#102 = ( GEOMETRIC_REPRESENTATION_CONTEXT(2) 
PARAMETRIC_REPRESENTATION_CONTEXT() REPRESENTATION_CONTEXT('2D SPACE',''
  ) );
#103 = ORIENTED_EDGE('',*,*,#47,.F.);
#104 = ORIENTED_EDGE('',*,*,#105,.F.);
#105 = EDGE_CURVE('',#48,#48,#106,.T.);
#106 = SURFACE_CURVE('',#107,(#112,#119),.PCURVE_S1.);
#107 = CIRCLE('',#108,31.);
#108 = AXIS2_PLACEMENT_3D('',#109,#110,#111);
#109 = CARTESIAN_POINT('',(0.8,0.,0.));
#110 = DIRECTION('',(1.,0.,0.));
#111 = DIRECTION('',(-0.,1.,0.));
#112 = PCURVE('',#58,#113);
#113 = DEFINITIONAL_REPRESENTATION('',(#114),#118);
#114 = LINE('',#115,#116);
#115 = CARTESIAN_POINT('',(-0.,-0.8));
#116 = VECTOR('',#117,1.);
#117 = DIRECTION('',(-1.,0.));
#118 = ( GEOMETRIC_REPRESENTATION_CONTEXT(2) 
PARAMETRIC_REPRESENTATION_CONTEXT() REPRESENTATION_CONTEXT('2D SPACE',''
  ) );
#119 = PCURVE('',#120,#125);
#120 = TOROIDAL_SURFACE('',#121,30.2,0.8);
#121 = AXIS2_PLACEMENT_3D('',#122,#123,#124);
#122 = CARTESIAN_POINT('',(0.8,0.,0.));
#123 = DIRECTION('',(-1.,-0.,-0.));
#124 = DIRECTION('',(-0.,1.,0.));
#125 = DEFINITIONAL_REPRESENTATION('',(#126),#130);
#126 = LINE('',#127,#128);
#127 = CARTESIAN_POINT('',(-0.,0.));
#128 = VECTOR('',#129,1.);
#129 = DIRECTION('',(-1.,0.));
#130 = ( GEOMETRIC_REPRESENTATION_CONTEXT(2) 
PARAMETRIC_REPRESENTATION_CONTEXT() REPRESENTATION_CONTEXT('2D SPACE',''
  ) );
#131 = ADVANCED_FACE('',(#132),#120,.T.);
#132 = FACE_BOUND('',#133,.F.);
#133 = EDGE_LOOP('',(#134,#156,#157,#158));
#134 = ORIENTED_EDGE('',*,*,#135,.F.);
#135 = EDGE_CURVE('',#48,#136,#138,.T.);
#136 = VERTEX_POINT('',#137);
#137 = CARTESIAN_POINT('',(0.,30.2,0.));
#138 = SEAM_CURVE('',#139,(#144,#150),.PCURVE_S1.);
#139 = CIRCLE('',#140,0.8);
#140 = AXIS2_PLACEMENT_3D('',#141,#142,#143);
#141 = CARTESIAN_POINT('',(0.8,30.2,0.));
#142 = DIRECTION('',(0.,0.,1.));
#143 = DIRECTION('',(-0.,1.,0.));
#144 = PCURVE('',#120,#145);
#145 = DEFINITIONAL_REPRESENTATION('',(#146),#149);
#146 = B_SPLINE_CURVE_WITH_KNOTS('',1,(#147,#148),.UNSPECIFIED.,.F.,.F.,
  (2,2),(0.,1.570796326795),.PIECEWISE_BEZIER_KNOTS.);
#147 = CARTESIAN_POINT('',(0.,0.));
#148 = CARTESIAN_POINT('',(0.,1.570796326795));
#149 = ( GEOMETRIC_REPRESENTATION_CONTEXT(2) 
PARAMETRIC_REPRESENTATION_CONTEXT() REPRESENTATION_CONTEXT('2D SPACE',''
  ) );
#150 = PCURVE('',#120,#151);
#151 = DEFINITIONAL_REPRESENTATION('',(#152),#155);
#152 = B_SPLINE_CURVE_WITH_KNOTS('',1,(#153,#154),.UNSPECIFIED.,.F.,.F.,
  (2,2),(0.,1.570796326795),.PIECEWISE_BEZIER_KNOTS.);
#153 = CARTESIAN_POINT('',(-6.28318530718,0.));
#154 = CARTESIAN_POINT('',(-6.28318530718,1.570796326795));
#155 = ( GEOMETRIC_REPRESENTATION_CONTEXT(2) 
PARAMETRIC_REPRESENTATION_CONTEXT() REPRESENTATION_CONTEXT('2D SPACE',''
  ) );
#156 = ORIENTED_EDGE('',*,*,#105,.F.);
#157 = ORIENTED_EDGE('',*,*,#135,.T.);
#158 = ORIENTED_EDGE('',*,*,#159,.T.);
#159 = EDGE_CURVE('',#136,#136,#160,.T.);
#160 = SURFACE_CURVE('',#161,(#166,#173),.PCURVE_S1.);
#161 = CIRCLE('',#162,30.2);
#162 = AXIS2_PLACEMENT_3D('',#163,#164,#165);
#163 = CARTESIAN_POINT('',(0.,0.,0.));
#164 = DIRECTION('',(1.,0.,0.));
#165 = DIRECTION('',(-0.,1.,0.));
#166 = PCURVE('',#120,#167);
#167 = DEFINITIONAL_REPRESENTATION('',(#168),#172);
#168 = LINE('',#169,#170);
#169 = CARTESIAN_POINT('',(-0.,1.570796326795));
#170 = VECTOR('',#171,1.);
#171 = DIRECTION('',(-1.,0.));
#172 = ( GEOMETRIC_REPRESENTATION_CONTEXT(2) 
PARAMETRIC_REPRESENTATION_CONTEXT() REPRESENTATION_CONTEXT('2D SPACE',''
  ) );
#173 = PCURVE('',#174,#179);
#174 = PLANE('',#175);
#175 = AXIS2_PLACEMENT_3D('',#176,#177,#178);
#176 = CARTESIAN_POINT('',(0.,-2.117326656835E-15,1.460827454379E-16));
#177 = DIRECTION('',(1.,0.,0.));
#178 = DIRECTION('',(-0.,0.,1.));
#179 = DEFINITIONAL_REPRESENTATION('',(#180),#184);
#180 = CIRCLE('',#181,30.2);
#181 = AXIS2_PLACEMENT_2D('',#182,#183);
#182 = CARTESIAN_POINT('',(-1.460827454379E-16,-2.117326656835E-15));
#183 = DIRECTION('',(0.,-1.));
#184 = ( GEOMETRIC_REPRESENTATION_CONTEXT(2) 
PARAMETRIC_REPRESENTATION_CONTEXT() REPRESENTATION_CONTEXT('2D SPACE',''
  ) );
#185 = ADVANCED_FACE('',(#186),#92,.T.);
#186 = FACE_BOUND('',#187,.T.);
#187 = EDGE_LOOP('',(#188,#210,#211,#212));
#188 = ORIENTED_EDGE('',*,*,#189,.F.);
#189 = EDGE_CURVE('',#50,#190,#192,.T.);
#190 = VERTEX_POINT('',#191);
#191 = CARTESIAN_POINT('',(16.,30.2,0.));
#192 = SEAM_CURVE('',#193,(#198,#204),.PCURVE_S1.);
#193 = CIRCLE('',#194,0.8);
#194 = AXIS2_PLACEMENT_3D('',#195,#196,#197);
#195 = CARTESIAN_POINT('',(15.2,30.2,0.));
#196 = DIRECTION('',(0.,0.,-1.));
#197 = DIRECTION('',(0.,1.,0.));
#198 = PCURVE('',#92,#199);
#199 = DEFINITIONAL_REPRESENTATION('',(#200),#203);
#200 = B_SPLINE_CURVE_WITH_KNOTS('',1,(#201,#202),.UNSPECIFIED.,.F.,.F.,
  (2,2),(0.,1.570796326795),.PIECEWISE_BEZIER_KNOTS.);
#201 = CARTESIAN_POINT('',(0.,0.));
#202 = CARTESIAN_POINT('',(0.,1.570796326795));
#203 = ( GEOMETRIC_REPRESENTATION_CONTEXT(2) 
PARAMETRIC_REPRESENTATION_CONTEXT() REPRESENTATION_CONTEXT('2D SPACE',''
  ) );
#204 = PCURVE('',#92,#205);
#205 = DEFINITIONAL_REPRESENTATION('',(#206),#209);
#206 = B_SPLINE_CURVE_WITH_KNOTS('',1,(#207,#208),.UNSPECIFIED.,.F.,.F.,
  (2,2),(0.,1.570796326795),.PIECEWISE_BEZIER_KNOTS.);
#207 = CARTESIAN_POINT('',(6.28318530718,0.));
#208 = CARTESIAN_POINT('',(6.28318530718,1.570796326795));
#209 = ( GEOMETRIC_REPRESENTATION_CONTEXT(2) 
PARAMETRIC_REPRESENTATION_CONTEXT() REPRESENTATION_CONTEXT('2D SPACE',''
  ) );
#210 = ORIENTED_EDGE('',*,*,#77,.T.);
#211 = ORIENTED_EDGE('',*,*,#189,.T.);
#212 = ORIENTED_EDGE('',*,*,#213,.F.);
#213 = EDGE_CURVE('',#190,#190,#214,.T.);
#214 = SURFACE_CURVE('',#215,(#220,#227),.PCURVE_S1.);
#215 = CIRCLE('',#216,30.2);
#216 = AXIS2_PLACEMENT_3D('',#217,#218,#219);
#217 = CARTESIAN_POINT('',(16.,0.,0.));
#218 = DIRECTION('',(1.,0.,0.));
#219 = DIRECTION('',(-0.,1.,0.));
#220 = PCURVE('',#92,#221);
#221 = DEFINITIONAL_REPRESENTATION('',(#222),#226);
#222 = LINE('',#223,#224);
#223 = CARTESIAN_POINT('',(0.,1.570796326795));
#224 = VECTOR('',#225,1.);
#225 = DIRECTION('',(1.,0.));
#226 = ( GEOMETRIC_REPRESENTATION_CONTEXT(2) 
PARAMETRIC_REPRESENTATION_CONTEXT() REPRESENTATION_CONTEXT('2D SPACE',''
  ) );
#227 = PCURVE('',#228,#233);
#228 = PLANE('',#229);
#229 = AXIS2_PLACEMENT_3D('',#230,#231,#232);
#230 = CARTESIAN_POINT('',(16.,-2.117326656835E-15,1.460827454379E-16));
#231 = DIRECTION('',(1.,0.,0.));
#232 = DIRECTION('',(-0.,0.,1.));
#233 = DEFINITIONAL_REPRESENTATION('',(#234),#238);
#234 = CIRCLE('',#235,30.2);
#235 = AXIS2_PLACEMENT_2D('',#236,#237);
#236 = CARTESIAN_POINT('',(-1.460827454379E-16,-2.117326656835E-15));
#237 = DIRECTION('',(0.,-1.));
#238 = ( GEOMETRIC_REPRESENTATION_CONTEXT(2) 
PARAMETRIC_REPRESENTATION_CONTEXT() REPRESENTATION_CONTEXT('2D SPACE',''
  ) );
#239 = ADVANCED_FACE('',(#240,#243),#174,.F.);
#240 = FACE_BOUND('',#241,.F.);
#241 = EDGE_LOOP('',(#242));
#242 = ORIENTED_EDGE('',*,*,#159,.T.);
#243 = FACE_BOUND('',#244,.F.);
#244 = EDGE_LOOP('',(#245));
#245 = ORIENTED_EDGE('',*,*,#246,.F.);
#246 = EDGE_CURVE('',#247,#247,#249,.T.);
#247 = VERTEX_POINT('',#248);
#248 = CARTESIAN_POINT('',(0.,26.5,2.292073341162E-15));
#249 = SURFACE_CURVE('',#250,(#255,#262),.PCURVE_S1.);
#250 = CIRCLE('',#251,26.5);
#251 = AXIS2_PLACEMENT_3D('',#252,#253,#254);
#252 = CARTESIAN_POINT('',(0.,1.471511085026E-13,2.292073341162E-15));
#253 = DIRECTION('',(1.,0.,0.));
#254 = DIRECTION('',(0.,1.,0.));
#255 = PCURVE('',#174,#256);
#256 = DEFINITIONAL_REPRESENTATION('',(#257),#261);
#257 = CIRCLE('',#258,26.5);
#258 = AXIS2_PLACEMENT_2D('',#259,#260);
#259 = CARTESIAN_POINT('',(2.145990595724E-15,-1.492684351594E-13));
#260 = DIRECTION('',(0.,-1.));
#261 = ( GEOMETRIC_REPRESENTATION_CONTEXT(2) 
PARAMETRIC_REPRESENTATION_CONTEXT() REPRESENTATION_CONTEXT('2D SPACE',''
  ) );
#262 = PCURVE('',#263,#268);
#263 = CYLINDRICAL_SURFACE('',#264,26.5);
#264 = AXIS2_PLACEMENT_3D('',#265,#266,#267);
#265 = CARTESIAN_POINT('',(0.,1.471511085026E-13,2.292073341162E-15));
#266 = DIRECTION('',(-1.,-0.,-0.));
#267 = DIRECTION('',(0.,1.,0.));
#268 = DEFINITIONAL_REPRESENTATION('',(#269),#273);
#269 = LINE('',#270,#271);
#270 = CARTESIAN_POINT('',(-0.,0.));
#271 = VECTOR('',#272,1.);
#272 = DIRECTION('',(-1.,0.));
#273 = ( GEOMETRIC_REPRESENTATION_CONTEXT(2) 
PARAMETRIC_REPRESENTATION_CONTEXT() REPRESENTATION_CONTEXT('2D SPACE',''
  ) );
#274 = ADVANCED_FACE('',(#275,#278),#228,.T.);
#275 = FACE_BOUND('',#276,.T.);
#276 = EDGE_LOOP('',(#277));
#277 = ORIENTED_EDGE('',*,*,#213,.T.);
#278 = FACE_BOUND('',#279,.T.);
#279 = EDGE_LOOP('',(#280));
#280 = ORIENTED_EDGE('',*,*,#281,.F.);
#281 = EDGE_CURVE('',#282,#282,#284,.T.);
#282 = VERTEX_POINT('',#283);
#283 = CARTESIAN_POINT('',(16.,26.5,2.292073341162E-15));
#284 = SURFACE_CURVE('',#285,(#290,#297),.PCURVE_S1.);
#285 = CIRCLE('',#286,26.5);
#286 = AXIS2_PLACEMENT_3D('',#287,#288,#289);
#287 = CARTESIAN_POINT('',(16.,1.471511085026E-13,2.292073341162E-15));
#288 = DIRECTION('',(1.,0.,0.));
#289 = DIRECTION('',(0.,1.,0.));
#290 = PCURVE('',#228,#291);
#291 = DEFINITIONAL_REPRESENTATION('',(#292),#296);
#292 = CIRCLE('',#293,26.5);
#293 = AXIS2_PLACEMENT_2D('',#294,#295);
#294 = CARTESIAN_POINT('',(2.145990595724E-15,-1.492684351594E-13));
#295 = DIRECTION('',(0.,-1.));
#296 = ( GEOMETRIC_REPRESENTATION_CONTEXT(2) 
PARAMETRIC_REPRESENTATION_CONTEXT() REPRESENTATION_CONTEXT('2D SPACE',''
  ) );
#297 = PCURVE('',#298,#303);
#298 = CYLINDRICAL_SURFACE('',#299,26.5);
#299 = AXIS2_PLACEMENT_3D('',#300,#301,#302);
#300 = CARTESIAN_POINT('',(0.,1.471511085026E-13,2.292073341162E-15));
#301 = DIRECTION('',(-1.,-0.,-0.));
#302 = DIRECTION('',(0.,1.,0.));
#303 = DEFINITIONAL_REPRESENTATION('',(#304),#308);
#304 = LINE('',#305,#306);
#305 = CARTESIAN_POINT('',(-0.,-16.));
#306 = VECTOR('',#307,1.);
#307 = DIRECTION('',(-1.,0.));
#308 = ( GEOMETRIC_REPRESENTATION_CONTEXT(2) 
PARAMETRIC_REPRESENTATION_CONTEXT() REPRESENTATION_CONTEXT('2D SPACE',''
  ) );
#309 = ADVANCED_FACE('',(#310),#263,.F.);
#310 = FACE_BOUND('',#311,.T.);
#311 = EDGE_LOOP('',(#312,#313,#336,#403,#589));
#312 = ORIENTED_EDGE('',*,*,#246,.F.);
#313 = ORIENTED_EDGE('',*,*,#314,.T.);
#314 = EDGE_CURVE('',#247,#315,#317,.T.);
#315 = VERTEX_POINT('',#316);
#316 = CARTESIAN_POINT('',(4.635038330085,26.5,2.292073341162E-15));
#317 = SEAM_CURVE('',#318,(#322,#329),.PCURVE_S1.);
#318 = LINE('',#319,#320);
#319 = CARTESIAN_POINT('',(0.,26.5,2.292073341162E-15));
#320 = VECTOR('',#321,1.);
#321 = DIRECTION('',(1.,0.,0.));
#322 = PCURVE('',#263,#323);
#323 = DEFINITIONAL_REPRESENTATION('',(#324),#328);
#324 = LINE('',#325,#326);
#325 = CARTESIAN_POINT('',(-6.28318530718,0.));
#326 = VECTOR('',#327,1.);
#327 = DIRECTION('',(-0.,-1.));
#328 = ( GEOMETRIC_REPRESENTATION_CONTEXT(2) 
PARAMETRIC_REPRESENTATION_CONTEXT() REPRESENTATION_CONTEXT('2D SPACE',''
  ) );
#329 = PCURVE('',#263,#330);
#330 = DEFINITIONAL_REPRESENTATION('',(#331),#335);
#331 = LINE('',#332,#333);
#332 = CARTESIAN_POINT('',(-0.,0.));
#333 = VECTOR('',#334,1.);
#334 = DIRECTION('',(-0.,-1.));
#335 = ( GEOMETRIC_REPRESENTATION_CONTEXT(2) 
PARAMETRIC_REPRESENTATION_CONTEXT() REPRESENTATION_CONTEXT('2D SPACE',''
  ) );
#336 = ORIENTED_EDGE('',*,*,#337,.F.);
#337 = EDGE_CURVE('',#338,#315,#340,.T.);
#338 = VERTEX_POINT('',#339);
#339 = CARTESIAN_POINT('',(4.635038330085,6.490628035481E-15,26.5));
#340 = SURFACE_CURVE('',#341,(#358,#378),.PCURVE_S1.);
#341 = B_SPLINE_CURVE_WITH_KNOTS('',8,(#342,#343,#344,#345,#346,#347,
    #348,#349,#350,#351,#352,#353,#354,#355,#356,#357),.UNSPECIFIED.,.F.
  ,.F.,(9,7,9),(0.,0.499938989288,1.),.UNSPECIFIED.);
#342 = CARTESIAN_POINT('',(4.635038330085,8.346073743063E-16,26.5));
#343 = CARTESIAN_POINT('',(4.635038329989,2.600681188068,26.499999999908
    ));
#344 = CARTESIAN_POINT('',(4.635038330393,5.203051575511,26.208310441123
    ));
#345 = CARTESIAN_POINT('',(4.635038329592,7.766307453068,25.624272071354
    ));
#346 = CARTESIAN_POINT('',(4.635038330544,10.252403461389,
    24.754849670596));
#347 = CARTESIAN_POINT('',(4.635038329838,12.625222931994,23.61191641006
    ));
#348 = CARTESIAN_POINT('',(4.635038330146,14.850830274685,22.21261177797
    ));
#349 = CARTESIAN_POINT('',(4.635038330085,16.897396412924,20.57891000845
    ));
#350 = CARTESIAN_POINT('',(4.635038330085,20.576116703342,
    16.900895422315));
#351 = CARTESIAN_POINT('',(4.635038330085,22.210560729682,
    14.854091799033));
#352 = CARTESIAN_POINT('',(4.635038330085,23.610519961228,
    12.628121265859));
#353 = CARTESIAN_POINT('',(4.635038330085,24.753999676082,10.25483339946
    ));
#354 = CARTESIAN_POINT('',(4.635038330085,25.62384389872,7.768186623685)
  );
#355 = CARTESIAN_POINT('',(4.635038330085,26.208168036104,5.204323136915
    ));
#356 = CARTESIAN_POINT('',(4.635038330085,26.5,2.601315941909));
#357 = CARTESIAN_POINT('',(4.635038330085,26.5,1.146036670581E-15));
#358 = PCURVE('',#263,#359);
#359 = DEFINITIONAL_REPRESENTATION('',(#360),#377);
#360 = B_SPLINE_CURVE_WITH_KNOTS('',8,(#361,#362,#363,#364,#365,#366,
    #367,#368,#369,#370,#371,#372,#373,#374,#375,#376),.UNSPECIFIED.,.F.
  ,.F.,(9,7,9),(0.,0.499938989288,1.),.UNSPECIFIED.);
#361 = CARTESIAN_POINT('',(-1.570796326724,-4.635038330085));
#362 = CARTESIAN_POINT('',(-1.472657413967,-4.635038329952));
#363 = CARTESIAN_POINT('',(-1.374454839166,-4.635038330512));
#364 = CARTESIAN_POINT('',(-1.27628741215,-4.635038329401));
#365 = CARTESIAN_POINT('',(-1.178145209279,-4.635038330723));
#366 = CARTESIAN_POINT('',(-1.080003002922,-4.635038329743));
#367 = CARTESIAN_POINT('',(-0.981835578158,-4.63503833017));
#368 = CARTESIAN_POINT('',(-0.883633002658,-4.635038330085));
#369 = CARTESIAN_POINT('',(-0.687331223694,-4.635038330085));
#370 = CARTESIAN_POINT('',(-0.589104618051,-4.635038330085));
#371 = CARTESIAN_POINT('',(-0.490913208039,-4.635038330085));
#372 = CARTESIAN_POINT('',(-0.392747044787,-4.635038330085));
#373 = CARTESIAN_POINT('',(-0.294580881502,-4.635038330085));
#374 = CARTESIAN_POINT('',(-0.196389471418,-4.635038330085));
#375 = CARTESIAN_POINT('',(-9.816286573243E-02,-4.635038330085));
#376 = CARTESIAN_POINT('',(0.,-4.635038330085));
#377 = ( GEOMETRIC_REPRESENTATION_CONTEXT(2) 
PARAMETRIC_REPRESENTATION_CONTEXT() REPRESENTATION_CONTEXT('2D SPACE',''
  ) );
#378 = PCURVE('',#379,#384);
#379 = TOROIDAL_SURFACE('',#380,23.,4.8552);
#380 = AXIS2_PLACEMENT_3D('',#381,#382,#383);
#381 = CARTESIAN_POINT('',(8.,0.,0.));
#382 = DIRECTION('',(1.,0.,0.));
#383 = DIRECTION('',(-0.,0.,1.));
#384 = DEFINITIONAL_REPRESENTATION('',(#385),#402);
#385 = B_SPLINE_CURVE_WITH_KNOTS('',8,(#386,#387,#388,#389,#390,#391,
    #392,#393,#394,#395,#396,#397,#398,#399,#400,#401),.UNSPECIFIED.,.F.
  ,.F.,(9,7,9),(0.,0.499938989288,1.),.UNSPECIFIED.);
#386 = CARTESIAN_POINT('',(6.28318530718,5.517455267743));
#387 = CARTESIAN_POINT('',(6.185046394422,5.517455267716));
#388 = CARTESIAN_POINT('',(6.086843819038,5.517455267831));
#389 = CARTESIAN_POINT('',(5.988676393508,5.517455267603));
#390 = CARTESIAN_POINT('',(5.890534188684,5.517455267875));
#391 = CARTESIAN_POINT('',(5.792391983854,5.517455267673));
#392 = CARTESIAN_POINT('',(5.694224558401,5.517455267761));
#393 = CARTESIAN_POINT('',(5.596021983042,5.517455267743));
#394 = CARTESIAN_POINT('',(5.399720204079,5.517455267743));
#395 = CARTESIAN_POINT('',(5.301493598435,5.517455267743));
#396 = CARTESIAN_POINT('',(5.203302188425,5.517455267743));
#397 = CARTESIAN_POINT('',(5.105136025171,5.517455267743));
#398 = CARTESIAN_POINT('',(5.006969861887,5.517455267743));
#399 = CARTESIAN_POINT('',(4.908778451803,5.517455267743));
#400 = CARTESIAN_POINT('',(4.810551846117,5.517455267743));
#401 = CARTESIAN_POINT('',(4.712388980385,5.517455267743));
#402 = ( GEOMETRIC_REPRESENTATION_CONTEXT(2) 
PARAMETRIC_REPRESENTATION_CONTEXT() REPRESENTATION_CONTEXT('2D SPACE',''
  ) );
#403 = ORIENTED_EDGE('',*,*,#404,.F.);
#404 = EDGE_CURVE('',#315,#338,#405,.T.);
#405 = SURFACE_CURVE('',#406,(#465,#527),.PCURVE_S1.);
#406 = B_SPLINE_CURVE_WITH_KNOTS('',8,(#407,#408,#409,#410,#411,#412,
    #413,#414,#415,#416,#417,#418,#419,#420,#421,#422,#423,#424,#425,
    #426,#427,#428,#429,#430,#431,#432,#433,#434,#435,#436,#437,#438,
    #439,#440,#441,#442,#443,#444,#445,#446,#447,#448,#449,#450,#451,
    #452,#453,#454,#455,#456,#457,#458,#459,#460,#461,#462,#463,#464),
  .UNSPECIFIED.,.F.,.F.,(9,7,7,7,7,7,7,7,9),(0.,0.125582917831,
    0.250542928813,0.375502939794,0.500462950777,0.62542296176,
    0.750382972743,0.875342983728,1.),.UNSPECIFIED.);
#407 = CARTESIAN_POINT('',(4.635038330085,26.5,-3.552713678801E-15));
#408 = CARTESIAN_POINT('',(4.635038330085,26.5,-1.960167741177));
#409 = CARTESIAN_POINT('',(4.635038330085,26.334296144906,
    -3.920750435165));
#410 = CARTESIAN_POINT('',(4.635038330085,26.002765903812,
    -5.864778656523));
#411 = CARTESIAN_POINT('',(4.635038330085,25.507516105178,
    -7.775906006852));
#412 = CARTESIAN_POINT('',(4.635038330085,24.852415828632,
    -9.638303315522));
#413 = CARTESIAN_POINT('',(4.635038330085,24.043084318772,
    -11.43667494734));
#414 = CARTESIAN_POINT('',(4.635038330085,23.086891918831,
    -13.15627907591));
#415 = CARTESIAN_POINT('',(4.635038330085,20.905345423173,
    -16.40185260008));
#416 = CARTESIAN_POINT('',(4.635038330085,19.680894900003,
    -17.92941710562));
#417 = CARTESIAN_POINT('',(4.635038330085,18.329279249324,
    -19.35185773438));
#418 = CARTESIAN_POINT('',(4.635038330085,16.861195209757,
    -20.65695969957));
#419 = CARTESIAN_POINT('',(4.635038330085,15.288493195307,
    -21.83389226383));
#420 = CARTESIAN_POINT('',(4.635038330085,13.624158021881,
    -22.87321446598));
#421 = CARTESIAN_POINT('',(4.635038330085,11.882299435547,
    -23.76689285752));
#422 = CARTESIAN_POINT('',(4.635038330085,8.27453813158,-25.25047038544)
  );
#423 = CARTESIAN_POINT('',(4.635038330085,6.407886579782,-25.84067745615
    ));
#424 = CARTESIAN_POINT('',(4.635038330085,4.493874993225,-26.27283698264
    ));
#425 = CARTESIAN_POINT('',(4.635038330085,2.548182762767,-26.54273257482
    ));
#426 = CARTESIAN_POINT('',(4.635038330085,0.586679925661,-26.64793954954
    ));
#427 = CARTESIAN_POINT('',(4.635038330085,-1.374592040982,
    -26.58781898789));
#428 = CARTESIAN_POINT('',(4.635038330085,-3.319437949268,
    -26.36352722375));
#429 = CARTESIAN_POINT('',(4.635038330085,-7.143558582136,
    -25.59343288346));
#430 = CARTESIAN_POINT('',(4.635038330085,-9.023627048909,
    -25.04747046498));
#431 = CARTESIAN_POINT('',(4.635038330084,-10.8552971655,-24.34377536497
    ));
#432 = CARTESIAN_POINT('',(4.635038330085,-12.62318851316,
    -23.48754988694));
#433 = CARTESIAN_POINT('',(4.635038330084,-14.31275727473,
    -22.48559215957));
#434 = CARTESIAN_POINT('',(4.635038330085,-15.91030890556,-21.3462805271
    ));
#435 = CARTESIAN_POINT('',(4.635038330084,-17.40301814677,
    -20.07957159303));
#436 = CARTESIAN_POINT('',(4.635038330084,-20.15533787295,
    -17.31521271032));
#437 = CARTESIAN_POINT('',(4.635038330084,-21.41551963502,
    -15.81698898571));
#438 = CARTESIAN_POINT('',(4.635038330084,-22.5478477119,-14.21447991072
    ));
#439 = CARTESIAN_POINT('',(4.635038330084,-23.5424215723,-12.52055407892
    ));
#440 = CARTESIAN_POINT('',(4.635038330084,-24.39092272322,
    -10.74894247269));
#441 = CARTESIAN_POINT('',(4.635038330084,-25.08661657897,
    -8.914218441997));
#442 = CARTESIAN_POINT('',(4.635038330084,-25.62436801526,
    -7.031784965097));
#443 = CARTESIAN_POINT('',(4.635038330084,-26.37776419214,
    -3.204339588804));
#444 = CARTESIAN_POINT('',(4.635038330084,-26.59356530915,
    -1.258533257273));
#445 = CARTESIAN_POINT('',(4.635038330084,-26.64512509395,0.702982431933
    ));
#446 = CARTESIAN_POINT('',(4.635038330084,-26.53135790946,2.664007396879
    ));
#447 = CARTESIAN_POINT('',(4.635038330084,-26.25297268337,4.608503103829
    ));
#448 = CARTESIAN_POINT('',(4.635038330084,-25.81246334257,6.520610247564
    ));
#449 = CARTESIAN_POINT('',(4.635038330084,-25.21411467134,8.384667990857
    ));
#450 = CARTESIAN_POINT('',(4.635038330084,-23.7148047722,11.985919680749
    ));
#451 = CARTESIAN_POINT('',(4.635038330084,-22.81353234448,
    13.723861110454));
#452 = CARTESIAN_POINT('',(4.635038330085,-21.76695585342,
    15.383644186169));
#453 = CARTESIAN_POINT('',(4.635038330084,-20.58317025505,
    16.951194358597));
#454 = CARTESIAN_POINT('',(4.635038330085,-19.27167309378,
    18.413568142478));
#455 = CARTESIAN_POINT('',(4.635038330084,-17.84334672698,
    19.758962508015));
#456 = CARTESIAN_POINT('',(4.635038330084,-16.31045251184,
    20.976734131792));
#457 = CARTESIAN_POINT('',(4.635038330085,-13.06741763512,
    23.136084504005));
#458 = CARTESIAN_POINT('',(4.635038330047,-11.35704800414,
    24.078769171175));
#459 = CARTESIAN_POINT('',(4.63503833017,-9.569599542729,24.876491269828
    ));
#460 = CARTESIAN_POINT('',(4.635038330043,-7.719509689157,
    25.522069588213));
#461 = CARTESIAN_POINT('',(4.635038330002,-5.821760591813,26.01007798761
    ));
#462 = CARTESIAN_POINT('',(4.635038330215,-3.891830196657,
    26.336729521832));
#463 = CARTESIAN_POINT('',(4.635038330019,-1.945715757709,
    26.499999999937));
#464 = CARTESIAN_POINT('',(4.635038330085,0.,26.5));
#465 = PCURVE('',#263,#466);
#466 = DEFINITIONAL_REPRESENTATION('',(#467),#526);
#467 = B_SPLINE_CURVE_WITH_KNOTS('',8,(#468,#469,#470,#471,#472,#473,
    #474,#475,#476,#477,#478,#479,#480,#481,#482,#483,#484,#485,#486,
    #487,#488,#489,#490,#491,#492,#493,#494,#495,#496,#497,#498,#499,
    #500,#501,#502,#503,#504,#505,#506,#507,#508,#509,#510,#511,#512,
    #513,#514,#515,#516,#517,#518,#519,#520,#521,#522,#523,#524,#525),
  .UNSPECIFIED.,.F.,.F.,(9,7,7,7,7,7,7,7,9),(0.,0.125582917831,
    0.250542928813,0.375502939794,0.500462950777,0.62542296176,
    0.750382972743,0.875342983728,1.),.UNSPECIFIED.);
#468 = CARTESIAN_POINT('',(-6.28318530718,-4.635038330085));
#469 = CARTESIAN_POINT('',(-6.209216713173,-4.635038330085));
#470 = CARTESIAN_POINT('',(-6.135232467342,-4.635038330085));
#471 = CARTESIAN_POINT('',(-6.061256172883,-4.635038330085));
#472 = CARTESIAN_POINT('',(-5.987287094467,-4.635038330085));
#473 = CARTESIAN_POINT('',(-5.913318016111,-4.635038330085));
#474 = CARTESIAN_POINT('',(-5.839341721708,-4.635038330085));
#475 = CARTESIAN_POINT('',(-5.765357475909,-4.635038330085));
#476 = CARTESIAN_POINT('',(-5.617787180885,-4.635038330085));
#477 = CARTESIAN_POINT('',(-5.544170209638,-4.635038330085));
#478 = CARTESIAN_POINT('',(-5.470560987061,-4.635038330085));
#479 = CARTESIAN_POINT('',(-5.396958818195,-4.635038330085));
#480 = CARTESIAN_POINT('',(-5.323356649351,-4.635038330085));
#481 = CARTESIAN_POINT('',(-5.249747426762,-4.635038330085));
#482 = CARTESIAN_POINT('',(-5.176130455518,-4.635038330085));
#483 = CARTESIAN_POINT('',(-5.028927053896,-4.635038330085));
#484 = CARTESIAN_POINT('',(-4.955310082651,-4.635038330085));
#485 = CARTESIAN_POINT('',(-4.881700860065,-4.635038330085));
#486 = CARTESIAN_POINT('',(-4.808098691216,-4.635038330085));
#487 = CARTESIAN_POINT('',(-4.734496522355,-4.635038330085));
#488 = CARTESIAN_POINT('',(-4.660887299776,-4.635038330085));
#489 = CARTESIAN_POINT('',(-4.587270328529,-4.635038330085));
#490 = CARTESIAN_POINT('',(-4.440066926907,-4.635038330085));
#491 = CARTESIAN_POINT('',(-4.366449955663,-4.635038330085));
#492 = CARTESIAN_POINT('',(-4.292840733076,-4.635038330084));
#493 = CARTESIAN_POINT('',(-4.219238564227,-4.635038330085));
#494 = CARTESIAN_POINT('',(-4.145636395366,-4.635038330084));
#495 = CARTESIAN_POINT('',(-4.072027172787,-4.635038330085));
#496 = CARTESIAN_POINT('',(-3.99841020154,-4.635038330084));
#497 = CARTESIAN_POINT('',(-3.851206799918,-4.635038330084));
#498 = CARTESIAN_POINT('',(-3.777589828671,-4.635038330084));
#499 = CARTESIAN_POINT('',(-3.703980606093,-4.635038330084));
#500 = CARTESIAN_POINT('',(-3.63037843723,-4.635038330084));
#501 = CARTESIAN_POINT('',(-3.556776268383,-4.635038330084));
#502 = CARTESIAN_POINT('',(-3.483167045796,-4.635038330084));
#503 = CARTESIAN_POINT('',(-3.409550074552,-4.635038330084));
#504 = CARTESIAN_POINT('',(-3.262346672929,-4.635038330084));
#505 = CARTESIAN_POINT('',(-3.188729701687,-4.635038330084));
#506 = CARTESIAN_POINT('',(-3.115120479095,-4.635038330084));
#507 = CARTESIAN_POINT('',(-3.041518310254,-4.635038330084));
#508 = CARTESIAN_POINT('',(-2.967916141385,-4.635038330084));
#509 = CARTESIAN_POINT('',(-2.894306918811,-4.635038330084));
#510 = CARTESIAN_POINT('',(-2.820689947562,-4.635038330084));
#511 = CARTESIAN_POINT('',(-2.67348654594,-4.635038330084));
#512 = CARTESIAN_POINT('',(-2.599869574697,-4.635038330084));
#513 = CARTESIAN_POINT('',(-2.526260352108,-4.635038330085));
#514 = CARTESIAN_POINT('',(-2.452658183262,-4.635038330084));
#515 = CARTESIAN_POINT('',(-2.379056014399,-4.635038330085));
#516 = CARTESIAN_POINT('',(-2.305446791821,-4.635038330084));
#517 = CARTESIAN_POINT('',(-2.231829820573,-4.635038330084));
#518 = CARTESIAN_POINT('',(-2.084804883455,-4.635038330085));
#519 = CARTESIAN_POINT('',(-2.011366597035,-4.635038330033));
#520 = CARTESIAN_POINT('',(-1.937935890466,-4.635038330204));
#521 = CARTESIAN_POINT('',(-1.864512223322,-4.635038330027));
#522 = CARTESIAN_POINT('',(-1.791088556008,-4.635038329971));
#523 = CARTESIAN_POINT('',(-1.717657849215,-4.635038330266));
#524 = CARTESIAN_POINT('',(-1.644219562999,-4.635038329994));
#525 = CARTESIAN_POINT('',(-1.570796326859,-4.635038330085));
#526 = ( GEOMETRIC_REPRESENTATION_CONTEXT(2) 
PARAMETRIC_REPRESENTATION_CONTEXT() REPRESENTATION_CONTEXT('2D SPACE',''
  ) );
#527 = PCURVE('',#379,#528);
#528 = DEFINITIONAL_REPRESENTATION('',(#529),#588);
#529 = B_SPLINE_CURVE_WITH_KNOTS('',8,(#530,#531,#532,#533,#534,#535,
    #536,#537,#538,#539,#540,#541,#542,#543,#544,#545,#546,#547,#548,
    #549,#550,#551,#552,#553,#554,#555,#556,#557,#558,#559,#560,#561,
    #562,#563,#564,#565,#566,#567,#568,#569,#570,#571,#572,#573,#574,
    #575,#576,#577,#578,#579,#580,#581,#582,#583,#584,#585,#586,#587),
  .UNSPECIFIED.,.F.,.F.,(9,7,7,7,7,7,7,7,9),(0.,0.125582917831,
    0.250542928813,0.375502939794,0.500462950777,0.62542296176,
    0.750382972743,0.875342983728,1.),.UNSPECIFIED.);
#530 = CARTESIAN_POINT('',(4.712388980385,5.517455267743));
#531 = CARTESIAN_POINT('',(4.638420386378,5.517455267743));
#532 = CARTESIAN_POINT('',(4.564436140548,5.517455267743));
#533 = CARTESIAN_POINT('',(4.490459846086,5.517455267743));
#534 = CARTESIAN_POINT('',(4.416490767676,5.517455267743));
#535 = CARTESIAN_POINT('',(4.342521689313,5.517455267743));
#536 = CARTESIAN_POINT('',(4.268545394913,5.517455267743));
#537 = CARTESIAN_POINT('',(4.194561149114,5.517455267743));
#538 = CARTESIAN_POINT('',(4.04699085409,5.517455267743));
#539 = CARTESIAN_POINT('',(3.973373882845,5.517455267743));
#540 = CARTESIAN_POINT('',(3.89976466026,5.517455267743));
#541 = CARTESIAN_POINT('',(3.826162491408,5.517455267743));
#542 = CARTESIAN_POINT('',(3.752560322551,5.517455267743));
#543 = CARTESIAN_POINT('',(3.678951099969,5.517455267743));
#544 = CARTESIAN_POINT('',(3.605334128723,5.517455267743));
#545 = CARTESIAN_POINT('',(3.458130727101,5.517455267743));
#546 = CARTESIAN_POINT('',(3.384513755857,5.517455267743));
#547 = CARTESIAN_POINT('',(3.31090453327,5.517455267743));
#548 = CARTESIAN_POINT('',(3.237302364421,5.517455267743));
#549 = CARTESIAN_POINT('',(3.16370019556,5.517455267743));
#550 = CARTESIAN_POINT('',(3.090090972981,5.517455267743));
#551 = CARTESIAN_POINT('',(3.016474001734,5.517455267743));
#552 = CARTESIAN_POINT('',(2.869270600112,5.517455267743));
#553 = CARTESIAN_POINT('',(2.795653628868,5.517455267743));
#554 = CARTESIAN_POINT('',(2.722044406281,5.517455267743));
#555 = CARTESIAN_POINT('',(2.648442237432,5.517455267743));
#556 = CARTESIAN_POINT('',(2.574840068571,5.517455267743));
#557 = CARTESIAN_POINT('',(2.501230845992,5.517455267743));
#558 = CARTESIAN_POINT('',(2.427613874745,5.517455267743));
#559 = CARTESIAN_POINT('',(2.280410473124,5.517455267743));
#560 = CARTESIAN_POINT('',(2.206793501877,5.517455267743));
#561 = CARTESIAN_POINT('',(2.133184279295,5.517455267743));
#562 = CARTESIAN_POINT('',(2.05958211044,5.517455267743));
#563 = CARTESIAN_POINT('',(1.985979941585,5.517455267743));
#564 = CARTESIAN_POINT('',(1.912370719002,5.517455267743));
#565 = CARTESIAN_POINT('',(1.838753747757,5.517455267743));
#566 = CARTESIAN_POINT('',(1.691550346134,5.517455267743));
#567 = CARTESIAN_POINT('',(1.617933374891,5.517455267743));
#568 = CARTESIAN_POINT('',(1.544324152304,5.517455267743));
#569 = CARTESIAN_POINT('',(1.470721983453,5.517455267743));
#570 = CARTESIAN_POINT('',(1.397119814594,5.517455267743));
#571 = CARTESIAN_POINT('',(1.323510592015,5.517455267743));
#572 = CARTESIAN_POINT('',(1.249893620767,5.517455267743));
#573 = CARTESIAN_POINT('',(1.102690219145,5.517455267743));
#574 = CARTESIAN_POINT('',(1.029073247902,5.517455267743));
#575 = CARTESIAN_POINT('',(0.955464025313,5.517455267743));
#576 = CARTESIAN_POINT('',(0.881861856468,5.517455267743));
#577 = CARTESIAN_POINT('',(0.808259687603,5.517455267743));
#578 = CARTESIAN_POINT('',(0.734650465026,5.517455267743));
#579 = CARTESIAN_POINT('',(0.661033493779,5.517455267743));
#580 = CARTESIAN_POINT('',(0.51400855666,5.517455267743));
#581 = CARTESIAN_POINT('',(0.440570270152,5.517455267733));
#582 = CARTESIAN_POINT('',(0.367139563863,5.517455267768));
#583 = CARTESIAN_POINT('',(0.293715896452,5.517455267731));
#584 = CARTESIAN_POINT('',(0.220292229017,5.51745526772));
#585 = CARTESIAN_POINT('',(0.146861522671,5.517455267781));
#586 = CARTESIAN_POINT('',(7.342323613995E-02,5.517455267725));
#587 = CARTESIAN_POINT('',(0.,5.517455267743));
#588 = ( GEOMETRIC_REPRESENTATION_CONTEXT(2) 
PARAMETRIC_REPRESENTATION_CONTEXT() REPRESENTATION_CONTEXT('2D SPACE',''
  ) );
#589 = ORIENTED_EDGE('',*,*,#314,.F.);
#590 = ADVANCED_FACE('',(#591),#298,.F.);
#591 = FACE_BOUND('',#592,.T.);
#592 = EDGE_LOOP('',(#593,#662,#683,#684,#685));
#593 = ORIENTED_EDGE('',*,*,#594,.F.);
#594 = EDGE_CURVE('',#595,#597,#599,.T.);
#595 = VERTEX_POINT('',#596);
#596 = CARTESIAN_POINT('',(11.364961669915,26.5,2.292073341162E-15));
#597 = VERTEX_POINT('',#598);
#598 = CARTESIAN_POINT('',(11.364961669915,6.490628035481E-15,26.5));
#599 = SURFACE_CURVE('',#600,(#617,#637),.PCURVE_S1.);
#600 = B_SPLINE_CURVE_WITH_KNOTS('',8,(#601,#602,#603,#604,#605,#606,
    #607,#608,#609,#610,#611,#612,#613,#614,#615,#616),.UNSPECIFIED.,.F.
  ,.F.,(9,7,9),(0.,0.502269907547,1.),.UNSPECIFIED.);
#601 = CARTESIAN_POINT('',(11.364961669915,26.5,1.146036670581E-15));
#602 = CARTESIAN_POINT('',(11.364961669915,26.5,2.612806533293));
#603 = CARTESIAN_POINT('',(11.364961669915,26.205584154797,
    5.227341820498));
#604 = CARTESIAN_POINT('',(11.364961669915,25.61607470116,7.802202238168
    ));
#605 = CARTESIAN_POINT('',(11.364961669915,24.738577143126,
    10.29881209966));
#606 = CARTESIAN_POINT('',(11.364961669915,23.585184152161,
    12.680565103961));
#607 = CARTESIAN_POINT('',(11.364961669915,22.17335227087,14.91308795889
    ));
#608 = CARTESIAN_POINT('',(11.364961669915,20.525449417598,
    16.964158812053));
#609 = CARTESIAN_POINT('',(11.364961669915,16.833977605605,
    20.629374810345));
#610 = CARTESIAN_POINT('',(11.364961669836,14.791742399486,
    22.24966186016));
#611 = CARTESIAN_POINT('',(11.364961670232,12.572732059342,
    23.637139309977));
#612 = CARTESIAN_POINT('',(11.364961669324,10.208405820852,
    24.77020132522));
#613 = CARTESIAN_POINT('',(11.364961670549,7.73228733655,25.632004951956
    ));
#614 = CARTESIAN_POINT('',(11.364961669519,5.180033157588,
    26.210882375514));
#615 = CARTESIAN_POINT('',(11.364961670039,2.589190270762,
    26.499999999881));
#616 = CARTESIAN_POINT('',(11.364961669915,8.346073743063E-16,26.5));
#617 = PCURVE('',#298,#618);
#618 = DEFINITIONAL_REPRESENTATION('',(#619),#636);
#619 = B_SPLINE_CURVE_WITH_KNOTS('',8,(#620,#621,#622,#623,#624,#625,
    #626,#627,#628,#629,#630,#631,#632,#633,#634,#635),.UNSPECIFIED.,.F.
  ,.F.,(9,7,9),(0.,0.502269907547,1.),.UNSPECIFIED.);
#620 = CARTESIAN_POINT('',(0.,-11.36496166991));
#621 = CARTESIAN_POINT('',(-9.859647295446E-02,-11.36496166991));
#622 = CARTESIAN_POINT('',(-0.197258097814,-11.36496166991));
#623 = CARTESIAN_POINT('',(-0.295883690348,-11.36496166991));
#624 = CARTESIAN_POINT('',(-0.394483560154,-11.36496166991));
#625 = CARTESIAN_POINT('',(-0.493083429963,-11.36496166991));
#626 = CARTESIAN_POINT('',(-0.591709022446,-11.36496166991));
#627 = CARTESIAN_POINT('',(-0.690370647306,-11.36496166991));
#628 = CARTESIAN_POINT('',(-0.886672419676,-11.36496166991));
#629 = CARTESIAN_POINT('',(-0.984439990079,-11.3649616698));
#630 = CARTESIAN_POINT('',(-1.082173232125,-11.36496167035));
#631 = CARTESIAN_POINT('',(-1.179881723433,-11.36496166909));
#632 = CARTESIAN_POINT('',(-1.27759021255,-11.36496167079));
#633 = CARTESIAN_POINT('',(-1.375323455793,-11.36496166936));
#634 = CARTESIAN_POINT('',(-1.473091033467,-11.36496167008));
#635 = CARTESIAN_POINT('',(-1.570796326703,-11.36496166991));
#636 = ( GEOMETRIC_REPRESENTATION_CONTEXT(2) 
PARAMETRIC_REPRESENTATION_CONTEXT() REPRESENTATION_CONTEXT('2D SPACE',''
  ) );
#637 = PCURVE('',#638,#643);
#638 = TOROIDAL_SURFACE('',#639,23.,4.8552);
#639 = AXIS2_PLACEMENT_3D('',#640,#641,#642);
#640 = CARTESIAN_POINT('',(8.,0.,0.));
#641 = DIRECTION('',(1.,0.,0.));
#642 = DIRECTION('',(-0.,0.,1.));
#643 = DEFINITIONAL_REPRESENTATION('',(#644),#661);
#644 = B_SPLINE_CURVE_WITH_KNOTS('',8,(#645,#646,#647,#648,#649,#650,
    #651,#652,#653,#654,#655,#656,#657,#658,#659,#660),.UNSPECIFIED.,.F.
  ,.F.,(9,7,9),(0.,0.502269907547,1.),.UNSPECIFIED.);
#645 = CARTESIAN_POINT('',(4.712388980385,0.765730039436));
#646 = CARTESIAN_POINT('',(4.810985453339,0.765730039436));
#647 = CARTESIAN_POINT('',(4.909647078199,0.765730039436));
#648 = CARTESIAN_POINT('',(5.008272670732,0.765730039436));
#649 = CARTESIAN_POINT('',(5.106872540539,0.765730039436));
#650 = CARTESIAN_POINT('',(5.205472410347,0.765730039436));
#651 = CARTESIAN_POINT('',(5.30409800283,0.765730039436));
#652 = CARTESIAN_POINT('',(5.402759627691,0.765730039436));
#653 = CARTESIAN_POINT('',(5.599061400061,0.765730039436));
#654 = CARTESIAN_POINT('',(5.696828970281,0.765730039413));
#655 = CARTESIAN_POINT('',(5.794562213217,0.765730039527));
#656 = CARTESIAN_POINT('',(5.892270702553,0.765730039267));
#657 = CARTESIAN_POINT('',(5.989979194192,0.765730039617));
#658 = CARTESIAN_POINT('',(6.087712435515,0.765730039323));
#659 = CARTESIAN_POINT('',(6.185480013943,0.765730039471));
#660 = CARTESIAN_POINT('',(6.28318530718,0.765730039436));
#661 = ( GEOMETRIC_REPRESENTATION_CONTEXT(2) 
PARAMETRIC_REPRESENTATION_CONTEXT() REPRESENTATION_CONTEXT('2D SPACE',''
  ) );
#662 = ORIENTED_EDGE('',*,*,#663,.T.);
#663 = EDGE_CURVE('',#595,#282,#664,.T.);
#664 = SEAM_CURVE('',#665,(#669,#676),.PCURVE_S1.);
#665 = LINE('',#666,#667);
#666 = CARTESIAN_POINT('',(0.,26.5,2.292073341162E-15));
#667 = VECTOR('',#668,1.);
#668 = DIRECTION('',(1.,0.,0.));
#669 = PCURVE('',#298,#670);
#670 = DEFINITIONAL_REPRESENTATION('',(#671),#675);
#671 = LINE('',#672,#673);
#672 = CARTESIAN_POINT('',(-6.28318530718,0.));
#673 = VECTOR('',#674,1.);
#674 = DIRECTION('',(-0.,-1.));
#675 = ( GEOMETRIC_REPRESENTATION_CONTEXT(2) 
PARAMETRIC_REPRESENTATION_CONTEXT() REPRESENTATION_CONTEXT('2D SPACE',''
  ) );
#676 = PCURVE('',#298,#677);
#677 = DEFINITIONAL_REPRESENTATION('',(#678),#682);
#678 = LINE('',#679,#680);
#679 = CARTESIAN_POINT('',(-0.,0.));
#680 = VECTOR('',#681,1.);
#681 = DIRECTION('',(-0.,-1.));
#682 = ( GEOMETRIC_REPRESENTATION_CONTEXT(2) 
PARAMETRIC_REPRESENTATION_CONTEXT() REPRESENTATION_CONTEXT('2D SPACE',''
  ) );
#683 = ORIENTED_EDGE('',*,*,#281,.T.);
#684 = ORIENTED_EDGE('',*,*,#663,.F.);
#685 = ORIENTED_EDGE('',*,*,#686,.F.);
#686 = EDGE_CURVE('',#597,#595,#687,.T.);
#687 = SURFACE_CURVE('',#688,(#747,#809),.PCURVE_S1.);
#688 = B_SPLINE_CURVE_WITH_KNOTS('',8,(#689,#690,#691,#692,#693,#694,
    #695,#696,#697,#698,#699,#700,#701,#702,#703,#704,#705,#706,#707,
    #708,#709,#710,#711,#712,#713,#714,#715,#716,#717,#718,#719,#720,
    #721,#722,#723,#724,#725,#726,#727,#728,#729,#730,#731,#732,#733,
    #734,#735,#736,#737,#738,#739,#740,#741,#742,#743,#744,#745,#746),
  .UNSPECIFIED.,.F.,.F.,(9,7,7,7,7,7,7,7,9),(0.,0.124978637297,
    0.249938674447,0.3753385744,0.500028688981,0.625428537946,
    0.750388524289,0.875348510632,1.),.UNSPECIFIED.);
#689 = CARTESIAN_POINT('',(11.364961669915,0.,26.5));
#690 = CARTESIAN_POINT('',(11.364961669924,-1.950735392144,
    26.499999999991));
#691 = CARTESIAN_POINT('',(11.364961669887,-3.901875922138,
    26.335887046514));
#692 = CARTESIAN_POINT('',(11.364961669961,-5.836702032439,
    26.007542077855));
#693 = CARTESIAN_POINT('',(11.364961669873,-7.739101796331,
    25.517029971709));
#694 = CARTESIAN_POINT('',(11.364961669938,-9.59346874422,
    24.868146151244));
#695 = CARTESIAN_POINT('',(11.36496166991,-11.38471738883,
    24.066403807219));
#696 = CARTESIAN_POINT('',(11.364961669915,-13.09830324059,
    23.119035896641));
#697 = CARTESIAN_POINT('',(11.364961669916,-16.34223474182,
    20.951983190618));
#698 = CARTESIAN_POINT('',(11.364961669916,-17.87328103939,
    19.731889080863));
#699 = CARTESIAN_POINT('',(11.364961669915,-19.29956613157,
    18.38433090169));
#700 = CARTESIAN_POINT('',(11.364961669916,-20.60884480969,
    16.919970553861));
#701 = CARTESIAN_POINT('',(11.364961669916,-21.79025262377,
    15.350627549457));
#702 = CARTESIAN_POINT('',(11.364961669916,-22.8343116615,
    13.689259759322));
#703 = CARTESIAN_POINT('',(11.364961669916,-23.73294831415,
    11.949953987127));
#704 = CARTESIAN_POINT('',(11.364961669916,-25.22942614524,
    8.340091218189));
#705 = CARTESIAN_POINT('',(11.364961669916,-25.82651126566,6.46833659699
    ));
#706 = CARTESIAN_POINT('',(11.364961669916,-26.2645464178,4.548489002914
    ));
#707 = CARTESIAN_POINT('',(11.364961669916,-26.53923344569,
    2.596384820289));
#708 = CARTESIAN_POINT('',(11.364961669916,-26.64808989422,
    0.628057109085));
#709 = CARTESIAN_POINT('',(11.364961669916,-26.59044379911,
    -1.340283945065));
#710 = CARTESIAN_POINT('',(11.364961669916,-26.36744258767,
    -3.292269207094));
#711 = CARTESIAN_POINT('',(11.364961669916,-25.59979118718,
    -7.119586368541));
#712 = CARTESIAN_POINT('',(11.364961669916,-25.05680898445,
    -8.99608081268));
#713 = CARTESIAN_POINT('',(11.364961669916,-24.35673605921,
    -10.82454755116));
#714 = CARTESIAN_POINT('',(11.364961669916,-23.50470789096,
    -12.58968757475));
#715 = CARTESIAN_POINT('',(11.364961669916,-22.50748770882,
    -14.27705899434));
#716 = CARTESIAN_POINT('',(11.364961669916,-21.37334975261,
    -15.87302939808));
#717 = CARTESIAN_POINT('',(11.364961669916,-20.1121834509,
    -17.36484663923));
#718 = CARTESIAN_POINT('',(11.364961669916,-17.35158934457,
    -20.12469657816));
#719 = CARTESIAN_POINT('',(11.364961669916,-15.85027053273,
    -21.39198416524));
#720 = CARTESIAN_POINT('',(11.364961669915,-14.24370834459,-22.530688479
    ));
#721 = CARTESIAN_POINT('',(11.364961669916,-12.54489311121,
    -23.53078372785));
#722 = CARTESIAN_POINT('',(11.364961669915,-10.7676910285,
    -24.38384671577));
#723 = CARTESIAN_POINT('',(11.364961669915,-8.926824097685,
    -25.0830595027));
#724 = CARTESIAN_POINT('',(11.364961669915,-7.037856735389,
    -25.6232245769));
#725 = CARTESIAN_POINT('',(11.364961669915,-3.203655428194,
    -26.37784729416));
#726 = CARTESIAN_POINT('',(11.364961669915,-1.257843499953,
    -26.59359794277));
#727 = CARTESIAN_POINT('',(11.364961669915,0.703673525546,
    -26.64510685174));
#728 = CARTESIAN_POINT('',(11.364961669915,2.664695539598,
    -26.53128880421));
#729 = CARTESIAN_POINT('',(11.364961669915,4.609184024891,
    -26.25285314391));
#730 = CARTESIAN_POINT('',(11.364961669915,6.521279742829,
    -25.81229420892));
#731 = CARTESIAN_POINT('',(11.364961669915,8.385321966015,-25.2138971899
    ));
#732 = CARTESIAN_POINT('',(11.364961669915,11.986534767152,
    -23.71449388565));
#733 = CARTESIAN_POINT('',(11.364961669915,13.724452819939,
    -22.8131763813));
#734 = CARTESIAN_POINT('',(11.364961669915,15.384208750184,
    -21.76655684084));
#735 = CARTESIAN_POINT('',(11.364961669915,16.95172821809,
    -20.58273058529));
#736 = CARTESIAN_POINT('',(11.364961669915,18.414067985343,
    -19.27119549498));
#737 = CARTESIAN_POINT('',(11.364961669915,19.759425303889,
    -17.84283423314));
#738 = CARTESIAN_POINT('',(11.364961669915,20.977157168621,
    -16.30990843321));
#739 = CARTESIAN_POINT('',(11.364961669915,23.136375828744,
    -13.06688903819));
#740 = CARTESIAN_POINT('',(11.364961669915,24.07898048617,
    -11.35657450539));
#741 = CARTESIAN_POINT('',(11.364961669915,24.876633795088,
    -9.569191106318));
#742 = CARTESIAN_POINT('',(11.364961669915,25.52215578453,
    -7.719174498177));
#743 = CARTESIAN_POINT('',(11.364961669915,26.010121256309,
    -5.821504929902));
#744 = CARTESIAN_POINT('',(11.364961669915,26.336743935042,
    -3.89165834316));
#745 = CARTESIAN_POINT('',(11.364961669915,26.5,-1.945629874494));
#746 = CARTESIAN_POINT('',(11.364961669915,26.5,-3.552713678801E-15));
#747 = PCURVE('',#298,#748);
#748 = DEFINITIONAL_REPRESENTATION('',(#749),#808);
#749 = B_SPLINE_CURVE_WITH_KNOTS('',8,(#750,#751,#752,#753,#754,#755,
    #756,#757,#758,#759,#760,#761,#762,#763,#764,#765,#766,#767,#768,
    #769,#770,#771,#772,#773,#774,#775,#776,#777,#778,#779,#780,#781,
    #782,#783,#784,#785,#786,#787,#788,#789,#790,#791,#792,#793,#794,
    #795,#796,#797,#798,#799,#800,#801,#802,#803,#804,#805,#806,#807),
  .UNSPECIFIED.,.F.,.F.,(9,7,7,7,7,7,7,7,9),(0.,0.124978637297,
    0.249938674447,0.3753385744,0.500028688981,0.625428537946,
    0.750388524289,0.875348510632,1.),.UNSPECIFIED.);
#750 = CARTESIAN_POINT('',(-1.570796326804,-11.36496166991));
#751 = CARTESIAN_POINT('',(-1.644408983111,-11.36496166992));
#752 = CARTESIAN_POINT('',(-1.718036921075,-11.36496166987));
#753 = CARTESIAN_POINT('',(-1.791657104655,-11.36496166997));
#754 = CARTESIAN_POINT('',(-1.865270229256,-11.36496166985));
#755 = CARTESIAN_POINT('',(-1.938883354307,-11.36496166994));
#756 = CARTESIAN_POINT('',(-2.012503537594,-11.3649616699));
#757 = CARTESIAN_POINT('',(-2.086131475648,-11.36496166991));
#758 = CARTESIAN_POINT('',(-2.233345832793,-11.36496166991));
#759 = CARTESIAN_POINT('',(-2.306962804035,-11.36496166991));
#760 = CARTESIAN_POINT('',(-2.380572026627,-11.36496166991));
#761 = CARTESIAN_POINT('',(-2.454174195467,-11.36496166991));
#762 = CARTESIAN_POINT('',(-2.527776364337,-11.36496166991));
#763 = CARTESIAN_POINT('',(-2.60138558691,-11.36496166991));
#764 = CARTESIAN_POINT('',(-2.675002558159,-11.36496166991));
#765 = CARTESIAN_POINT('',(-2.822465039812,-11.36496166991));
#766 = CARTESIAN_POINT('',(-2.896341359504,-11.36496166991));
#767 = CARTESIAN_POINT('',(-2.970209787812,-11.36496166991));
#768 = CARTESIAN_POINT('',(-3.044071048036,-11.36496166991));
#769 = CARTESIAN_POINT('',(-3.117932308275,-11.36496166991));
#770 = CARTESIAN_POINT('',(-3.191800736573,-11.36496166991));
#771 = CARTESIAN_POINT('',(-3.265677056269,-11.36496166991));
#772 = CARTESIAN_POINT('',(-3.412980553011,-11.36496166991));
#773 = CARTESIAN_POINT('',(-3.486438364106,-11.36496166991));
#774 = CARTESIAN_POINT('',(-3.559888579906,-11.36496166991));
#775 = CARTESIAN_POINT('',(-3.633331737329,-11.36496166991));
#776 = CARTESIAN_POINT('',(-3.706774886795,-11.36496166991));
#777 = CARTESIAN_POINT('',(-3.780225081487,-11.36496166991));
#778 = CARTESIAN_POINT('',(-3.853682873311,-11.36496166991));
#779 = CARTESIAN_POINT('',(-4.000986399916,-11.36496166991));
#780 = CARTESIAN_POINT('',(-4.07486271961,-11.36496166991));
#781 = CARTESIAN_POINT('',(-4.148731147913,-11.36496166991));
#782 = CARTESIAN_POINT('',(-4.222592408145,-11.36496166991));
#783 = CARTESIAN_POINT('',(-4.296453668375,-11.36496166991));
#784 = CARTESIAN_POINT('',(-4.37032209668,-11.36496166991));
#785 = CARTESIAN_POINT('',(-4.444198416373,-11.36496166991));
#786 = CARTESIAN_POINT('',(-4.591660898025,-11.36496166991));
#787 = CARTESIAN_POINT('',(-4.665277869272,-11.36496166991));
#788 = CARTESIAN_POINT('',(-4.738887091852,-11.36496166991));
#789 = CARTESIAN_POINT('',(-4.812489260711,-11.36496166991));
#790 = CARTESIAN_POINT('',(-4.886091429562,-11.36496166991));
#791 = CARTESIAN_POINT('',(-4.959700652148,-11.36496166991));
#792 = CARTESIAN_POINT('',(-5.033317623392,-11.36496166991));
#793 = CARTESIAN_POINT('',(-5.180521025015,-11.36496166991));
#794 = CARTESIAN_POINT('',(-5.254137996256,-11.36496166991));
#795 = CARTESIAN_POINT('',(-5.32774721885,-11.36496166991));
#796 = CARTESIAN_POINT('',(-5.40134938769,-11.36496166991));
#797 = CARTESIAN_POINT('',(-5.474951556558,-11.36496166991));
#798 = CARTESIAN_POINT('',(-5.548560779134,-11.36496166991));
#799 = CARTESIAN_POINT('',(-5.622177750381,-11.36496166991));
#800 = CARTESIAN_POINT('',(-5.769199446621,-11.36496166991));
#801 = CARTESIAN_POINT('',(-5.842634488964,-11.36496166991));
#802 = CARTESIAN_POINT('',(-5.916061952811,-11.36496166991));
#803 = CARTESIAN_POINT('',(-5.989482379216,-11.36496166991));
#804 = CARTESIAN_POINT('',(-6.062902805644,-11.36496166991));
#805 = CARTESIAN_POINT('',(-6.136330269548,-11.36496166991));
#806 = CARTESIAN_POINT('',(-6.209765311916,-11.36496166991));
#807 = CARTESIAN_POINT('',(-6.28318530718,-11.36496166991));
#808 = ( GEOMETRIC_REPRESENTATION_CONTEXT(2) 
PARAMETRIC_REPRESENTATION_CONTEXT() REPRESENTATION_CONTEXT('2D SPACE',''
  ) );
#809 = PCURVE('',#638,#810);
#810 = DEFINITIONAL_REPRESENTATION('',(#811),#870);
#811 = B_SPLINE_CURVE_WITH_KNOTS('',8,(#812,#813,#814,#815,#816,#817,
    #818,#819,#820,#821,#822,#823,#824,#825,#826,#827,#828,#829,#830,
    #831,#832,#833,#834,#835,#836,#837,#838,#839,#840,#841,#842,#843,
    #844,#845,#846,#847,#848,#849,#850,#851,#852,#853,#854,#855,#856,
    #857,#858,#859,#860,#861,#862,#863,#864,#865,#866,#867,#868,#869),
  .UNSPECIFIED.,.F.,.F.,(9,7,7,7,7,7,7,7,9),(0.,0.124978637297,
    0.249938674447,0.3753385744,0.500028688981,0.625428537946,
    0.750388524289,0.875348510632,1.),.UNSPECIFIED.);
#812 = CARTESIAN_POINT('',(0.,0.765730039436));
#813 = CARTESIAN_POINT('',(7.361265630733E-02,0.765730039439));
#814 = CARTESIAN_POINT('',(0.147240594344,0.765730039428));
#815 = CARTESIAN_POINT('',(0.220860777739,0.765730039449));
#816 = CARTESIAN_POINT('',(0.294473902583,0.765730039424));
#817 = CARTESIAN_POINT('',(0.368087027444,0.765730039443));
#818 = CARTESIAN_POINT('',(0.441707210816,0.765730039435));
#819 = CARTESIAN_POINT('',(0.515335148853,0.765730039436));
#820 = CARTESIAN_POINT('',(0.662549505998,0.765730039436));
#821 = CARTESIAN_POINT('',(0.73616647724,0.765730039436));
#822 = CARTESIAN_POINT('',(0.809775699832,0.765730039436));
#823 = CARTESIAN_POINT('',(0.883377868673,0.765730039436));
#824 = CARTESIAN_POINT('',(0.956980037541,0.765730039436));
#825 = CARTESIAN_POINT('',(1.030589260116,0.765730039436));
#826 = CARTESIAN_POINT('',(1.104206231365,0.765730039436));
#827 = CARTESIAN_POINT('',(1.251668713017,0.765730039436));
#828 = CARTESIAN_POINT('',(1.325545032708,0.765730039436));
#829 = CARTESIAN_POINT('',(1.399413461018,0.765730039436));
#830 = CARTESIAN_POINT('',(1.473274721239,0.765730039436));
#831 = CARTESIAN_POINT('',(1.547135981481,0.765730039436));
#832 = CARTESIAN_POINT('',(1.621004409778,0.765730039436));
#833 = CARTESIAN_POINT('',(1.694880729474,0.765730039436));
#834 = CARTESIAN_POINT('',(1.842184226216,0.765730039436));
#835 = CARTESIAN_POINT('',(1.915642037311,0.765730039436));
#836 = CARTESIAN_POINT('',(1.989092253111,0.765730039436));
#837 = CARTESIAN_POINT('',(2.062535410535,0.765730039436));
#838 = CARTESIAN_POINT('',(2.135978560001,0.765730039436));
#839 = CARTESIAN_POINT('',(2.209428754692,0.765730039436));
#840 = CARTESIAN_POINT('',(2.282886546517,0.765730039436));
#841 = CARTESIAN_POINT('',(2.430190073122,0.765730039436));
#842 = CARTESIAN_POINT('',(2.504066392814,0.765730039436));
#843 = CARTESIAN_POINT('',(2.577934821119,0.765730039436));
#844 = CARTESIAN_POINT('',(2.651796081348,0.765730039436));
#845 = CARTESIAN_POINT('',(2.725657341582,0.765730039436));
#846 = CARTESIAN_POINT('',(2.799525769884,0.765730039436));
#847 = CARTESIAN_POINT('',(2.873402089578,0.765730039436));
#848 = CARTESIAN_POINT('',(3.020864571231,0.765730039436));
#849 = CARTESIAN_POINT('',(3.094481542478,0.765730039436));
#850 = CARTESIAN_POINT('',(3.168090765055,0.765730039436));
#851 = CARTESIAN_POINT('',(3.241692933919,0.765730039436));
#852 = CARTESIAN_POINT('',(3.315295102765,0.765730039436));
#853 = CARTESIAN_POINT('',(3.388904325353,0.765730039436));
#854 = CARTESIAN_POINT('',(3.462521296597,0.765730039436));
#855 = CARTESIAN_POINT('',(3.60972469822,0.765730039436));
#856 = CARTESIAN_POINT('',(3.683341669462,0.765730039436));
#857 = CARTESIAN_POINT('',(3.756950892054,0.765730039436));
#858 = CARTESIAN_POINT('',(3.830553060897,0.765730039436));
#859 = CARTESIAN_POINT('',(3.904155229762,0.765730039436));
#860 = CARTESIAN_POINT('',(3.977764452339,0.765730039436));
#861 = CARTESIAN_POINT('',(4.051381423586,0.765730039436));
#862 = CARTESIAN_POINT('',(4.198403119826,0.765730039436));
#863 = CARTESIAN_POINT('',(4.271838162169,0.765730039436));
#864 = CARTESIAN_POINT('',(4.345265626016,0.765730039436));
#865 = CARTESIAN_POINT('',(4.418686052421,0.765730039436));
#866 = CARTESIAN_POINT('',(4.49210647885,0.765730039436));
#867 = CARTESIAN_POINT('',(4.565533942753,0.765730039436));
#868 = CARTESIAN_POINT('',(4.638968985121,0.765730039436));
#869 = CARTESIAN_POINT('',(4.712388980385,0.765730039436));
#870 = ( GEOMETRIC_REPRESENTATION_CONTEXT(2) 
PARAMETRIC_REPRESENTATION_CONTEXT() REPRESENTATION_CONTEXT('2D SPACE',''
  ) );
#871 = ADVANCED_FACE('',(#872),#379,.F.);
#872 = FACE_BOUND('',#873,.F.);
#873 = EDGE_LOOP('',(#874,#875,#876,#900,#922));
#874 = ORIENTED_EDGE('',*,*,#404,.F.);
#875 = ORIENTED_EDGE('',*,*,#337,.F.);
#876 = ORIENTED_EDGE('',*,*,#877,.T.);
#877 = EDGE_CURVE('',#338,#878,#880,.T.);
#878 = VERTEX_POINT('',#879);
#879 = CARTESIAN_POINT('',(8.,6.822556303922E-15,27.8552));
#880 = SEAM_CURVE('',#881,(#886,#893),.PCURVE_S1.);
#881 = CIRCLE('',#882,4.8552);
#882 = AXIS2_PLACEMENT_3D('',#883,#884,#885);
#883 = CARTESIAN_POINT('',(8.,5.633375276078E-15,23.));
#884 = DIRECTION('',(0.,1.,-2.449293598295E-16));
#885 = DIRECTION('',(0.,2.449293598295E-16,1.));
#886 = PCURVE('',#379,#887);
#887 = DEFINITIONAL_REPRESENTATION('',(#888),#892);
#888 = LINE('',#889,#890);
#889 = CARTESIAN_POINT('',(6.28318530718,-0.));
#890 = VECTOR('',#891,1.);
#891 = DIRECTION('',(0.,1.));
#892 = ( GEOMETRIC_REPRESENTATION_CONTEXT(2) 
PARAMETRIC_REPRESENTATION_CONTEXT() REPRESENTATION_CONTEXT('2D SPACE',''
  ) );
#893 = PCURVE('',#379,#894);
#894 = DEFINITIONAL_REPRESENTATION('',(#895),#899);
#895 = LINE('',#896,#897);
#896 = CARTESIAN_POINT('',(0.,-0.));
#897 = VECTOR('',#898,1.);
#898 = DIRECTION('',(0.,1.));
#899 = ( GEOMETRIC_REPRESENTATION_CONTEXT(2) 
PARAMETRIC_REPRESENTATION_CONTEXT() REPRESENTATION_CONTEXT('2D SPACE',''
  ) );
#900 = ORIENTED_EDGE('',*,*,#901,.F.);
#901 = EDGE_CURVE('',#878,#878,#902,.T.);
#902 = SURFACE_CURVE('',#903,(#908,#915),.PCURVE_S1.);
#903 = CIRCLE('',#904,27.8552);
#904 = AXIS2_PLACEMENT_3D('',#905,#906,#907);
#905 = CARTESIAN_POINT('',(8.,0.,0.));
#906 = DIRECTION('',(1.,0.,0.));
#907 = DIRECTION('',(-0.,0.,1.));
#908 = PCURVE('',#379,#909);
#909 = DEFINITIONAL_REPRESENTATION('',(#910),#914);
#910 = LINE('',#911,#912);
#911 = CARTESIAN_POINT('',(0.,6.28318530718));
#912 = VECTOR('',#913,1.);
#913 = DIRECTION('',(1.,0.));
#914 = ( GEOMETRIC_REPRESENTATION_CONTEXT(2) 
PARAMETRIC_REPRESENTATION_CONTEXT() REPRESENTATION_CONTEXT('2D SPACE',''
  ) );
#915 = PCURVE('',#638,#916);
#916 = DEFINITIONAL_REPRESENTATION('',(#917),#921);
#917 = LINE('',#918,#919);
#918 = CARTESIAN_POINT('',(0.,0.));
#919 = VECTOR('',#920,1.);
#920 = DIRECTION('',(1.,0.));
#921 = ( GEOMETRIC_REPRESENTATION_CONTEXT(2) 
PARAMETRIC_REPRESENTATION_CONTEXT() REPRESENTATION_CONTEXT('2D SPACE',''
  ) );
#922 = ORIENTED_EDGE('',*,*,#877,.F.);
#923 = ADVANCED_FACE('',(#924),#638,.F.);
#924 = FACE_BOUND('',#925,.F.);
#925 = EDGE_LOOP('',(#926,#927,#928,#950,#951));
#926 = ORIENTED_EDGE('',*,*,#594,.F.);
#927 = ORIENTED_EDGE('',*,*,#686,.F.);
#928 = ORIENTED_EDGE('',*,*,#929,.F.);
#929 = EDGE_CURVE('',#878,#597,#930,.T.);
#930 = SEAM_CURVE('',#931,(#936,#943),.PCURVE_S1.);
#931 = CIRCLE('',#932,4.8552);
#932 = AXIS2_PLACEMENT_3D('',#933,#934,#935);
#933 = CARTESIAN_POINT('',(8.,5.633375276078E-15,23.));
#934 = DIRECTION('',(0.,1.,-2.449293598295E-16));
#935 = DIRECTION('',(0.,2.449293598295E-16,1.));
#936 = PCURVE('',#638,#937);
#937 = DEFINITIONAL_REPRESENTATION('',(#938),#942);
#938 = LINE('',#939,#940);
#939 = CARTESIAN_POINT('',(0.,-0.));
#940 = VECTOR('',#941,1.);
#941 = DIRECTION('',(0.,1.));
#942 = ( GEOMETRIC_REPRESENTATION_CONTEXT(2) 
PARAMETRIC_REPRESENTATION_CONTEXT() REPRESENTATION_CONTEXT('2D SPACE',''
  ) );
#943 = PCURVE('',#638,#944);
#944 = DEFINITIONAL_REPRESENTATION('',(#945),#949);
#945 = LINE('',#946,#947);
#946 = CARTESIAN_POINT('',(6.28318530718,-0.));
#947 = VECTOR('',#948,1.);
#948 = DIRECTION('',(0.,1.));
#949 = ( GEOMETRIC_REPRESENTATION_CONTEXT(2) 
PARAMETRIC_REPRESENTATION_CONTEXT() REPRESENTATION_CONTEXT('2D SPACE',''
  ) );
#950 = ORIENTED_EDGE('',*,*,#901,.T.);
#951 = ORIENTED_EDGE('',*,*,#929,.T.);
#952 = ( GEOMETRIC_REPRESENTATION_CONTEXT(3) 
GLOBAL_UNCERTAINTY_ASSIGNED_CONTEXT((#956)) GLOBAL_UNIT_ASSIGNED_CONTEXT
((#953,#954,#955)) REPRESENTATION_CONTEXT('Context #1',
  '3D Context with UNIT and UNCERTAINTY') );
#953 = ( LENGTH_UNIT() NAMED_UNIT(*) SI_UNIT(.MILLI.,.METRE.) );
#954 = ( NAMED_UNIT(*) PLANE_ANGLE_UNIT() SI_UNIT($,.RADIAN.) );
#955 = ( NAMED_UNIT(*) SI_UNIT($,.STERADIAN.) SOLID_ANGLE_UNIT() );
#956 = UNCERTAINTY_MEASURE_WITH_UNIT(LENGTH_MEASURE(1.E-07),#953,
  'distance_accuracy_value','confusion accuracy');
#957 = CONTEXT_DEPENDENT_SHAPE_REPRESENTATION(#958,#960);
#958 = ( REPRESENTATION_RELATIONSHIP('','',#40,#10) 
REPRESENTATION_RELATIONSHIP_WITH_TRANSFORMATION(#959) 
SHAPE_REPRESENTATION_RELATIONSHIP() );
#959 = ITEM_DEFINED_TRANSFORMATION('','',#11,#15);
#960 = PRODUCT_DEFINITION_SHAPE('Placement','Placement of an item',#961
  );
#961 = NEXT_ASSEMBLY_USAGE_OCCURRENCE('28','','',#5,#35,$);
#962 = PRODUCT_RELATED_PRODUCT_CATEGORY('part',$,(#37));
#963 = SHAPE_DEFINITION_REPRESENTATION(#964,#970);
#964 = PRODUCT_DEFINITION_SHAPE('','',#965);
#965 = PRODUCT_DEFINITION('design','',#966,#969);
#966 = PRODUCT_DEFINITION_FORMATION('','',#967);
#967 = PRODUCT('Open CASCADE STEP translator 7.9 11.2',
  'Open CASCADE STEP translator 7.9 11.2','',(#968));
#968 = PRODUCT_CONTEXT('',#2,'mechanical');
#969 = PRODUCT_DEFINITION_CONTEXT('part definition',#2,'design');
#970 = ADVANCED_BREP_SHAPE_REPRESENTATION('',(#11,#971),#1422);
#971 = MANIFOLD_SOLID_BREP('',#972);
#972 = CLOSED_SHELL('',(#973,#1061,#1115,#1169,#1204,#1239,#1318,#1392)
  );
#973 = ADVANCED_FACE('',(#974),#988,.F.);
#974 = FACE_BOUND('',#975,.T.);
#975 = EDGE_LOOP('',(#976,#1006,#1033,#1034));
#976 = ORIENTED_EDGE('',*,*,#977,.T.);
#977 = EDGE_CURVE('',#978,#980,#982,.T.);
#978 = VERTEX_POINT('',#979);
#979 = CARTESIAN_POINT('',(0.8,15.,3.643808901334E-16));
#980 = VERTEX_POINT('',#981);
#981 = CARTESIAN_POINT('',(15.2,15.,3.643808901334E-16));
#982 = SEAM_CURVE('',#983,(#987,#999),.PCURVE_S1.);
#983 = LINE('',#984,#985);
#984 = CARTESIAN_POINT('',(0.,15.,3.643808901334E-16));
#985 = VECTOR('',#986,1.);
#986 = DIRECTION('',(1.,0.,0.));
#987 = PCURVE('',#988,#993);
#988 = CYLINDRICAL_SURFACE('',#989,15.);
#989 = AXIS2_PLACEMENT_3D('',#990,#991,#992);
#990 = CARTESIAN_POINT('',(0.,9.328150787415E-14,3.643808901334E-16));
#991 = DIRECTION('',(-1.,-0.,-0.));
#992 = DIRECTION('',(0.,1.,0.));
#993 = DEFINITIONAL_REPRESENTATION('',(#994),#998);
#994 = LINE('',#995,#996);
#995 = CARTESIAN_POINT('',(-0.,0.));
#996 = VECTOR('',#997,1.);
#997 = DIRECTION('',(-0.,-1.));
#998 = ( GEOMETRIC_REPRESENTATION_CONTEXT(2) 
PARAMETRIC_REPRESENTATION_CONTEXT() REPRESENTATION_CONTEXT('2D SPACE',''
  ) );
#999 = PCURVE('',#988,#1000);
#1000 = DEFINITIONAL_REPRESENTATION('',(#1001),#1005);
#1001 = LINE('',#1002,#1003);
#1002 = CARTESIAN_POINT('',(-6.28318530718,0.));
#1003 = VECTOR('',#1004,1.);
#1004 = DIRECTION('',(-0.,-1.));
#1005 = ( GEOMETRIC_REPRESENTATION_CONTEXT(2) 
PARAMETRIC_REPRESENTATION_CONTEXT() REPRESENTATION_CONTEXT('2D SPACE',''
  ) );
#1006 = ORIENTED_EDGE('',*,*,#1007,.T.);
#1007 = EDGE_CURVE('',#980,#980,#1008,.T.);
#1008 = SURFACE_CURVE('',#1009,(#1014,#1021),.PCURVE_S1.);
#1009 = CIRCLE('',#1010,15.);
#1010 = AXIS2_PLACEMENT_3D('',#1011,#1012,#1013);
#1011 = CARTESIAN_POINT('',(15.2,9.328150787415E-14,3.643808901334E-16)
  );
#1012 = DIRECTION('',(1.,0.,0.));
#1013 = DIRECTION('',(-0.,1.,0.));
#1014 = PCURVE('',#988,#1015);
#1015 = DEFINITIONAL_REPRESENTATION('',(#1016),#1020);
#1016 = LINE('',#1017,#1018);
#1017 = CARTESIAN_POINT('',(-0.,-15.2));
#1018 = VECTOR('',#1019,1.);
#1019 = DIRECTION('',(-1.,0.));
#1020 = ( GEOMETRIC_REPRESENTATION_CONTEXT(2) 
PARAMETRIC_REPRESENTATION_CONTEXT() REPRESENTATION_CONTEXT('2D SPACE',''
  ) );
#1021 = PCURVE('',#1022,#1027);
#1022 = TOROIDAL_SURFACE('',#1023,15.8,0.8);
#1023 = AXIS2_PLACEMENT_3D('',#1024,#1025,#1026);
#1024 = CARTESIAN_POINT('',(15.2,9.328150787415E-14,3.643808901334E-16)
  );
#1025 = DIRECTION('',(-1.,-0.,-0.));
#1026 = DIRECTION('',(0.,1.,0.));
#1027 = DEFINITIONAL_REPRESENTATION('',(#1028),#1032);
#1028 = LINE('',#1029,#1030);
#1029 = CARTESIAN_POINT('',(-0.,3.14159265359));
#1030 = VECTOR('',#1031,1.);
#1031 = DIRECTION('',(-1.,0.));
#1032 = ( GEOMETRIC_REPRESENTATION_CONTEXT(2) 
PARAMETRIC_REPRESENTATION_CONTEXT() REPRESENTATION_CONTEXT('2D SPACE',''
  ) );
#1033 = ORIENTED_EDGE('',*,*,#977,.F.);
#1034 = ORIENTED_EDGE('',*,*,#1035,.F.);
#1035 = EDGE_CURVE('',#978,#978,#1036,.T.);
#1036 = SURFACE_CURVE('',#1037,(#1042,#1049),.PCURVE_S1.);
#1037 = CIRCLE('',#1038,15.);
#1038 = AXIS2_PLACEMENT_3D('',#1039,#1040,#1041);
#1039 = CARTESIAN_POINT('',(0.8,9.328150787415E-14,3.643808901334E-16));
#1040 = DIRECTION('',(1.,0.,0.));
#1041 = DIRECTION('',(-0.,1.,0.));
#1042 = PCURVE('',#988,#1043);
#1043 = DEFINITIONAL_REPRESENTATION('',(#1044),#1048);
#1044 = LINE('',#1045,#1046);
#1045 = CARTESIAN_POINT('',(-0.,-0.8));
#1046 = VECTOR('',#1047,1.);
#1047 = DIRECTION('',(-1.,0.));
#1048 = ( GEOMETRIC_REPRESENTATION_CONTEXT(2) 
PARAMETRIC_REPRESENTATION_CONTEXT() REPRESENTATION_CONTEXT('2D SPACE',''
  ) );
#1049 = PCURVE('',#1050,#1055);
#1050 = TOROIDAL_SURFACE('',#1051,15.8,0.8);
#1051 = AXIS2_PLACEMENT_3D('',#1052,#1053,#1054);
#1052 = CARTESIAN_POINT('',(0.8,9.328150787415E-14,3.643808901334E-16));
#1053 = DIRECTION('',(1.,0.,0.));
#1054 = DIRECTION('',(-0.,1.,0.));
#1055 = DEFINITIONAL_REPRESENTATION('',(#1056),#1060);
#1056 = LINE('',#1057,#1058);
#1057 = CARTESIAN_POINT('',(0.,3.14159265359));
#1058 = VECTOR('',#1059,1.);
#1059 = DIRECTION('',(1.,0.));
#1060 = ( GEOMETRIC_REPRESENTATION_CONTEXT(2) 
PARAMETRIC_REPRESENTATION_CONTEXT() REPRESENTATION_CONTEXT('2D SPACE',''
  ) );
#1061 = ADVANCED_FACE('',(#1062),#1050,.T.);
#1062 = FACE_BOUND('',#1063,.T.);
#1063 = EDGE_LOOP('',(#1064,#1086,#1087,#1088));
#1064 = ORIENTED_EDGE('',*,*,#1065,.F.);
#1065 = EDGE_CURVE('',#978,#1066,#1068,.T.);
#1066 = VERTEX_POINT('',#1067);
#1067 = CARTESIAN_POINT('',(0.,15.8,3.643808901334E-16));
#1068 = SEAM_CURVE('',#1069,(#1074,#1080),.PCURVE_S1.);
#1069 = CIRCLE('',#1070,0.8);
#1070 = AXIS2_PLACEMENT_3D('',#1071,#1072,#1073);
#1071 = CARTESIAN_POINT('',(0.8,15.8,3.643808901334E-16));
#1072 = DIRECTION('',(0.,0.,-1.));
#1073 = DIRECTION('',(0.,1.,0.));
#1074 = PCURVE('',#1050,#1075);
#1075 = DEFINITIONAL_REPRESENTATION('',(#1076),#1079);
#1076 = B_SPLINE_CURVE_WITH_KNOTS('',1,(#1077,#1078),.UNSPECIFIED.,.F.,
  .F.,(2,2),(3.14159265359,4.712388980385),.PIECEWISE_BEZIER_KNOTS.);
#1077 = CARTESIAN_POINT('',(0.,3.14159265359));
#1078 = CARTESIAN_POINT('',(0.,4.712388980385));
#1079 = ( GEOMETRIC_REPRESENTATION_CONTEXT(2) 
PARAMETRIC_REPRESENTATION_CONTEXT() REPRESENTATION_CONTEXT('2D SPACE',''
  ) );
#1080 = PCURVE('',#1050,#1081);
#1081 = DEFINITIONAL_REPRESENTATION('',(#1082),#1085);
#1082 = B_SPLINE_CURVE_WITH_KNOTS('',1,(#1083,#1084),.UNSPECIFIED.,.F.,
  .F.,(2,2),(3.14159265359,4.712388980385),.PIECEWISE_BEZIER_KNOTS.);
#1083 = CARTESIAN_POINT('',(6.28318530718,3.14159265359));
#1084 = CARTESIAN_POINT('',(6.28318530718,4.712388980385));
#1085 = ( GEOMETRIC_REPRESENTATION_CONTEXT(2) 
PARAMETRIC_REPRESENTATION_CONTEXT() REPRESENTATION_CONTEXT('2D SPACE',''
  ) );
#1086 = ORIENTED_EDGE('',*,*,#1035,.T.);
#1087 = ORIENTED_EDGE('',*,*,#1065,.T.);
#1088 = ORIENTED_EDGE('',*,*,#1089,.F.);
#1089 = EDGE_CURVE('',#1066,#1066,#1090,.T.);
#1090 = SURFACE_CURVE('',#1091,(#1096,#1103),.PCURVE_S1.);
#1091 = CIRCLE('',#1092,15.8);
#1092 = AXIS2_PLACEMENT_3D('',#1093,#1094,#1095);
#1093 = CARTESIAN_POINT('',(0.,9.328150787415E-14,3.643808901334E-16));
#1094 = DIRECTION('',(1.,0.,0.));
#1095 = DIRECTION('',(-0.,1.,0.));
#1096 = PCURVE('',#1050,#1097);
#1097 = DEFINITIONAL_REPRESENTATION('',(#1098),#1102);
#1098 = LINE('',#1099,#1100);
#1099 = CARTESIAN_POINT('',(0.,4.712388980385));
#1100 = VECTOR('',#1101,1.);
#1101 = DIRECTION('',(1.,0.));
#1102 = ( GEOMETRIC_REPRESENTATION_CONTEXT(2) 
PARAMETRIC_REPRESENTATION_CONTEXT() REPRESENTATION_CONTEXT('2D SPACE',''
  ) );
#1103 = PCURVE('',#1104,#1109);
#1104 = PLANE('',#1105);
#1105 = AXIS2_PLACEMENT_3D('',#1106,#1107,#1108);
#1106 = CARTESIAN_POINT('',(0.,-2.805005400081E-15,3.259817405866E-16));
#1107 = DIRECTION('',(1.,0.,0.));
#1108 = DIRECTION('',(-0.,0.,1.));
#1109 = DEFINITIONAL_REPRESENTATION('',(#1110),#1114);
#1110 = CIRCLE('',#1111,15.8);
#1111 = AXIS2_PLACEMENT_2D('',#1112,#1113);
#1112 = CARTESIAN_POINT('',(3.839914954682E-17,-9.608651327423E-14));
#1113 = DIRECTION('',(0.,-1.));
#1114 = ( GEOMETRIC_REPRESENTATION_CONTEXT(2) 
PARAMETRIC_REPRESENTATION_CONTEXT() REPRESENTATION_CONTEXT('2D SPACE',''
  ) );
#1115 = ADVANCED_FACE('',(#1116),#1022,.T.);
#1116 = FACE_BOUND('',#1117,.F.);
#1117 = EDGE_LOOP('',(#1118,#1140,#1141,#1142));
#1118 = ORIENTED_EDGE('',*,*,#1119,.F.);
#1119 = EDGE_CURVE('',#980,#1120,#1122,.T.);
#1120 = VERTEX_POINT('',#1121);
#1121 = CARTESIAN_POINT('',(16.,15.8,3.643808901334E-16));
#1122 = SEAM_CURVE('',#1123,(#1128,#1134),.PCURVE_S1.);
#1123 = CIRCLE('',#1124,0.8);
#1124 = AXIS2_PLACEMENT_3D('',#1125,#1126,#1127);
#1125 = CARTESIAN_POINT('',(15.2,15.8,3.643808901334E-16));
#1126 = DIRECTION('',(0.,-0.,1.));
#1127 = DIRECTION('',(0.,1.,0.));
#1128 = PCURVE('',#1022,#1129);
#1129 = DEFINITIONAL_REPRESENTATION('',(#1130),#1133);
#1130 = B_SPLINE_CURVE_WITH_KNOTS('',1,(#1131,#1132),.UNSPECIFIED.,.F.,
  .F.,(2,2),(3.14159265359,4.712388980385),.PIECEWISE_BEZIER_KNOTS.);
#1131 = CARTESIAN_POINT('',(0.,3.14159265359));
#1132 = CARTESIAN_POINT('',(0.,4.712388980385));
#1133 = ( GEOMETRIC_REPRESENTATION_CONTEXT(2) 
PARAMETRIC_REPRESENTATION_CONTEXT() REPRESENTATION_CONTEXT('2D SPACE',''
  ) );
#1134 = PCURVE('',#1022,#1135);
#1135 = DEFINITIONAL_REPRESENTATION('',(#1136),#1139);
#1136 = B_SPLINE_CURVE_WITH_KNOTS('',1,(#1137,#1138),.UNSPECIFIED.,.F.,
  .F.,(2,2),(3.14159265359,4.712388980385),.PIECEWISE_BEZIER_KNOTS.);
#1137 = CARTESIAN_POINT('',(-6.28318530718,3.14159265359));
#1138 = CARTESIAN_POINT('',(-6.28318530718,4.712388980385));
#1139 = ( GEOMETRIC_REPRESENTATION_CONTEXT(2) 
PARAMETRIC_REPRESENTATION_CONTEXT() REPRESENTATION_CONTEXT('2D SPACE',''
  ) );
#1140 = ORIENTED_EDGE('',*,*,#1007,.F.);
#1141 = ORIENTED_EDGE('',*,*,#1119,.T.);
#1142 = ORIENTED_EDGE('',*,*,#1143,.T.);
#1143 = EDGE_CURVE('',#1120,#1120,#1144,.T.);
#1144 = SURFACE_CURVE('',#1145,(#1150,#1157),.PCURVE_S1.);
#1145 = CIRCLE('',#1146,15.8);
#1146 = AXIS2_PLACEMENT_3D('',#1147,#1148,#1149);
#1147 = CARTESIAN_POINT('',(16.,9.328150787415E-14,3.643808901334E-16));
#1148 = DIRECTION('',(1.,0.,0.));
#1149 = DIRECTION('',(-0.,1.,0.));
#1150 = PCURVE('',#1022,#1151);
#1151 = DEFINITIONAL_REPRESENTATION('',(#1152),#1156);
#1152 = LINE('',#1153,#1154);
#1153 = CARTESIAN_POINT('',(-0.,4.712388980385));
#1154 = VECTOR('',#1155,1.);
#1155 = DIRECTION('',(-1.,0.));
#1156 = ( GEOMETRIC_REPRESENTATION_CONTEXT(2) 
PARAMETRIC_REPRESENTATION_CONTEXT() REPRESENTATION_CONTEXT('2D SPACE',''
  ) );
#1157 = PCURVE('',#1158,#1163);
#1158 = PLANE('',#1159);
#1159 = AXIS2_PLACEMENT_3D('',#1160,#1161,#1162);
#1160 = CARTESIAN_POINT('',(16.,-2.805005400081E-15,3.259817405866E-16)
  );
#1161 = DIRECTION('',(1.,0.,0.));
#1162 = DIRECTION('',(-0.,0.,1.));
#1163 = DEFINITIONAL_REPRESENTATION('',(#1164),#1168);
#1164 = CIRCLE('',#1165,15.8);
#1165 = AXIS2_PLACEMENT_2D('',#1166,#1167);
#1166 = CARTESIAN_POINT('',(3.839914954682E-17,-9.608651327423E-14));
#1167 = DIRECTION('',(0.,-1.));
#1168 = ( GEOMETRIC_REPRESENTATION_CONTEXT(2) 
PARAMETRIC_REPRESENTATION_CONTEXT() REPRESENTATION_CONTEXT('2D SPACE',''
  ) );
#1169 = ADVANCED_FACE('',(#1170,#1173),#1104,.F.);
#1170 = FACE_BOUND('',#1171,.F.);
#1171 = EDGE_LOOP('',(#1172));
#1172 = ORIENTED_EDGE('',*,*,#1089,.F.);
#1173 = FACE_BOUND('',#1174,.F.);
#1174 = EDGE_LOOP('',(#1175));
#1175 = ORIENTED_EDGE('',*,*,#1176,.T.);
#1176 = EDGE_CURVE('',#1177,#1177,#1179,.T.);
#1177 = VERTEX_POINT('',#1178);
#1178 = CARTESIAN_POINT('',(0.,19.5,0.));
#1179 = SURFACE_CURVE('',#1180,(#1185,#1192),.PCURVE_S1.);
#1180 = CIRCLE('',#1181,19.5);
#1181 = AXIS2_PLACEMENT_3D('',#1182,#1183,#1184);
#1182 = CARTESIAN_POINT('',(0.,0.,0.));
#1183 = DIRECTION('',(1.,0.,0.));
#1184 = DIRECTION('',(0.,1.,0.));
#1185 = PCURVE('',#1104,#1186);
#1186 = DEFINITIONAL_REPRESENTATION('',(#1187),#1191);
#1187 = CIRCLE('',#1188,19.5);
#1188 = AXIS2_PLACEMENT_2D('',#1189,#1190);
#1189 = CARTESIAN_POINT('',(-3.259817405866E-16,-2.805005400081E-15));
#1190 = DIRECTION('',(0.,-1.));
#1191 = ( GEOMETRIC_REPRESENTATION_CONTEXT(2) 
PARAMETRIC_REPRESENTATION_CONTEXT() REPRESENTATION_CONTEXT('2D SPACE',''
  ) );
#1192 = PCURVE('',#1193,#1198);
#1193 = CYLINDRICAL_SURFACE('',#1194,19.5);
#1194 = AXIS2_PLACEMENT_3D('',#1195,#1196,#1197);
#1195 = CARTESIAN_POINT('',(0.,0.,0.));
#1196 = DIRECTION('',(-1.,-0.,-0.));
#1197 = DIRECTION('',(0.,1.,0.));
#1198 = DEFINITIONAL_REPRESENTATION('',(#1199),#1203);
#1199 = LINE('',#1200,#1201);
#1200 = CARTESIAN_POINT('',(-0.,0.));
#1201 = VECTOR('',#1202,1.);
#1202 = DIRECTION('',(-1.,0.));
#1203 = ( GEOMETRIC_REPRESENTATION_CONTEXT(2) 
PARAMETRIC_REPRESENTATION_CONTEXT() REPRESENTATION_CONTEXT('2D SPACE',''
  ) );
#1204 = ADVANCED_FACE('',(#1205,#1208),#1158,.T.);
#1205 = FACE_BOUND('',#1206,.T.);
#1206 = EDGE_LOOP('',(#1207));
#1207 = ORIENTED_EDGE('',*,*,#1143,.F.);
#1208 = FACE_BOUND('',#1209,.T.);
#1209 = EDGE_LOOP('',(#1210));
#1210 = ORIENTED_EDGE('',*,*,#1211,.T.);
#1211 = EDGE_CURVE('',#1212,#1212,#1214,.T.);
#1212 = VERTEX_POINT('',#1213);
#1213 = CARTESIAN_POINT('',(16.,19.5,0.));
#1214 = SURFACE_CURVE('',#1215,(#1220,#1227),.PCURVE_S1.);
#1215 = CIRCLE('',#1216,19.5);
#1216 = AXIS2_PLACEMENT_3D('',#1217,#1218,#1219);
#1217 = CARTESIAN_POINT('',(16.,0.,0.));
#1218 = DIRECTION('',(1.,0.,0.));
#1219 = DIRECTION('',(0.,1.,0.));
#1220 = PCURVE('',#1158,#1221);
#1221 = DEFINITIONAL_REPRESENTATION('',(#1222),#1226);
#1222 = CIRCLE('',#1223,19.5);
#1223 = AXIS2_PLACEMENT_2D('',#1224,#1225);
#1224 = CARTESIAN_POINT('',(-3.259817405866E-16,-2.805005400081E-15));
#1225 = DIRECTION('',(0.,-1.));
#1226 = ( GEOMETRIC_REPRESENTATION_CONTEXT(2) 
PARAMETRIC_REPRESENTATION_CONTEXT() REPRESENTATION_CONTEXT('2D SPACE',''
  ) );
#1227 = PCURVE('',#1228,#1233);
#1228 = CYLINDRICAL_SURFACE('',#1229,19.5);
#1229 = AXIS2_PLACEMENT_3D('',#1230,#1231,#1232);
#1230 = CARTESIAN_POINT('',(0.,0.,0.));
#1231 = DIRECTION('',(-1.,-0.,-0.));
#1232 = DIRECTION('',(0.,1.,0.));
#1233 = DEFINITIONAL_REPRESENTATION('',(#1234),#1238);
#1234 = LINE('',#1235,#1236);
#1235 = CARTESIAN_POINT('',(-0.,-16.));
#1236 = VECTOR('',#1237,1.);
#1237 = DIRECTION('',(-1.,0.));
#1238 = ( GEOMETRIC_REPRESENTATION_CONTEXT(2) 
PARAMETRIC_REPRESENTATION_CONTEXT() REPRESENTATION_CONTEXT('2D SPACE',''
  ) );
#1239 = ADVANCED_FACE('',(#1240),#1193,.T.);
#1240 = FACE_BOUND('',#1241,.F.);
#1241 = EDGE_LOOP('',(#1242,#1243,#1266,#1295,#1317));
#1242 = ORIENTED_EDGE('',*,*,#1176,.F.);
#1243 = ORIENTED_EDGE('',*,*,#1244,.T.);
#1244 = EDGE_CURVE('',#1177,#1245,#1247,.T.);
#1245 = VERTEX_POINT('',#1246);
#1246 = CARTESIAN_POINT('',(4.635038330085,19.5,0.));
#1247 = SEAM_CURVE('',#1248,(#1252,#1259),.PCURVE_S1.);
#1248 = LINE('',#1249,#1250);
#1249 = CARTESIAN_POINT('',(0.,19.5,0.));
#1250 = VECTOR('',#1251,1.);
#1251 = DIRECTION('',(1.,0.,0.));
#1252 = PCURVE('',#1193,#1253);
#1253 = DEFINITIONAL_REPRESENTATION('',(#1254),#1258);
#1254 = LINE('',#1255,#1256);
#1255 = CARTESIAN_POINT('',(-6.28318530718,0.));
#1256 = VECTOR('',#1257,1.);
#1257 = DIRECTION('',(-0.,-1.));
#1258 = ( GEOMETRIC_REPRESENTATION_CONTEXT(2) 
PARAMETRIC_REPRESENTATION_CONTEXT() REPRESENTATION_CONTEXT('2D SPACE',''
  ) );
#1259 = PCURVE('',#1193,#1260);
#1260 = DEFINITIONAL_REPRESENTATION('',(#1261),#1265);
#1261 = LINE('',#1262,#1263);
#1262 = CARTESIAN_POINT('',(-0.,0.));
#1263 = VECTOR('',#1264,1.);
#1264 = DIRECTION('',(-0.,-1.));
#1265 = ( GEOMETRIC_REPRESENTATION_CONTEXT(2) 
PARAMETRIC_REPRESENTATION_CONTEXT() REPRESENTATION_CONTEXT('2D SPACE',''
  ) );
#1266 = ORIENTED_EDGE('',*,*,#1267,.T.);
#1267 = EDGE_CURVE('',#1245,#1268,#1270,.T.);
#1268 = VERTEX_POINT('',#1269);
#1269 = CARTESIAN_POINT('',(4.635038330085,4.776122516675E-15,19.5));
#1270 = SURFACE_CURVE('',#1271,(#1276,#1283),.PCURVE_S1.);
#1271 = CIRCLE('',#1272,19.5);
#1272 = AXIS2_PLACEMENT_3D('',#1273,#1274,#1275);
#1273 = CARTESIAN_POINT('',(4.635038330085,0.,0.));
#1274 = DIRECTION('',(1.,0.,0.));
#1275 = DIRECTION('',(-0.,0.,1.));
#1276 = PCURVE('',#1193,#1277);
#1277 = DEFINITIONAL_REPRESENTATION('',(#1278),#1282);
#1278 = LINE('',#1279,#1280);
#1279 = CARTESIAN_POINT('',(4.712388980385,-4.635038330085));
#1280 = VECTOR('',#1281,1.);
#1281 = DIRECTION('',(-1.,0.));
#1282 = ( GEOMETRIC_REPRESENTATION_CONTEXT(2) 
PARAMETRIC_REPRESENTATION_CONTEXT() REPRESENTATION_CONTEXT('2D SPACE',''
  ) );
#1283 = PCURVE('',#1284,#1289);
#1284 = TOROIDAL_SURFACE('',#1285,23.,4.8552);
#1285 = AXIS2_PLACEMENT_3D('',#1286,#1287,#1288);
#1286 = CARTESIAN_POINT('',(8.,0.,0.));
#1287 = DIRECTION('',(1.,0.,0.));
#1288 = DIRECTION('',(-0.,0.,1.));
#1289 = DEFINITIONAL_REPRESENTATION('',(#1290),#1294);
#1290 = LINE('',#1291,#1292);
#1291 = CARTESIAN_POINT('',(0.,3.907322693026));
#1292 = VECTOR('',#1293,1.);
#1293 = DIRECTION('',(1.,0.));
#1294 = ( GEOMETRIC_REPRESENTATION_CONTEXT(2) 
PARAMETRIC_REPRESENTATION_CONTEXT() REPRESENTATION_CONTEXT('2D SPACE',''
  ) );
#1295 = ORIENTED_EDGE('',*,*,#1296,.T.);
#1296 = EDGE_CURVE('',#1268,#1245,#1297,.T.);
#1297 = SURFACE_CURVE('',#1298,(#1303,#1310),.PCURVE_S1.);
#1298 = CIRCLE('',#1299,19.5);
#1299 = AXIS2_PLACEMENT_3D('',#1300,#1301,#1302);
#1300 = CARTESIAN_POINT('',(4.635038330085,0.,0.));
#1301 = DIRECTION('',(1.,0.,0.));
#1302 = DIRECTION('',(-0.,0.,1.));
#1303 = PCURVE('',#1193,#1304);
#1304 = DEFINITIONAL_REPRESENTATION('',(#1305),#1309);
#1305 = LINE('',#1306,#1307);
#1306 = CARTESIAN_POINT('',(-1.570796326795,-4.635038330085));
#1307 = VECTOR('',#1308,1.);
#1308 = DIRECTION('',(-1.,0.));
#1309 = ( GEOMETRIC_REPRESENTATION_CONTEXT(2) 
PARAMETRIC_REPRESENTATION_CONTEXT() REPRESENTATION_CONTEXT('2D SPACE',''
  ) );
#1310 = PCURVE('',#1284,#1311);
#1311 = DEFINITIONAL_REPRESENTATION('',(#1312),#1316);
#1312 = LINE('',#1313,#1314);
#1313 = CARTESIAN_POINT('',(0.,3.907322693026));
#1314 = VECTOR('',#1315,1.);
#1315 = DIRECTION('',(1.,0.));
#1316 = ( GEOMETRIC_REPRESENTATION_CONTEXT(2) 
PARAMETRIC_REPRESENTATION_CONTEXT() REPRESENTATION_CONTEXT('2D SPACE',''
  ) );
#1317 = ORIENTED_EDGE('',*,*,#1244,.F.);
#1318 = ADVANCED_FACE('',(#1319),#1228,.T.);
#1319 = FACE_BOUND('',#1320,.F.);
#1320 = EDGE_LOOP('',(#1321,#1347,#1368,#1369,#1370));
#1321 = ORIENTED_EDGE('',*,*,#1322,.F.);
#1322 = EDGE_CURVE('',#1323,#1325,#1327,.T.);
#1323 = VERTEX_POINT('',#1324);
#1324 = CARTESIAN_POINT('',(11.364961669915,19.5,0.));
#1325 = VERTEX_POINT('',#1326);
#1326 = CARTESIAN_POINT('',(11.364961669915,4.776122516675E-15,19.5));
#1327 = SURFACE_CURVE('',#1328,(#1333,#1340),.PCURVE_S1.);
#1328 = CIRCLE('',#1329,19.5);
#1329 = AXIS2_PLACEMENT_3D('',#1330,#1331,#1332);
#1330 = CARTESIAN_POINT('',(11.364961669915,0.,0.));
#1331 = DIRECTION('',(1.,0.,0.));
#1332 = DIRECTION('',(-0.,0.,1.));
#1333 = PCURVE('',#1228,#1334);
#1334 = DEFINITIONAL_REPRESENTATION('',(#1335),#1339);
#1335 = LINE('',#1336,#1337);
#1336 = CARTESIAN_POINT('',(4.712388980385,-11.36496166991));
#1337 = VECTOR('',#1338,1.);
#1338 = DIRECTION('',(-1.,0.));
#1339 = ( GEOMETRIC_REPRESENTATION_CONTEXT(2) 
PARAMETRIC_REPRESENTATION_CONTEXT() REPRESENTATION_CONTEXT('2D SPACE',''
  ) );
#1340 = PCURVE('',#1284,#1341);
#1341 = DEFINITIONAL_REPRESENTATION('',(#1342),#1346);
#1342 = LINE('',#1343,#1344);
#1343 = CARTESIAN_POINT('',(0.,2.375862614154));
#1344 = VECTOR('',#1345,1.);
#1345 = DIRECTION('',(1.,0.));
#1346 = ( GEOMETRIC_REPRESENTATION_CONTEXT(2) 
PARAMETRIC_REPRESENTATION_CONTEXT() REPRESENTATION_CONTEXT('2D SPACE',''
  ) );
#1347 = ORIENTED_EDGE('',*,*,#1348,.T.);
#1348 = EDGE_CURVE('',#1323,#1212,#1349,.T.);
#1349 = SEAM_CURVE('',#1350,(#1354,#1361),.PCURVE_S1.);
#1350 = LINE('',#1351,#1352);
#1351 = CARTESIAN_POINT('',(0.,19.5,0.));
#1352 = VECTOR('',#1353,1.);
#1353 = DIRECTION('',(1.,0.,0.));
#1354 = PCURVE('',#1228,#1355);
#1355 = DEFINITIONAL_REPRESENTATION('',(#1356),#1360);
#1356 = LINE('',#1357,#1358);
#1357 = CARTESIAN_POINT('',(-6.28318530718,0.));
#1358 = VECTOR('',#1359,1.);
#1359 = DIRECTION('',(-0.,-1.));
#1360 = ( GEOMETRIC_REPRESENTATION_CONTEXT(2) 
PARAMETRIC_REPRESENTATION_CONTEXT() REPRESENTATION_CONTEXT('2D SPACE',''
  ) );
#1361 = PCURVE('',#1228,#1362);
#1362 = DEFINITIONAL_REPRESENTATION('',(#1363),#1367);
#1363 = LINE('',#1364,#1365);
#1364 = CARTESIAN_POINT('',(-0.,0.));
#1365 = VECTOR('',#1366,1.);
#1366 = DIRECTION('',(-0.,-1.));
#1367 = ( GEOMETRIC_REPRESENTATION_CONTEXT(2) 
PARAMETRIC_REPRESENTATION_CONTEXT() REPRESENTATION_CONTEXT('2D SPACE',''
  ) );
#1368 = ORIENTED_EDGE('',*,*,#1211,.T.);
#1369 = ORIENTED_EDGE('',*,*,#1348,.F.);
#1370 = ORIENTED_EDGE('',*,*,#1371,.F.);
#1371 = EDGE_CURVE('',#1325,#1323,#1372,.T.);
#1372 = SURFACE_CURVE('',#1373,(#1378,#1385),.PCURVE_S1.);
#1373 = CIRCLE('',#1374,19.5);
#1374 = AXIS2_PLACEMENT_3D('',#1375,#1376,#1377);
#1375 = CARTESIAN_POINT('',(11.364961669915,0.,0.));
#1376 = DIRECTION('',(1.,0.,0.));
#1377 = DIRECTION('',(-0.,0.,1.));
#1378 = PCURVE('',#1228,#1379);
#1379 = DEFINITIONAL_REPRESENTATION('',(#1380),#1384);
#1380 = LINE('',#1381,#1382);
#1381 = CARTESIAN_POINT('',(-1.570796326795,-11.36496166991));
#1382 = VECTOR('',#1383,1.);
#1383 = DIRECTION('',(-1.,0.));
#1384 = ( GEOMETRIC_REPRESENTATION_CONTEXT(2) 
PARAMETRIC_REPRESENTATION_CONTEXT() REPRESENTATION_CONTEXT('2D SPACE',''
  ) );
#1385 = PCURVE('',#1284,#1386);
#1386 = DEFINITIONAL_REPRESENTATION('',(#1387),#1391);
#1387 = LINE('',#1388,#1389);
#1388 = CARTESIAN_POINT('',(0.,2.375862614154));
#1389 = VECTOR('',#1390,1.);
#1390 = DIRECTION('',(1.,0.));
#1391 = ( GEOMETRIC_REPRESENTATION_CONTEXT(2) 
PARAMETRIC_REPRESENTATION_CONTEXT() REPRESENTATION_CONTEXT('2D SPACE',''
  ) );
#1392 = ADVANCED_FACE('',(#1393),#1284,.F.);
#1393 = FACE_BOUND('',#1394,.F.);
#1394 = EDGE_LOOP('',(#1395,#1396,#1418,#1419,#1420,#1421));
#1395 = ORIENTED_EDGE('',*,*,#1322,.T.);
#1396 = ORIENTED_EDGE('',*,*,#1397,.T.);
#1397 = EDGE_CURVE('',#1325,#1268,#1398,.T.);
#1398 = SEAM_CURVE('',#1399,(#1404,#1411),.PCURVE_S1.);
#1399 = CIRCLE('',#1400,4.8552);
#1400 = AXIS2_PLACEMENT_3D('',#1401,#1402,#1403);
#1401 = CARTESIAN_POINT('',(8.,5.633375276078E-15,23.));
#1402 = DIRECTION('',(0.,1.,-2.449293598295E-16));
#1403 = DIRECTION('',(0.,2.449293598295E-16,1.));
#1404 = PCURVE('',#1284,#1405);
#1405 = DEFINITIONAL_REPRESENTATION('',(#1406),#1410);
#1406 = LINE('',#1407,#1408);
#1407 = CARTESIAN_POINT('',(0.,-0.));
#1408 = VECTOR('',#1409,1.);
#1409 = DIRECTION('',(0.,1.));
#1410 = ( GEOMETRIC_REPRESENTATION_CONTEXT(2) 
PARAMETRIC_REPRESENTATION_CONTEXT() REPRESENTATION_CONTEXT('2D SPACE',''
  ) );
#1411 = PCURVE('',#1284,#1412);
#1412 = DEFINITIONAL_REPRESENTATION('',(#1413),#1417);
#1413 = LINE('',#1414,#1415);
#1414 = CARTESIAN_POINT('',(6.28318530718,-0.));
#1415 = VECTOR('',#1416,1.);
#1416 = DIRECTION('',(0.,1.));
#1417 = ( GEOMETRIC_REPRESENTATION_CONTEXT(2) 
PARAMETRIC_REPRESENTATION_CONTEXT() REPRESENTATION_CONTEXT('2D SPACE',''
  ) );
#1418 = ORIENTED_EDGE('',*,*,#1267,.F.);
#1419 = ORIENTED_EDGE('',*,*,#1296,.F.);
#1420 = ORIENTED_EDGE('',*,*,#1397,.F.);
#1421 = ORIENTED_EDGE('',*,*,#1371,.T.);
#1422 = ( GEOMETRIC_REPRESENTATION_CONTEXT(3) 
GLOBAL_UNCERTAINTY_ASSIGNED_CONTEXT((#1426)) 
GLOBAL_UNIT_ASSIGNED_CONTEXT((#1423,#1424,#1425)) REPRESENTATION_CONTEXT
('Context #1','3D Context with UNIT and UNCERTAINTY') );
#1423 = ( LENGTH_UNIT() NAMED_UNIT(*) SI_UNIT(.MILLI.,.METRE.) );
#1424 = ( NAMED_UNIT(*) PLANE_ANGLE_UNIT() SI_UNIT($,.RADIAN.) );
#1425 = ( NAMED_UNIT(*) SI_UNIT($,.STERADIAN.) SOLID_ANGLE_UNIT() );
#1426 = UNCERTAINTY_MEASURE_WITH_UNIT(LENGTH_MEASURE(1.E-07),#1423,
  'distance_accuracy_value','confusion accuracy');
#1427 = CONTEXT_DEPENDENT_SHAPE_REPRESENTATION(#1428,#1430);
#1428 = ( REPRESENTATION_RELATIONSHIP('','',#970,#10) 
REPRESENTATION_RELATIONSHIP_WITH_TRANSFORMATION(#1429) 
SHAPE_REPRESENTATION_RELATIONSHIP() );
#1429 = ITEM_DEFINED_TRANSFORMATION('','',#11,#19);
#1430 = PRODUCT_DEFINITION_SHAPE('Placement','Placement of an item',
  #1431);
#1431 = NEXT_ASSEMBLY_USAGE_OCCURRENCE('29','','',#5,#965,$);
#1432 = PRODUCT_RELATED_PRODUCT_CATEGORY('part',$,(#967));
#1433 = SHAPE_DEFINITION_REPRESENTATION(#1434,#1440);
#1434 = PRODUCT_DEFINITION_SHAPE('','',#1435);
#1435 = PRODUCT_DEFINITION('design','',#1436,#1439);
#1436 = PRODUCT_DEFINITION_FORMATION('','',#1437);
#1437 = PRODUCT('Open CASCADE STEP translator 7.9 11.3',
  'Open CASCADE STEP translator 7.9 11.3','',(#1438));
#1438 = PRODUCT_CONTEXT('',#2,'mechanical');
#1439 = PRODUCT_DEFINITION_CONTEXT('part definition',#2,'design');
#1440 = SHAPE_REPRESENTATION('',(#11,#1441,#1445,#1449,#1453,#1457,#1461
    ,#1465,#1469,#1473,#1477),#1481);
#1441 = AXIS2_PLACEMENT_3D('',#1442,#1443,#1444);
#1442 = CARTESIAN_POINT('',(0.,0.,0.));
#1443 = DIRECTION('',(0.,0.,1.));
#1444 = DIRECTION('',(1.,0.,-0.));
#1445 = AXIS2_PLACEMENT_3D('',#1446,#1447,#1448);
#1446 = CARTESIAN_POINT('',(0.,0.,0.));
#1447 = DIRECTION('',(0.,0.,1.));
#1448 = DIRECTION('',(1.,0.,-0.));
#1449 = AXIS2_PLACEMENT_3D('',#1450,#1451,#1452);
#1450 = CARTESIAN_POINT('',(0.,0.,0.));
#1451 = DIRECTION('',(0.,0.,1.));
#1452 = DIRECTION('',(1.,0.,-0.));
#1453 = AXIS2_PLACEMENT_3D('',#1454,#1455,#1456);
#1454 = CARTESIAN_POINT('',(0.,0.,0.));
#1455 = DIRECTION('',(0.,0.,1.));
#1456 = DIRECTION('',(1.,0.,-0.));
#1457 = AXIS2_PLACEMENT_3D('',#1458,#1459,#1460);
#1458 = CARTESIAN_POINT('',(0.,0.,0.));
#1459 = DIRECTION('',(0.,0.,1.));
#1460 = DIRECTION('',(1.,0.,-0.));
#1461 = AXIS2_PLACEMENT_3D('',#1462,#1463,#1464);
#1462 = CARTESIAN_POINT('',(0.,0.,0.));
#1463 = DIRECTION('',(0.,0.,1.));
#1464 = DIRECTION('',(1.,0.,-0.));
#1465 = AXIS2_PLACEMENT_3D('',#1466,#1467,#1468);
#1466 = CARTESIAN_POINT('',(0.,0.,0.));
#1467 = DIRECTION('',(0.,0.,1.));
#1468 = DIRECTION('',(1.,0.,-0.));
#1469 = AXIS2_PLACEMENT_3D('',#1470,#1471,#1472);
#1470 = CARTESIAN_POINT('',(0.,0.,0.));
#1471 = DIRECTION('',(0.,0.,1.));
#1472 = DIRECTION('',(1.,0.,-0.));
#1473 = AXIS2_PLACEMENT_3D('',#1474,#1475,#1476);
#1474 = CARTESIAN_POINT('',(0.,0.,0.));
#1475 = DIRECTION('',(0.,0.,1.));
#1476 = DIRECTION('',(1.,0.,-0.));
#1477 = AXIS2_PLACEMENT_3D('',#1478,#1479,#1480);
#1478 = CARTESIAN_POINT('',(0.,0.,0.));
#1479 = DIRECTION('',(0.,0.,1.));
#1480 = DIRECTION('',(1.,0.,-0.));
#1481 = ( GEOMETRIC_REPRESENTATION_CONTEXT(3) 
GLOBAL_UNCERTAINTY_ASSIGNED_CONTEXT((#1485)) 
GLOBAL_UNIT_ASSIGNED_CONTEXT((#1482,#1483,#1484)) REPRESENTATION_CONTEXT
('Context #1','3D Context with UNIT and UNCERTAINTY') );
#1482 = ( LENGTH_UNIT() NAMED_UNIT(*) SI_UNIT(.MILLI.,.METRE.) );
#1483 = ( NAMED_UNIT(*) PLANE_ANGLE_UNIT() SI_UNIT($,.RADIAN.) );
#1484 = ( NAMED_UNIT(*) SI_UNIT($,.STERADIAN.) SOLID_ANGLE_UNIT() );
#1485 = UNCERTAINTY_MEASURE_WITH_UNIT(LENGTH_MEASURE(1.E-07),#1482,
  'distance_accuracy_value','confusion accuracy');
#1486 = CONTEXT_DEPENDENT_SHAPE_REPRESENTATION(#1487,#1489);
#1487 = ( REPRESENTATION_RELATIONSHIP('','',#1440,#10) 
REPRESENTATION_RELATIONSHIP_WITH_TRANSFORMATION(#1488) 
SHAPE_REPRESENTATION_RELATIONSHIP() );
#1488 = ITEM_DEFINED_TRANSFORMATION('','',#11,#23);
#1489 = PRODUCT_DEFINITION_SHAPE('Placement','Placement of an item',
  #1490);
#1490 = NEXT_ASSEMBLY_USAGE_OCCURRENCE('40','','',#5,#1435,$);
#1491 = PRODUCT_RELATED_PRODUCT_CATEGORY('part',$,(#1437));
#1492 = SHAPE_DEFINITION_REPRESENTATION(#1493,#1499);
#1493 = PRODUCT_DEFINITION_SHAPE('','',#1494);
#1494 = PRODUCT_DEFINITION('design','',#1495,#1498);
#1495 = PRODUCT_DEFINITION_FORMATION('','',#1496);
#1496 = PRODUCT('Open CASCADE STEP translator 7.9 11.3.1',
  'Open CASCADE STEP translator 7.9 11.3.1','',(#1497));
#1497 = PRODUCT_CONTEXT('',#2,'mechanical');
#1498 = PRODUCT_DEFINITION_CONTEXT('part definition',#2,'design');
#1499 = ADVANCED_BREP_SHAPE_REPRESENTATION('',(#11,#1500),#1512);
#1500 = MANIFOLD_SOLID_BREP('',#1501);
#1501 = CLOSED_SHELL('',(#1502));
#1502 = ADVANCED_FACE('',(#1503),#1507,.T.);
#1503 = FACE_BOUND('',#1504,.T.);
#1504 = VERTEX_LOOP('',#1505);
#1505 = VERTEX_POINT('',#1506);
#1506 = CARTESIAN_POINT('',(8.,1.408343819019E-15,18.24));
#1507 = SPHERICAL_SURFACE('',#1508,4.76);
#1508 = AXIS2_PLACEMENT_3D('',#1509,#1510,#1511);
#1509 = CARTESIAN_POINT('',(8.,1.408343819019E-15,23.));
#1510 = DIRECTION('',(0.,0.,1.));
#1511 = DIRECTION('',(1.,0.,-0.));
#1512 = ( GEOMETRIC_REPRESENTATION_CONTEXT(3) 
GLOBAL_UNCERTAINTY_ASSIGNED_CONTEXT((#1516)) 
GLOBAL_UNIT_ASSIGNED_CONTEXT((#1513,#1514,#1515)) REPRESENTATION_CONTEXT
('Context #1','3D Context with UNIT and UNCERTAINTY') );
#1513 = ( LENGTH_UNIT() NAMED_UNIT(*) SI_UNIT(.MILLI.,.METRE.) );
#1514 = ( NAMED_UNIT(*) PLANE_ANGLE_UNIT() SI_UNIT($,.RADIAN.) );
#1515 = ( NAMED_UNIT(*) SI_UNIT($,.STERADIAN.) SOLID_ANGLE_UNIT() );
#1516 = UNCERTAINTY_MEASURE_WITH_UNIT(LENGTH_MEASURE(1.E-07),#1513,
  'distance_accuracy_value','confusion accuracy');
#1517 = CONTEXT_DEPENDENT_SHAPE_REPRESENTATION(#1518,#1520);
#1518 = ( REPRESENTATION_RELATIONSHIP('','',#1499,#1440) 
REPRESENTATION_RELATIONSHIP_WITH_TRANSFORMATION(#1519) 
SHAPE_REPRESENTATION_RELATIONSHIP() );
#1519 = ITEM_DEFINED_TRANSFORMATION('','',#11,#1441);
#1520 = PRODUCT_DEFINITION_SHAPE('Placement','Placement of an item',
  #1521);
#1521 = NEXT_ASSEMBLY_USAGE_OCCURRENCE('30','','',#1435,#1494,$);
#1522 = PRODUCT_RELATED_PRODUCT_CATEGORY('part',$,(#1496));
#1523 = SHAPE_DEFINITION_REPRESENTATION(#1524,#1530);
#1524 = PRODUCT_DEFINITION_SHAPE('','',#1525);
#1525 = PRODUCT_DEFINITION('design','',#1526,#1529);
#1526 = PRODUCT_DEFINITION_FORMATION('','',#1527);
#1527 = PRODUCT('Open CASCADE STEP translator 7.9 11.3.2',
  'Open CASCADE STEP translator 7.9 11.3.2','',(#1528));
#1528 = PRODUCT_CONTEXT('',#2,'mechanical');
#1529 = PRODUCT_DEFINITION_CONTEXT('part definition',#2,'design');
#1530 = ADVANCED_BREP_SHAPE_REPRESENTATION('',(#11,#1531),#1543);
#1531 = MANIFOLD_SOLID_BREP('',#1532);
#1532 = CLOSED_SHELL('',(#1533));
#1533 = ADVANCED_FACE('',(#1534),#1538,.T.);
#1534 = FACE_BOUND('',#1535,.T.);
#1535 = VERTEX_LOOP('',#1536);
#1536 = VERTEX_POINT('',#1537);
#1537 = CARTESIAN_POINT('',(8.,-13.51906080272,13.847390870624));
#1538 = SPHERICAL_SURFACE('',#1539,4.76);
#1539 = AXIS2_PLACEMENT_3D('',#1540,#1541,#1542);
#1540 = CARTESIAN_POINT('',(8.,-13.51906080272,18.607390870624));
#1541 = DIRECTION('',(0.,0.,1.));
#1542 = DIRECTION('',(1.,0.,-0.));
#1543 = ( GEOMETRIC_REPRESENTATION_CONTEXT(3) 
GLOBAL_UNCERTAINTY_ASSIGNED_CONTEXT((#1547)) 
GLOBAL_UNIT_ASSIGNED_CONTEXT((#1544,#1545,#1546)) REPRESENTATION_CONTEXT
('Context #1','3D Context with UNIT and UNCERTAINTY') );
#1544 = ( LENGTH_UNIT() NAMED_UNIT(*) SI_UNIT(.MILLI.,.METRE.) );
#1545 = ( NAMED_UNIT(*) PLANE_ANGLE_UNIT() SI_UNIT($,.RADIAN.) );
#1546 = ( NAMED_UNIT(*) SI_UNIT($,.STERADIAN.) SOLID_ANGLE_UNIT() );
#1547 = UNCERTAINTY_MEASURE_WITH_UNIT(LENGTH_MEASURE(1.E-07),#1544,
  'distance_accuracy_value','confusion accuracy');
#1548 = CONTEXT_DEPENDENT_SHAPE_REPRESENTATION(#1549,#1551);
#1549 = ( REPRESENTATION_RELATIONSHIP('','',#1530,#1440) 
REPRESENTATION_RELATIONSHIP_WITH_TRANSFORMATION(#1550) 
SHAPE_REPRESENTATION_RELATIONSHIP() );
#1550 = ITEM_DEFINED_TRANSFORMATION('','',#11,#1445);
#1551 = PRODUCT_DEFINITION_SHAPE('Placement','Placement of an item',
  #1552);
#1552 = NEXT_ASSEMBLY_USAGE_OCCURRENCE('31','','',#1435,#1525,$);
#1553 = PRODUCT_RELATED_PRODUCT_CATEGORY('part',$,(#1527));
#1554 = SHAPE_DEFINITION_REPRESENTATION(#1555,#1561);
#1555 = PRODUCT_DEFINITION_SHAPE('','',#1556);
#1556 = PRODUCT_DEFINITION('design','',#1557,#1560);
#1557 = PRODUCT_DEFINITION_FORMATION('','',#1558);
#1558 = PRODUCT('Open CASCADE STEP translator 7.9 11.3.3',
  'Open CASCADE STEP translator 7.9 11.3.3','',(#1559));
#1559 = PRODUCT_CONTEXT('',#2,'mechanical');
#1560 = PRODUCT_DEFINITION_CONTEXT('part definition',#2,'design');
#1561 = ADVANCED_BREP_SHAPE_REPRESENTATION('',(#11,#1562),#1574);
#1562 = MANIFOLD_SOLID_BREP('',#1563);
#1563 = CLOSED_SHELL('',(#1564));
#1564 = ADVANCED_FACE('',(#1565),#1569,.T.);
#1565 = FACE_BOUND('',#1566,.T.);
#1566 = VERTEX_LOOP('',#1567);
#1567 = VERTEX_POINT('',#1568);
#1568 = CARTESIAN_POINT('',(8.,-21.87429987478,2.347390870624));
#1569 = SPHERICAL_SURFACE('',#1570,4.76);
#1570 = AXIS2_PLACEMENT_3D('',#1571,#1572,#1573);
#1571 = CARTESIAN_POINT('',(8.,-21.87429987478,7.107390870624));
#1572 = DIRECTION('',(0.,0.,1.));
#1573 = DIRECTION('',(1.,0.,-0.));
#1574 = ( GEOMETRIC_REPRESENTATION_CONTEXT(3) 
GLOBAL_UNCERTAINTY_ASSIGNED_CONTEXT((#1578)) 
GLOBAL_UNIT_ASSIGNED_CONTEXT((#1575,#1576,#1577)) REPRESENTATION_CONTEXT
('Context #1','3D Context with UNIT and UNCERTAINTY') );
#1575 = ( LENGTH_UNIT() NAMED_UNIT(*) SI_UNIT(.MILLI.,.METRE.) );
#1576 = ( NAMED_UNIT(*) PLANE_ANGLE_UNIT() SI_UNIT($,.RADIAN.) );
#1577 = ( NAMED_UNIT(*) SI_UNIT($,.STERADIAN.) SOLID_ANGLE_UNIT() );
#1578 = UNCERTAINTY_MEASURE_WITH_UNIT(LENGTH_MEASURE(1.E-07),#1575,
  'distance_accuracy_value','confusion accuracy');
#1579 = CONTEXT_DEPENDENT_SHAPE_REPRESENTATION(#1580,#1582);
#1580 = ( REPRESENTATION_RELATIONSHIP('','',#1561,#1440) 
REPRESENTATION_RELATIONSHIP_WITH_TRANSFORMATION(#1581) 
SHAPE_REPRESENTATION_RELATIONSHIP() );
#1581 = ITEM_DEFINED_TRANSFORMATION('','',#11,#1449);
#1582 = PRODUCT_DEFINITION_SHAPE('Placement','Placement of an item',
  #1583);
#1583 = NEXT_ASSEMBLY_USAGE_OCCURRENCE('32','','',#1435,#1556,$);
#1584 = PRODUCT_RELATED_PRODUCT_CATEGORY('part',$,(#1558));
#1585 = SHAPE_DEFINITION_REPRESENTATION(#1586,#1592);
#1586 = PRODUCT_DEFINITION_SHAPE('','',#1587);
#1587 = PRODUCT_DEFINITION('design','',#1588,#1591);
#1588 = PRODUCT_DEFINITION_FORMATION('','',#1589);
#1589 = PRODUCT('Open CASCADE STEP translator 7.9 11.3.4',
  'Open CASCADE STEP translator 7.9 11.3.4','',(#1590));
#1590 = PRODUCT_CONTEXT('',#2,'mechanical');
#1591 = PRODUCT_DEFINITION_CONTEXT('part definition',#2,'design');
#1592 = ADVANCED_BREP_SHAPE_REPRESENTATION('',(#11,#1593),#1605);
#1593 = MANIFOLD_SOLID_BREP('',#1594);
#1594 = CLOSED_SHELL('',(#1595));
#1595 = ADVANCED_FACE('',(#1596),#1600,.T.);
#1596 = FACE_BOUND('',#1597,.T.);
#1597 = VERTEX_LOOP('',#1598);
#1598 = VERTEX_POINT('',#1599);
#1599 = CARTESIAN_POINT('',(8.,-21.87429987478,-11.86739087062));
#1600 = SPHERICAL_SURFACE('',#1601,4.76);
#1601 = AXIS2_PLACEMENT_3D('',#1602,#1603,#1604);
#1602 = CARTESIAN_POINT('',(8.,-21.87429987478,-7.107390870624));
#1603 = DIRECTION('',(0.,0.,1.));
#1604 = DIRECTION('',(1.,0.,-0.));
#1605 = ( GEOMETRIC_REPRESENTATION_CONTEXT(3) 
GLOBAL_UNCERTAINTY_ASSIGNED_CONTEXT((#1609)) 
GLOBAL_UNIT_ASSIGNED_CONTEXT((#1606,#1607,#1608)) REPRESENTATION_CONTEXT
('Context #1','3D Context with UNIT and UNCERTAINTY') );
#1606 = ( LENGTH_UNIT() NAMED_UNIT(*) SI_UNIT(.MILLI.,.METRE.) );
#1607 = ( NAMED_UNIT(*) PLANE_ANGLE_UNIT() SI_UNIT($,.RADIAN.) );
#1608 = ( NAMED_UNIT(*) SI_UNIT($,.STERADIAN.) SOLID_ANGLE_UNIT() );
#1609 = UNCERTAINTY_MEASURE_WITH_UNIT(LENGTH_MEASURE(1.E-07),#1606,
  'distance_accuracy_value','confusion accuracy');
#1610 = CONTEXT_DEPENDENT_SHAPE_REPRESENTATION(#1611,#1613);
#1611 = ( REPRESENTATION_RELATIONSHIP('','',#1592,#1440) 
REPRESENTATION_RELATIONSHIP_WITH_TRANSFORMATION(#1612) 
SHAPE_REPRESENTATION_RELATIONSHIP() );
#1612 = ITEM_DEFINED_TRANSFORMATION('','',#11,#1453);
#1613 = PRODUCT_DEFINITION_SHAPE('Placement','Placement of an item',
  #1614);
#1614 = NEXT_ASSEMBLY_USAGE_OCCURRENCE('33','','',#1435,#1587,$);
#1615 = PRODUCT_RELATED_PRODUCT_CATEGORY('part',$,(#1589));
#1616 = SHAPE_DEFINITION_REPRESENTATION(#1617,#1623);
#1617 = PRODUCT_DEFINITION_SHAPE('','',#1618);
#1618 = PRODUCT_DEFINITION('design','',#1619,#1622);
#1619 = PRODUCT_DEFINITION_FORMATION('','',#1620);
#1620 = PRODUCT('Open CASCADE STEP translator 7.9 11.3.5',
  'Open CASCADE STEP translator 7.9 11.3.5','',(#1621));
#1621 = PRODUCT_CONTEXT('',#2,'mechanical');
#1622 = PRODUCT_DEFINITION_CONTEXT('part definition',#2,'design');
#1623 = ADVANCED_BREP_SHAPE_REPRESENTATION('',(#11,#1624),#1636);
#1624 = MANIFOLD_SOLID_BREP('',#1625);
#1625 = CLOSED_SHELL('',(#1626));
#1626 = ADVANCED_FACE('',(#1627),#1631,.T.);
#1627 = FACE_BOUND('',#1628,.T.);
#1628 = VERTEX_LOOP('',#1629);
#1629 = VERTEX_POINT('',#1630);
#1630 = CARTESIAN_POINT('',(8.,-13.51906080272,-23.36739087062));
#1631 = SPHERICAL_SURFACE('',#1632,4.76);
#1632 = AXIS2_PLACEMENT_3D('',#1633,#1634,#1635);
#1633 = CARTESIAN_POINT('',(8.,-13.51906080272,-18.60739087062));
#1634 = DIRECTION('',(0.,0.,1.));
#1635 = DIRECTION('',(1.,0.,-0.));
#1636 = ( GEOMETRIC_REPRESENTATION_CONTEXT(3) 
GLOBAL_UNCERTAINTY_ASSIGNED_CONTEXT((#1640)) 
GLOBAL_UNIT_ASSIGNED_CONTEXT((#1637,#1638,#1639)) REPRESENTATION_CONTEXT
('Context #1','3D Context with UNIT and UNCERTAINTY') );
#1637 = ( LENGTH_UNIT() NAMED_UNIT(*) SI_UNIT(.MILLI.,.METRE.) );
#1638 = ( NAMED_UNIT(*) PLANE_ANGLE_UNIT() SI_UNIT($,.RADIAN.) );
#1639 = ( NAMED_UNIT(*) SI_UNIT($,.STERADIAN.) SOLID_ANGLE_UNIT() );
#1640 = UNCERTAINTY_MEASURE_WITH_UNIT(LENGTH_MEASURE(1.E-07),#1637,
  'distance_accuracy_value','confusion accuracy');
#1641 = CONTEXT_DEPENDENT_SHAPE_REPRESENTATION(#1642,#1644);
#1642 = ( REPRESENTATION_RELATIONSHIP('','',#1623,#1440) 
REPRESENTATION_RELATIONSHIP_WITH_TRANSFORMATION(#1643) 
SHAPE_REPRESENTATION_RELATIONSHIP() );
#1643 = ITEM_DEFINED_TRANSFORMATION('','',#11,#1457);
#1644 = PRODUCT_DEFINITION_SHAPE('Placement','Placement of an item',
  #1645);
#1645 = NEXT_ASSEMBLY_USAGE_OCCURRENCE('34','','',#1435,#1618,$);
#1646 = PRODUCT_RELATED_PRODUCT_CATEGORY('part',$,(#1620));
#1647 = SHAPE_DEFINITION_REPRESENTATION(#1648,#1654);
#1648 = PRODUCT_DEFINITION_SHAPE('','',#1649);
#1649 = PRODUCT_DEFINITION('design','',#1650,#1653);
#1650 = PRODUCT_DEFINITION_FORMATION('','',#1651);
#1651 = PRODUCT('Open CASCADE STEP translator 7.9 11.3.6',
  'Open CASCADE STEP translator 7.9 11.3.6','',(#1652));
#1652 = PRODUCT_CONTEXT('',#2,'mechanical');
#1653 = PRODUCT_DEFINITION_CONTEXT('part definition',#2,'design');
#1654 = ADVANCED_BREP_SHAPE_REPRESENTATION('',(#11,#1655),#1667);
#1655 = MANIFOLD_SOLID_BREP('',#1656);
#1656 = CLOSED_SHELL('',(#1657));
#1657 = ADVANCED_FACE('',(#1658),#1662,.T.);
#1658 = FACE_BOUND('',#1659,.T.);
#1659 = VERTEX_LOOP('',#1660);
#1660 = VERTEX_POINT('',#1661);
#1661 = CARTESIAN_POINT('',(8.,-4.225031457058E-15,-27.76));
#1662 = SPHERICAL_SURFACE('',#1663,4.76);
#1663 = AXIS2_PLACEMENT_3D('',#1664,#1665,#1666);
#1664 = CARTESIAN_POINT('',(8.,-4.225031457058E-15,-23.));
#1665 = DIRECTION('',(0.,0.,1.));
#1666 = DIRECTION('',(1.,0.,-0.));
#1667 = ( GEOMETRIC_REPRESENTATION_CONTEXT(3) 
GLOBAL_UNCERTAINTY_ASSIGNED_CONTEXT((#1671)) 
GLOBAL_UNIT_ASSIGNED_CONTEXT((#1668,#1669,#1670)) REPRESENTATION_CONTEXT
('Context #1','3D Context with UNIT and UNCERTAINTY') );
#1668 = ( LENGTH_UNIT() NAMED_UNIT(*) SI_UNIT(.MILLI.,.METRE.) );
#1669 = ( NAMED_UNIT(*) PLANE_ANGLE_UNIT() SI_UNIT($,.RADIAN.) );
#1670 = ( NAMED_UNIT(*) SI_UNIT($,.STERADIAN.) SOLID_ANGLE_UNIT() );
#1671 = UNCERTAINTY_MEASURE_WITH_UNIT(LENGTH_MEASURE(1.E-07),#1668,
  'distance_accuracy_value','confusion accuracy');
#1672 = CONTEXT_DEPENDENT_SHAPE_REPRESENTATION(#1673,#1675);
#1673 = ( REPRESENTATION_RELATIONSHIP('','',#1654,#1440) 
REPRESENTATION_RELATIONSHIP_WITH_TRANSFORMATION(#1674) 
SHAPE_REPRESENTATION_RELATIONSHIP() );
#1674 = ITEM_DEFINED_TRANSFORMATION('','',#11,#1461);
#1675 = PRODUCT_DEFINITION_SHAPE('Placement','Placement of an item',
  #1676);
#1676 = NEXT_ASSEMBLY_USAGE_OCCURRENCE('35','','',#1435,#1649,$);
#1677 = PRODUCT_RELATED_PRODUCT_CATEGORY('part',$,(#1651));
#1678 = SHAPE_DEFINITION_REPRESENTATION(#1679,#1685);
#1679 = PRODUCT_DEFINITION_SHAPE('','',#1680);
#1680 = PRODUCT_DEFINITION('design','',#1681,#1684);
#1681 = PRODUCT_DEFINITION_FORMATION('','',#1682);
#1682 = PRODUCT('Open CASCADE STEP translator 7.9 11.3.7',
  'Open CASCADE STEP translator 7.9 11.3.7','',(#1683));
#1683 = PRODUCT_CONTEXT('',#2,'mechanical');
#1684 = PRODUCT_DEFINITION_CONTEXT('part definition',#2,'design');
#1685 = ADVANCED_BREP_SHAPE_REPRESENTATION('',(#11,#1686),#1698);
#1686 = MANIFOLD_SOLID_BREP('',#1687);
#1687 = CLOSED_SHELL('',(#1688));
#1688 = ADVANCED_FACE('',(#1689),#1693,.T.);
#1689 = FACE_BOUND('',#1690,.T.);
#1690 = VERTEX_LOOP('',#1691);
#1691 = VERTEX_POINT('',#1692);
#1692 = CARTESIAN_POINT('',(8.,13.519060802727,-23.36739087062));
#1693 = SPHERICAL_SURFACE('',#1694,4.76);
#1694 = AXIS2_PLACEMENT_3D('',#1695,#1696,#1697);
#1695 = CARTESIAN_POINT('',(8.,13.519060802727,-18.60739087062));
#1696 = DIRECTION('',(0.,0.,1.));
#1697 = DIRECTION('',(1.,0.,-0.));
#1698 = ( GEOMETRIC_REPRESENTATION_CONTEXT(3) 
GLOBAL_UNCERTAINTY_ASSIGNED_CONTEXT((#1702)) 
GLOBAL_UNIT_ASSIGNED_CONTEXT((#1699,#1700,#1701)) REPRESENTATION_CONTEXT
('Context #1','3D Context with UNIT and UNCERTAINTY') );
#1699 = ( LENGTH_UNIT() NAMED_UNIT(*) SI_UNIT(.MILLI.,.METRE.) );
#1700 = ( NAMED_UNIT(*) PLANE_ANGLE_UNIT() SI_UNIT($,.RADIAN.) );
#1701 = ( NAMED_UNIT(*) SI_UNIT($,.STERADIAN.) SOLID_ANGLE_UNIT() );
#1702 = UNCERTAINTY_MEASURE_WITH_UNIT(LENGTH_MEASURE(1.E-07),#1699,
  'distance_accuracy_value','confusion accuracy');
#1703 = CONTEXT_DEPENDENT_SHAPE_REPRESENTATION(#1704,#1706);
#1704 = ( REPRESENTATION_RELATIONSHIP('','',#1685,#1440) 
REPRESENTATION_RELATIONSHIP_WITH_TRANSFORMATION(#1705) 
SHAPE_REPRESENTATION_RELATIONSHIP() );
#1705 = ITEM_DEFINED_TRANSFORMATION('','',#11,#1465);
#1706 = PRODUCT_DEFINITION_SHAPE('Placement','Placement of an item',
  #1707);
#1707 = NEXT_ASSEMBLY_USAGE_OCCURRENCE('36','','',#1435,#1680,$);
#1708 = PRODUCT_RELATED_PRODUCT_CATEGORY('part',$,(#1682));
#1709 = SHAPE_DEFINITION_REPRESENTATION(#1710,#1716);
#1710 = PRODUCT_DEFINITION_SHAPE('','',#1711);
#1711 = PRODUCT_DEFINITION('design','',#1712,#1715);
#1712 = PRODUCT_DEFINITION_FORMATION('','',#1713);
#1713 = PRODUCT('Open CASCADE STEP translator 7.9 11.3.8',
  'Open CASCADE STEP translator 7.9 11.3.8','',(#1714));
#1714 = PRODUCT_CONTEXT('',#2,'mechanical');
#1715 = PRODUCT_DEFINITION_CONTEXT('part definition',#2,'design');
#1716 = ADVANCED_BREP_SHAPE_REPRESENTATION('',(#11,#1717),#1729);
#1717 = MANIFOLD_SOLID_BREP('',#1718);
#1718 = CLOSED_SHELL('',(#1719));
#1719 = ADVANCED_FACE('',(#1720),#1724,.T.);
#1720 = FACE_BOUND('',#1721,.T.);
#1721 = VERTEX_LOOP('',#1722);
#1722 = VERTEX_POINT('',#1723);
#1723 = CARTESIAN_POINT('',(8.,21.874299874789,-11.86739087062));
#1724 = SPHERICAL_SURFACE('',#1725,4.76);
#1725 = AXIS2_PLACEMENT_3D('',#1726,#1727,#1728);
#1726 = CARTESIAN_POINT('',(8.,21.874299874789,-7.107390870624));
#1727 = DIRECTION('',(0.,0.,1.));
#1728 = DIRECTION('',(1.,0.,-0.));
#1729 = ( GEOMETRIC_REPRESENTATION_CONTEXT(3) 
GLOBAL_UNCERTAINTY_ASSIGNED_CONTEXT((#1733)) 
GLOBAL_UNIT_ASSIGNED_CONTEXT((#1730,#1731,#1732)) REPRESENTATION_CONTEXT
('Context #1','3D Context with UNIT and UNCERTAINTY') );
#1730 = ( LENGTH_UNIT() NAMED_UNIT(*) SI_UNIT(.MILLI.,.METRE.) );
#1731 = ( NAMED_UNIT(*) PLANE_ANGLE_UNIT() SI_UNIT($,.RADIAN.) );
#1732 = ( NAMED_UNIT(*) SI_UNIT($,.STERADIAN.) SOLID_ANGLE_UNIT() );
#1733 = UNCERTAINTY_MEASURE_WITH_UNIT(LENGTH_MEASURE(1.E-07),#1730,
  'distance_accuracy_value','confusion accuracy');
#1734 = CONTEXT_DEPENDENT_SHAPE_REPRESENTATION(#1735,#1737);
#1735 = ( REPRESENTATION_RELATIONSHIP('','',#1716,#1440) 
REPRESENTATION_RELATIONSHIP_WITH_TRANSFORMATION(#1736) 
SHAPE_REPRESENTATION_RELATIONSHIP() );
#1736 = ITEM_DEFINED_TRANSFORMATION('','',#11,#1469);
#1737 = PRODUCT_DEFINITION_SHAPE('Placement','Placement of an item',
  #1738);
#1738 = NEXT_ASSEMBLY_USAGE_OCCURRENCE('37','','',#1435,#1711,$);
#1739 = PRODUCT_RELATED_PRODUCT_CATEGORY('part',$,(#1713));
#1740 = SHAPE_DEFINITION_REPRESENTATION(#1741,#1747);
#1741 = PRODUCT_DEFINITION_SHAPE('','',#1742);
#1742 = PRODUCT_DEFINITION('design','',#1743,#1746);
#1743 = PRODUCT_DEFINITION_FORMATION('','',#1744);
#1744 = PRODUCT('Open CASCADE STEP translator 7.9 11.3.9',
  'Open CASCADE STEP translator 7.9 11.3.9','',(#1745));
#1745 = PRODUCT_CONTEXT('',#2,'mechanical');
#1746 = PRODUCT_DEFINITION_CONTEXT('part definition',#2,'design');
#1747 = ADVANCED_BREP_SHAPE_REPRESENTATION('',(#11,#1748),#1760);
#1748 = MANIFOLD_SOLID_BREP('',#1749);
#1749 = CLOSED_SHELL('',(#1750));
#1750 = ADVANCED_FACE('',(#1751),#1755,.T.);
#1751 = FACE_BOUND('',#1752,.T.);
#1752 = VERTEX_LOOP('',#1753);
#1753 = VERTEX_POINT('',#1754);
#1754 = CARTESIAN_POINT('',(8.,21.874299874789,2.347390870624));
#1755 = SPHERICAL_SURFACE('',#1756,4.76);
#1756 = AXIS2_PLACEMENT_3D('',#1757,#1758,#1759);
#1757 = CARTESIAN_POINT('',(8.,21.874299874789,7.107390870624));
#1758 = DIRECTION('',(0.,0.,1.));
#1759 = DIRECTION('',(1.,0.,-0.));
#1760 = ( GEOMETRIC_REPRESENTATION_CONTEXT(3) 
GLOBAL_UNCERTAINTY_ASSIGNED_CONTEXT((#1764)) 
GLOBAL_UNIT_ASSIGNED_CONTEXT((#1761,#1762,#1763)) REPRESENTATION_CONTEXT
('Context #1','3D Context with UNIT and UNCERTAINTY') );
#1761 = ( LENGTH_UNIT() NAMED_UNIT(*) SI_UNIT(.MILLI.,.METRE.) );
#1762 = ( NAMED_UNIT(*) PLANE_ANGLE_UNIT() SI_UNIT($,.RADIAN.) );
#1763 = ( NAMED_UNIT(*) SI_UNIT($,.STERADIAN.) SOLID_ANGLE_UNIT() );
#1764 = UNCERTAINTY_MEASURE_WITH_UNIT(LENGTH_MEASURE(1.E-07),#1761,
  'distance_accuracy_value','confusion accuracy');
#1765 = CONTEXT_DEPENDENT_SHAPE_REPRESENTATION(#1766,#1768);
#1766 = ( REPRESENTATION_RELATIONSHIP('','',#1747,#1440) 
REPRESENTATION_RELATIONSHIP_WITH_TRANSFORMATION(#1767) 
SHAPE_REPRESENTATION_RELATIONSHIP() );
#1767 = ITEM_DEFINED_TRANSFORMATION('','',#11,#1473);
#1768 = PRODUCT_DEFINITION_SHAPE('Placement','Placement of an item',
  #1769);
#1769 = NEXT_ASSEMBLY_USAGE_OCCURRENCE('38','','',#1435,#1742,$);
#1770 = PRODUCT_RELATED_PRODUCT_CATEGORY('part',$,(#1744));
#1771 = SHAPE_DEFINITION_REPRESENTATION(#1772,#1778);
#1772 = PRODUCT_DEFINITION_SHAPE('','',#1773);
#1773 = PRODUCT_DEFINITION('design','',#1774,#1777);
#1774 = PRODUCT_DEFINITION_FORMATION('','',#1775);
#1775 = PRODUCT('Open CASCADE STEP translator 7.9 11.3.10',
  'Open CASCADE STEP translator 7.9 11.3.10','',(#1776));
#1776 = PRODUCT_CONTEXT('',#2,'mechanical');
#1777 = PRODUCT_DEFINITION_CONTEXT('part definition',#2,'design');
#1778 = ADVANCED_BREP_SHAPE_REPRESENTATION('',(#11,#1779),#1791);
#1779 = MANIFOLD_SOLID_BREP('',#1780);
#1780 = CLOSED_SHELL('',(#1781));
#1781 = ADVANCED_FACE('',(#1782),#1786,.T.);
#1782 = FACE_BOUND('',#1783,.T.);
#1783 = VERTEX_LOOP('',#1784);
#1784 = VERTEX_POINT('',#1785);
#1785 = CARTESIAN_POINT('',(8.,13.519060802727,13.847390870624));
#1786 = SPHERICAL_SURFACE('',#1787,4.76);
#1787 = AXIS2_PLACEMENT_3D('',#1788,#1789,#1790);
#1788 = CARTESIAN_POINT('',(8.,13.519060802727,18.607390870624));
#1789 = DIRECTION('',(0.,0.,1.));
#1790 = DIRECTION('',(1.,0.,-0.));
#1791 = ( GEOMETRIC_REPRESENTATION_CONTEXT(3) 
GLOBAL_UNCERTAINTY_ASSIGNED_CONTEXT((#1795)) 
GLOBAL_UNIT_ASSIGNED_CONTEXT((#1792,#1793,#1794)) REPRESENTATION_CONTEXT
('Context #1','3D Context with UNIT and UNCERTAINTY') );
#1792 = ( LENGTH_UNIT() NAMED_UNIT(*) SI_UNIT(.MILLI.,.METRE.) );
#1793 = ( NAMED_UNIT(*) PLANE_ANGLE_UNIT() SI_UNIT($,.RADIAN.) );
#1794 = ( NAMED_UNIT(*) SI_UNIT($,.STERADIAN.) SOLID_ANGLE_UNIT() );
#1795 = UNCERTAINTY_MEASURE_WITH_UNIT(LENGTH_MEASURE(1.E-07),#1792,
  'distance_accuracy_value','confusion accuracy');
#1796 = CONTEXT_DEPENDENT_SHAPE_REPRESENTATION(#1797,#1799);
#1797 = ( REPRESENTATION_RELATIONSHIP('','',#1778,#1440) 
REPRESENTATION_RELATIONSHIP_WITH_TRANSFORMATION(#1798) 
SHAPE_REPRESENTATION_RELATIONSHIP() );
#1798 = ITEM_DEFINED_TRANSFORMATION('','',#11,#1477);
#1799 = PRODUCT_DEFINITION_SHAPE('Placement','Placement of an item',
  #1800);
#1800 = NEXT_ASSEMBLY_USAGE_OCCURRENCE('39','','',#1435,#1773,$);
#1801 = PRODUCT_RELATED_PRODUCT_CATEGORY('part',$,(#1775));
ENDSEC;
END-ISO-10303-21;
